title,text,movie,final_annotation,Unnamed: 4,round1,combined
When did you realize Barbillion would happen?,"Barbillion believers, what convinced you that Barbie will hit the 1b club?",barbie,BOX_OFFICE,VIEWING_FORMAT,BOX_OFFICE_SOLO,"when did you realize barbillion would happen?. barbillion believers, what convinced you that barbie will hit the 1b club?"
"The pre-sale of Barbie in Brazil is crazy. That's 16 times more than Fast &amp; Furious 10 pre-orders (biggest domestic debut of the year), The Flash, The Little Mermaid and Spider-Man at the same point.",Via- BOT,barbie,BOX_OFFICE,,BOX_OFFICE_SOLO,"the pre-sale of barbie in brazil is crazy. that's 16 times more than fast &amp; furious 10 pre-orders (biggest domestic debut of the year), the flash, the little mermaid and spider-man at the same point.. via- bot"
"Now that Oppenheimer has an A Cinemascore, what are your domestic total predictions?",Title,oppenheimer,BOX_OFFICE,,BOX_OFFICE_SOLO,"now that oppenheimer has an a cinemascore, what are your domestic total predictions?. title"
Mission Impossible Underperformance,"It’s looking like Mission Impossible might underperform, but should this be judged this way. I just checked Fallout and the budget was 175 million as opposed to 290 million for the newest one, Covid clearly effected the budget for the newest one. Should the movies performance be judged as an outlier in that case?",mission_impossible,BOX_OFFICE,,BARBENHEIMER_VS_OTHERS,"mission impossible underperformance. it’s looking like mission impossible might underperform, but should this be judged this way. i just checked fallout and the budget was 175 million as opposed to 290 million for the newest one, covid clearly effected the budget for the newest one. should the movies performance be judged as an outlier in that case?"
Best opening day of 2023 for Barbie in Italy!,It beats Mario which opened with opened with 1.256.759 €,barbie,BOX_OFFICE,,BOX_OFFICE_SOLO,best opening day of 2023 for barbie in italy!. it beats mario which opened with opened with 1.256.759 €
How much will Barbie do in overseas markets combined? Is 800-million internationally possible?,I believe it will get to 600+ this weekend but is 800-million possible?,barbie,BOX_OFFICE,,BOX_OFFICE_SOLO,how much will barbie do in overseas markets combined? is 800-million internationally possible?. i believe it will get to 600+ this weekend but is 800-million possible?
My theaters numbers for today. BARBIE is our biggest opening day ever (theater has been open since 2002). Oppenheimer has a pretty good start and very strong hold for Sound of Freedom. Everything else are second choices for sell out from Barbie. [see comparison in comments],"I wanted to share this because BARBIE is the #1 opening day EVER for my theater by quite the margin. Listed below are recent blockbuster opening days. I haven’t posted in recent weeks because I discourage any political commentary for Sound of Freedom. It’s all about the numbers, not about the movies or actors involved themselves. Everything else did respectable numbers because people got sold out of Barbie.",barbie,BOX_OFFICE,,BOX_OFFICE_SOLO,"my theaters numbers for today. barbie is our biggest opening day ever (theater has been open since 2002). oppenheimer has a pretty good start and very strong hold for sound of freedom. everything else are second choices for sell out from barbie. [see comparison in comments]. i wanted to share this because barbie is the #1 opening day ever for my theater by quite the margin. listed below are recent blockbuster opening days. i haven’t posted in recent weeks because i discourage any political commentary for sound of freedom. it’s all about the numbers, not about the movies or actors involved themselves. everything else did respectable numbers because people got sold out of barbie."
"Barbie will be a blockbuster, judging from open caption presales.","The open caption presales for Barbie just rose to a 5.06 ticket to screentime ratio.  So far, 1,507 tickets sold for 298 open caption screentimes. So it has already hit the 5.0 ticket to screentime threshold to qualify as a blockbuster. 

What is it about the Barbie movie that makes people want to see it? Speaking for myself only, I see the picture used to promote the movie on theater sites and it just looks like a fun movie. That's what it looks like based on the picture alone without regard for the trailers. Who doesn't want to see a fun movie?",barbie,BOX_OFFICE,,BOX_OFFICE_SOLO,"barbie will be a blockbuster, judging from open caption presales.. the open caption presales for barbie just rose to a 5.06 ticket to screentime ratio.  so far, 1,507 tickets sold for 298 open caption screentimes. so it has already hit the 5.0 ticket to screentime threshold to qualify as a blockbuster. 

what is it about the barbie movie that makes people want to see it? speaking for myself only, i see the picture used to promote the movie on theater sites and it just looks like a fun movie. that's what it looks like based on the picture alone without regard for the trailers. who doesn't want to see a fun movie?"
What's with all the people claiming that they think Barbie could do a billion?,"Yes it's a social media meme, Yes there's tons of well known actors in it but I just don't think it'll make that much. Both Barbie and Oppenheimer will do strong numbers and the double feature meme and strong marketing of the two movies is helping both movies for sure but neither will make a billion. Both will probably make around 500M WW",barbie,BOX_OFFICE,,BOX_OFFICE_SOLO,"what's with all the people claiming that they think barbie could do a billion?. yes it's a social media meme, yes there's tons of well known actors in it but i just don't think it'll make that much. both barbie and oppenheimer will do strong numbers and the double feature meme and strong marketing of the two movies is helping both movies for sure but neither will make a billion. both will probably make around 500m ww"
Barbie has outgrossed Spider-Man: Across the Spider-Verse to become the highest grossing film of the summer domestically,"Barbie (current) - $381,724,676  
Spider-Man: Across the Spider-Verse (current) - $379,256,240",barbie,BOX_OFFICE,,BOX_OFFICE_SOLO,"barbie has outgrossed spider-man: across the spider-verse to become the highest grossing film of the summer domestically. barbie (current) - $381,724,676  
spider-man: across the spider-verse (current) - $379,256,240"
With Barbie surpassing Jurassic World Dominion at the box office...,"... each Hollywood studio has exactly one spot in the ""Top 5 highest grossing films of the 2020's""

1. Avatar: The Way of Water (Fox/Disney)
2. Spider-Man: No Way Home (Sony)
3. Top Gun: Maverick (Paramount)
4. Super Mario Bros Movie (Universal)
5. Barbie (WB)

I'd love to put Multiverse of Madness (Disney) as #6 ... but Jurassic World Dominion is in the way.",barbie,BOX_OFFICE,,BOX_OFFICE_SOLO,"with barbie surpassing jurassic world dominion at the box office.... ... each hollywood studio has exactly one spot in the ""top 5 highest grossing films of the 2020's""

1. avatar: the way of water (fox/disney)
2. spider-man: no way home (sony)
3. top gun: maverick (paramount)
4. super mario bros movie (universal)
5. barbie (wb)

i'd love to put multiverse of madness (disney) as #6 ... but jurassic world dominion is in the way."
How much does Dead Reckoning Part One need to make to break even?,"The 2.5x rule suggests $725 million on a reported budget of 290 million, but the franchise is more OS heavy than most. Does that change things?",mission_impossible,BOX_OFFICE,,BOX_OFFICE_SOLO,"how much does dead reckoning part one need to make to break even?. the 2.5x rule suggests $725 million on a reported budget of 290 million, but the franchise is more os heavy than most. does that change things?"
Is there any hope for drad reckoning to hit 700 mil,Noticed a couple of huge groups on Facebook still talking about dead reckoning it gave ne some hope that it might come close to 650-700 mil. I wonder what do you guys think ? Is it a lost cause or is there a chance,mission_impossible,BOX_OFFICE,,BOX_OFFICE_SOLO,is there any hope for drad reckoning to hit 700 mil. noticed a couple of huge groups on facebook still talking about dead reckoning it gave ne some hope that it might come close to 650-700 mil. i wonder what do you guys think ? is it a lost cause or is there a chance
Movio's weekend insights suggest a 60/61% female demo split for Barbie in its second weekend.,"If you just look at intra age splits and assume 50% of audience is male and 50% female (given Barbie and haunted mansion that's probably a little light), they're all pretty much 59% to 61% female.

    movio.co weekend insights",barbie,BOX_OFFICE,,BOX_OFFICE_SOLO,"movio's weekend insights suggest a 60/61% female demo split for barbie in its second weekend.. if you just look at intra age splits and assume 50% of audience is male and 50% female (given barbie and haunted mansion that's probably a little light), they're all pretty much 59% to 61% female.

    movio.co weekend insights"
Will “Oppenheimer” become the highest grossing film….,"To never become number 1 at the domestic box office. For 14 years, “My Big Fat Greek Wedding” held the top spot for very a very long time at that category. Until “Sing” came out in 2016 and became the highest grossing film to never become number 1 at the domestic box office. “Oppenheimer” will become number 2 on this list by next weekend, but can it surpass Sing?” This has always been one of my favorite all time lists, because it shows that your film doesn’t need to become number 1 at the box office, to be a box office hit.",oppenheimer,BOX_OFFICE,,BOX_OFFICE_SOLO,"will “oppenheimer” become the highest grossing film….. to never become number 1 at the domestic box office. for 14 years, “my big fat greek wedding” held the top spot for very a very long time at that category. until “sing” came out in 2016 and became the highest grossing film to never become number 1 at the domestic box office. “oppenheimer” will become number 2 on this list by next weekend, but can it surpass sing?” this has always been one of my favorite all time lists, because it shows that your film doesn’t need to become number 1 at the box office, to be a box office hit."
The Exorcist: Believer Predictions,"Caught the trailer for The Exorcist: Believer last night on IMAX in front of Oppenheimer. Packed audience seemed to find it very entertaining, with a lot chatter and bemused laughter as it ended. 

Honestly, it looks pretty dumb, but should still be a fun movie for spooky season with a ton of callbacks for horror nerds.  With a prime mid-October (Friday the 13th) release date, there's no way this isn't going to be a hit with how well horror has been doing lately. David Gordon Green also knows how to deliver a solid scary movie, even if the last two Halloweens sucked.

OW: 55-60 mill

Total Gross: 120-130 Mill

Outside shot at Halloween (2018) numbers if the movie is actually well done.",oppenheimer,BOX_OFFICE,,BOX_OFFICE_SOLO,"the exorcist: believer predictions. caught the trailer for the exorcist: believer last night on imax in front of oppenheimer. packed audience seemed to find it very entertaining, with a lot chatter and bemused laughter as it ended. 

honestly, it looks pretty dumb, but should still be a fun movie for spooky season with a ton of callbacks for horror nerds.  with a prime mid-october (friday the 13th) release date, there's no way this isn't going to be a hit with how well horror has been doing lately. david gordon green also knows how to deliver a solid scary movie, even if the last two halloweens sucked.

ow: 55-60 mill

total gross: 120-130 mill

outside shot at halloween (2018) numbers if the movie is actually well done."
Excellent booking for Mission: Impossible – Dead Reckoning in south India,will be the biggest Hollywood opener this year in india,mission_impossible,BOX_OFFICE,,BOX_OFFICE_SOLO,excellent booking for mission: impossible – dead reckoning in south india. will be the biggest hollywood opener this year in india
Will Oppenheimer cross Spiderverse?,It looks like it might cross $700M WW which spiderverse might not able to reach,oppenheimer,BOX_OFFICE,,BOX_OFFICE_SOLO,will oppenheimer cross spiderverse?. it looks like it might cross $700m ww which spiderverse might not able to reach
Mission Impossible Premature Doomsaying?,"I find it very depressing to see people already writing off this movie as yet another failure when there is already word on how the film will rely on strong word of mouth to continue.  It should.  Sure, it’s budgeted high, but I still feel sure it will leg out.  No reason to get bent out of shape for one Monday.  The real test is it’s staying power.",mission_impossible,BOX_OFFICE,,BOX_OFFICE_SOLO,"mission impossible premature doomsaying?. i find it very depressing to see people already writing off this movie as yet another failure when there is already word on how the film will rely on strong word of mouth to continue.  it should.  sure, it’s budgeted high, but i still feel sure it will leg out.  no reason to get bent out of shape for one monday.  the real test is it’s staying power."
Mission impossible worldwide,Could dead reckoning be the first mission impossible movie not to finish top 10 worldwide end of the yr?,mission_impossible,BOX_OFFICE,,BOX_OFFICE_SOLO,mission impossible worldwide. could dead reckoning be the first mission impossible movie not to finish top 10 worldwide end of the yr?
Will Barbie be a bomb in Japan?,"Full disclaimer: I am actually really rooting for Barbie and want it to become number one for the year, so I'm not concern trolling.

Anyways,I'm worried that Barbie might be doa in Japan mainly because of its association with Oppenheimer. Reject Barbenheimer has been trending all weekend in Japan, and I think this might be the one market where these two films being entwined together might be a big negative as Barbie could be rejected by association.",barbie,BOX_OFFICE,,BOX_OFFICE_SOLO,"will barbie be a bomb in japan?. full disclaimer: i am actually really rooting for barbie and want it to become number one for the year, so i'm not concern trolling.

anyways,i'm worried that barbie might be doa in japan mainly because of its association with oppenheimer. reject barbenheimer has been trending all weekend in japan, and i think this might be the one market where these two films being entwined together might be a big negative as barbie could be rejected by association."
Oppenheimer first week in France !!,"Huge: the million is shattered in just 1 week by #Oppenheimer with 1,138,907 admissions in France out of 668 copies.  This is Nolan's 4th best score (behind the 2 #DarkKnight and #Inception) 🙌👏",oppenheimer,BOX_OFFICE,,,"oppenheimer first week in france !!. huge: the million is shattered in just 1 week by #oppenheimer with 1,138,907 admissions in france out of 668 copies.  this is nolan's 4th best score (behind the 2 #darkknight and #inception) 🙌👏"
Mi7 India 𝗗𝗮𝘆𝟭: ₹𝟭𝟭.𝟳𝟱 𝗖𝗿 𝗗𝗮𝘆𝟮: ₹𝟴.𝟳𝟱 𝗖𝗿 𝗗𝗮𝘆𝟯: ₹𝟵.𝟮𝟱 𝗖𝗿 𝗗𝗮𝘆𝟰: ₹𝟭𝟱.𝟳𝟱 𝗖𝗿 𝗗𝗮𝘆𝟱: ₹𝟭𝟳.𝟮𝟱 𝗖𝗿 𝗧𝗼𝘁𝗮𝗹 : ₹𝟲𝟮.𝟳𝟱 𝗖𝗿,#Fallout made ₹ 80.20 cr Nett total for it’s entire run back in 2018.,mission_impossible,BOX_OFFICE,,,mi7 india 𝗗𝗮𝘆𝟭: ₹𝟭𝟭.𝟳𝟱 𝗖𝗿 𝗗𝗮𝘆𝟮: ₹𝟴.𝟳𝟱 𝗖𝗿 𝗗𝗮𝘆𝟯: ₹𝟵.𝟮𝟱 𝗖𝗿 𝗗𝗮𝘆𝟰: ₹𝟭𝟱.𝟳𝟱 𝗖𝗿 𝗗𝗮𝘆𝟱: ₹𝟭𝟳.𝟮𝟱 𝗖𝗿 𝗧𝗼𝘁𝗮𝗹 : ₹𝟲𝟮.𝟳𝟱 𝗖𝗿. #fallout made ₹ 80.20 cr nett total for it’s entire run back in 2018.
Could Oppenheimer become Nolan's highest grossing non Batman movie?,When this was announced to be rated R everyone thought Oppenheimer wouldn't do as well as Nolan's other movies. Is this still true or can it do better?,oppenheimer,BOX_OFFICE,,,could oppenheimer become nolan's highest grossing non batman movie?. when this was announced to be rated r everyone thought oppenheimer wouldn't do as well as nolan's other movies. is this still true or can it do better?
We might be grossly underestimating Oppenheimer's overseas run,"Oppenheimer is expected to do the following in domestic market

Week 1 = 127.8M 

Week 2 = 72M (-43.7%) 

Week 3 = 44.6M (-38%) \*based on wknd 3 estimate 

Total = 244.4M

In contrast, see the drop in overseas

Week 1 = 155M 

Week 2 = 124M (-20%) 

Week 3 = 82M (-34%) \*based on deadline's 51M estimate for weekend 3.  

Total = 361M

By end of week 3, Oppenheimer would have crossed 600M WW with 60% from OS. And deadline is definitely under forecasting OS Wknd 3 of 51 whereas it might very well do a &lt;30% drop (55M). So even if we imagine a 30% drop every week, it can easily cross 480-500M without even the new markets.

With such low drops and 4 markets yet to open (Italy, China, SK, Greece + Japan maybe), we might actually see a 600-650M run just from overseas market.

Don't forget that Interstellar did 132M in SK and 139M from China and while Oppenheimer might not do such business, it sure can do 50-75M from each of those. Especially looking at presales in SK.

Its gonna be fun tracking Asian markets for Oppenheimer!",oppenheimer,BOX_OFFICE,,,"we might be grossly underestimating oppenheimer's overseas run. oppenheimer is expected to do the following in domestic market

week 1 = 127.8m 

week 2 = 72m (-43.7%) 

week 3 = 44.6m (-38%) \*based on wknd 3 estimate 

total = 244.4m

in contrast, see the drop in overseas

week 1 = 155m 

week 2 = 124m (-20%) 

week 3 = 82m (-34%) \*based on deadline's 51m estimate for weekend 3.  

total = 361m

by end of week 3, oppenheimer would have crossed 600m ww with 60% from os. and deadline is definitely under forecasting os wknd 3 of 51 whereas it might very well do a &lt;30% drop (55m). so even if we imagine a 30% drop every week, it can easily cross 480-500m without even the new markets.

with such low drops and 4 markets yet to open (italy, china, sk, greece + japan maybe), we might actually see a 600-650m run just from overseas market.

don't forget that interstellar did 132m in sk and 139m from china and while oppenheimer might not do such business, it sure can do 50-75m from each of those. especially looking at presales in sk.

its gonna be fun tracking asian markets for oppenheimer!"
Tuesday Preview Box-Office Predictions: Mission: Impossible - Dead Reckoning Part One,"Here’s my predictions:

- Mission: Impossible - Dead Reckoning Part One (Estimated 4,000 Theaters) - $10-$13.5 million ($15-$20 million if you include the 3:00pm Walmart See It First Sunday Screenings and 7:00pm Early Access Monday Screenings (Tuesday Preview Showings begins at 2:00pm)

What’s yours?",mission_impossible,BOX_OFFICE,,,"tuesday preview box-office predictions: mission: impossible - dead reckoning part one. here’s my predictions:

- mission: impossible - dead reckoning part one (estimated 4,000 theaters) - $10-$13.5 million ($15-$20 million if you include the 3:00pm walmart see it first sunday screenings and 7:00pm early access monday screenings (tuesday preview showings begins at 2:00pm)

what’s yours?"
"At the beginning of the year, there were polls asking if Ant-Man 3 will be in Top 10 domestic. With Oppenheimer closing fast, Quantumania will be at #7 by the end of summer. Ant-Man needs to hold one of the 4 major tentpoles coming - Dune, The Marvels, Hunger Games and Aquaman to have a chance.","The Marvels and Dune looks like a lock to pass it. Hunger Games is a coin toss and Aquaman having December release date will help, but could it fight its dying universe?

However if Dune and Aquaman got delayed, AM3 will certainly remain in Top 10.

I think it will be at #10, only managing to not be defeated by Hunger Games (which will do sub 200M)",oppenheimer,BOX_OFFICE,,,"at the beginning of the year, there were polls asking if ant-man 3 will be in top 10 domestic. with oppenheimer closing fast, quantumania will be at #7 by the end of summer. ant-man needs to hold one of the 4 major tentpoles coming - dune, the marvels, hunger games and aquaman to have a chance.. the marvels and dune looks like a lock to pass it. hunger games is a coin toss and aquaman having december release date will help, but could it fight its dying universe?

however if dune and aquaman got delayed, am3 will certainly remain in top 10.

i think it will be at #10, only managing to not be defeated by hunger games (which will do sub 200m)"
Is $600 million+ WW still in play for MI: Dead Reckoning Part One?,Or are its legs too weak to get it there?,mission_impossible,BOX_OFFICE,,,is $600 million+ ww still in play for mi: dead reckoning part one?. or are its legs too weak to get it there?
Dead Reckoning looking to flop based on early presales. Does this deflate anyone’s enthusiasm about box office?,"You can out your heart and soul and make a great action film, and that still won’t guarantee you a success",mission_impossible,BOX_OFFICE,,,"dead reckoning looking to flop based on early presales. does this deflate anyone’s enthusiasm about box office?. you can out your heart and soul and make a great action film, and that still won’t guarantee you a success"
"Compiled 2022's Deadline's most profitable films' net ancillary revenues (Home Entertainment, TV, streaming) to compare to net theatrical revenues; what does it mean for markets today? Plus, Why Mission Impossible Dead Reckoning will breakeven regardless of theatrical.","**From Deadline's financial breakdowns last year; note ancillaries are constantly proportionately significant to the theatrical revenue:**

**\*Avatar-2:** *350mil net ancillaries; 1.2 billion net from BO*; that is a quarter of its entire theatrical revenue, a film that is the 3rd highest grossing film of all time theatrically.  
**\*TopGun-2:** *445mil net ancillaries.* *700mil net from BO.* Participation took 280mil; that wouldn't be possible without them.  
**\*TheBatman:** *280mil net ancillaries: 355mil net from BO.*  
**\*Minions:** *330mil net ancillaries compared to 420mil net from BO.*  
**\*JurassicWorld Dominion:** *320mil net ancillaries; 430mil net from BO.*  
**\*DrStrange2:** 340mil net ancillaries; 440mil net from BO.  
**\*BlackPanther WakandaForever:** 325mil net ancillaries; 425mil net from BO

**\*Thor Love and Thunder:** *300mil net ancillaries; 300mil net from BO.* 

*All numbers come from Deadline's financial breakdowns.* 

.................

   **Mission Impossible; Dead Reckoning pt1 costing 300*****mil to produce created doubt regarding its breaking even; this film will break even with ancillaries easily; why? Because***; 

**1)Top Gun last year made 445mil dollars in ancillaries**: the largest of the year; even larger than Avatar; that number was so high that participations were ***280 million*** dollars and still had ***390 million dollars*** in net profits for the studio.  
**2)John Wick-4 is doing exceptional on digital;** topping the lists in presales and sales for a while.  
**3)Well-received blockbuster films have better ancillaries reflecting WOM** ; that's exceptional for this film.

............ These are my two cents, what are yours?",mission_impossible,BOX_OFFICE,,,"compiled 2022's deadline's most profitable films' net ancillary revenues (home entertainment, tv, streaming) to compare to net theatrical revenues; what does it mean for markets today? plus, why mission impossible dead reckoning will breakeven regardless of theatrical.. **from deadline's financial breakdowns last year; note ancillaries are constantly proportionately significant to the theatrical revenue:**

**\*avatar-2:** *350mil net ancillaries; 1.2 billion net from bo*; that is a quarter of its entire theatrical revenue, a film that is the 3rd highest grossing film of all time theatrically.  
**\*topgun-2:** *445mil net ancillaries.* *700mil net from bo.* participation took 280mil; that wouldn't be possible without them.  
**\*thebatman:** *280mil net ancillaries: 355mil net from bo.*  
**\*minions:** *330mil net ancillaries compared to 420mil net from bo.*  
**\*jurassicworld dominion:** *320mil net ancillaries; 430mil net from bo.*  
**\*drstrange2:** 340mil net ancillaries; 440mil net from bo.  
**\*blackpanther wakandaforever:** 325mil net ancillaries; 425mil net from bo

**\*thor love and thunder:** *300mil net ancillaries; 300mil net from bo.* 

*all numbers come from deadline's financial breakdowns.* 

.................

   **mission impossible; dead reckoning pt1 costing 300*****mil to produce created doubt regarding its breaking even; this film will break even with ancillaries easily; why? because***; 

**1)top gun last year made 445mil dollars in ancillaries**: the largest of the year; even larger than avatar; that number was so high that participations were ***280 million*** dollars and still had ***390 million dollars*** in net profits for the studio.  
**2)john wick-4 is doing exceptional on digital;** topping the lists in presales and sales for a while.  
**3)well-received blockbuster films have better ancillaries reflecting wom** ; that's exceptional for this film.

............ these are my two cents, what are yours?"
How much will Cobweb make this weekend WW ?,It was absolutely moronic to drop this movie with Barbenheimer but will it do Dom and WW for the weekend.,barbie,BOX_OFFICE,,,how much will cobweb make this weekend ww ?. it was absolutely moronic to drop this movie with barbenheimer but will it do dom and ww for the weekend.
Two of the ten biggest post-covid openings in Germany happened this weekend,"Avatar 2 had the highest per theater average and No Time To Die was shown in the most locations. This weekend was also the second biggest of the year only behind Avatar 2's fourth weekend back in January which was also the biggest 4th weekend of all time at 1.13M admissions and this would have still been enough to become the biggest opening of 2023 and one of the third highest post-covid. Barbenheimer equaled this 1.13M fourth weekend of Avatar with 1.17M or better say slightly surpassed it which is incredible as both movies were tracking for ""only"" around 0.75M before the weekend started (0.475M for Barbie, 0.3M for Oppenheimer)",barbie,BOX_OFFICE,,,"two of the ten biggest post-covid openings in germany happened this weekend. avatar 2 had the highest per theater average and no time to die was shown in the most locations. this weekend was also the second biggest of the year only behind avatar 2's fourth weekend back in january which was also the biggest 4th weekend of all time at 1.13m admissions and this would have still been enough to become the biggest opening of 2023 and one of the third highest post-covid. barbenheimer equaled this 1.13m fourth weekend of avatar with 1.17m or better say slightly surpassed it which is incredible as both movies were tracking for ""only"" around 0.75m before the weekend started (0.475m for barbie, 0.3m for oppenheimer)"
"This year will likely be the first time in years that a non-franchise, non-animated movie will be in the year-end Top-10 at the worldwide Box Office","With a strong 170-180M weekend opening and likely good legs ahead, Oppenheimer is on course to smash into the Top-10 of the 2023 worldwide Box Office.


So what do I mean with „non-franchise“ movies? Obviously all sequels, prequels, remakes, comic book adaptions are franchises. In terms of book to movie adaptions, those can be franchises, but don’t have to be. If the book has a big cult following, or many book-sequels etc, it would be a franchise (for example a lot of fantasy stuff, like Harry Potter etc), but other book adaptions (for example Killers of the Flower Moon) are not „franchises“. Also I don’t consider movies like Bohemian Rapsody „non-franchise“, because famous bands and famous singers like Queen, Freddie Mercury, ABBA („Mamma Mia“) etc are kind of franchises in itself. That’s not „non-franchise“.

Also, I don’t take chinese movies into account, who sometimes break into the top-10 worldwide Box Office, and who are for the chinese market only. Also excluding 2020, because in that Covid year studios didn’t release their franchise blockbusters.


That being said, Oppenheimer will likely be the first time since 2015 that a non-franchise movie will finish in the year-end Top-10 (2015 „The Martian“ was #10 at the global box office). So the first time in 8 years!

But it would be if Oppenheimer breaks into the top-5 at the global Box Office (which isn’t out of reach) that Nolan would enter legendary territory. After the mid-2000s, non-franchise movies in the Top-5 at the global Box Office died out, with 2012 (2009) and Inception (2010) being the last two movies to achieve that feat. Oppenheimer now could finally break that 13-year barrier.


To put that into perspective: The last time Spielberg reached the Top-5 with a non-franchise movie was in 1998 („Saving Private Ryan“), while Tarantino and Scorsese never achieved that feat. Nolan did it once until now („Inception“, 2010, the last time anyone did it).

Nolan turning the clocks back in Hollywood, in bringing non-franchise movies back into the list of highest grossing movies of the year!",oppenheimer,BOX_OFFICE,,,"this year will likely be the first time in years that a non-franchise, non-animated movie will be in the year-end top-10 at the worldwide box office. with a strong 170-180m weekend opening and likely good legs ahead, oppenheimer is on course to smash into the top-10 of the 2023 worldwide box office.


so what do i mean with „non-franchise“ movies? obviously all sequels, prequels, remakes, comic book adaptions are franchises. in terms of book to movie adaptions, those can be franchises, but don’t have to be. if the book has a big cult following, or many book-sequels etc, it would be a franchise (for example a lot of fantasy stuff, like harry potter etc), but other book adaptions (for example killers of the flower moon) are not „franchises“. also i don’t consider movies like bohemian rapsody „non-franchise“, because famous bands and famous singers like queen, freddie mercury, abba („mamma mia“) etc are kind of franchises in itself. that’s not „non-franchise“.

also, i don’t take chinese movies into account, who sometimes break into the top-10 worldwide box office, and who are for the chinese market only. also excluding 2020, because in that covid year studios didn’t release their franchise blockbusters.


that being said, oppenheimer will likely be the first time since 2015 that a non-franchise movie will finish in the year-end top-10 (2015 „the martian“ was #10 at the global box office). so the first time in 8 years!

but it would be if oppenheimer breaks into the top-5 at the global box office (which isn’t out of reach) that nolan would enter legendary territory. after the mid-2000s, non-franchise movies in the top-5 at the global box office died out, with 2012 (2009) and inception (2010) being the last two movies to achieve that feat. oppenheimer now could finally break that 13-year barrier.


to put that into perspective: the last time spielberg reached the top-5 with a non-franchise movie was in 1998 („saving private ryan“), while tarantino and scorsese never achieved that feat. nolan did it once until now („inception“, 2010, the last time anyone did it).

nolan turning the clocks back in hollywood, in bringing non-franchise movies back into the list of highest grossing movies of the year!"
"Tonight, Tom Cruise will make history!!!","MI7 seem pass 100M domestic tonight 

Cruise gonna make his 22nd movies that grossing 100M+ domestically from acting roles alone (no animations , no voices in cartoon)

His first movies grossing 100M domestic is Top Gun 1986 to now Dead Reckoning Part 1 is 37 years gap

List of this milestone from 1986 to 2023

- Top Gun (1986) grossing 180.4M
- Rain Man (1988) grossing 172.8M
- A Few Good Men (1992) grossing 141.3M
- The Firm (1993) grossing 158.3M
- Interview with the Vampire (1994) grosssing 105.2M
- MI1 (1996) grossing 180.9M
- Jerry Maguire (1996) grossing 153.9M
- MI2 (2000) 
- Vanilla Sky (2001) grossing 100.6M 
- Minority Report (2002) grossing 132M
- Austin Powers (2002) grossing 213.1M 
- The Last Samurai (2003) grossing 111.1M
- Collateral (2004) grossing 100.1M
- War of the Worlds (2005) grossing 234.2M
- MI3 (2006) grossing 133.5M
- Tropic Thunder (2008) grossing 110.5M
- Ghost Protocal (2011) grossing 209.3M
- Edge of Tomorrow (2014) grossing 100.2M
- Rouge Nation (2015) grossing 195M
- Fallout (2018) grossing 220.1M
- Top Gun Maverick (2022) grossing 718.7M
- Dead Recknoning Part 1 (2023) gonna hit 100M tonight!!!! Or atleast Saturday night

Total 22 Movies (from 45 movies total)

  - 20 from leading actor
  - 2 from Camero (Austin Powers) &amp; supporting role (Tropic Thunder)
***Cruise never voices in cartoon movies , never has charecter in cartoon/animation movies***

•By decades

  - 80's : 2   (from 12)
  - 90's : 5   (from 9) &amp; 5 consecutive between 92 - 96
  - 2000's : 9  (from 11) &amp; 8 consecutive between 00 - 06
  - 2010's : 4  (from 11)
  - 2020's : for now 2 (from 2)

Hate him or not , he is the exceptional movie star in our lifetime , the biggest star of modern era

Another moviestar that carries 100M movies domestically

- Tom Hanks has same 22 movies from 64 movies 

- Dwayn Johnson has 20 movies from 43 movies 

- Harrison Ford has 16 movies from 50 movies

- Will Smith has 15 movies from 32 movies

- Leonardo DiCaprio has 11 movies from 28 movies

- Arnold Schwarzenegger has 8 movies from 40 movies",mission_impossible,BOX_OFFICE,,,"tonight, tom cruise will make history!!!. mi7 seem pass 100m domestic tonight 

cruise gonna make his 22nd movies that grossing 100m+ domestically from acting roles alone (no animations , no voices in cartoon)

his first movies grossing 100m domestic is top gun 1986 to now dead reckoning part 1 is 37 years gap

list of this milestone from 1986 to 2023

- top gun (1986) grossing 180.4m
- rain man (1988) grossing 172.8m
- a few good men (1992) grossing 141.3m
- the firm (1993) grossing 158.3m
- interview with the vampire (1994) grosssing 105.2m
- mi1 (1996) grossing 180.9m
- jerry maguire (1996) grossing 153.9m
- mi2 (2000) 
- vanilla sky (2001) grossing 100.6m 
- minority report (2002) grossing 132m
- austin powers (2002) grossing 213.1m 
- the last samurai (2003) grossing 111.1m
- collateral (2004) grossing 100.1m
- war of the worlds (2005) grossing 234.2m
- mi3 (2006) grossing 133.5m
- tropic thunder (2008) grossing 110.5m
- ghost protocal (2011) grossing 209.3m
- edge of tomorrow (2014) grossing 100.2m
- rouge nation (2015) grossing 195m
- fallout (2018) grossing 220.1m
- top gun maverick (2022) grossing 718.7m
- dead recknoning part 1 (2023) gonna hit 100m tonight!!!! or atleast saturday night

total 22 movies (from 45 movies total)

  - 20 from leading actor
  - 2 from camero (austin powers) &amp; supporting role (tropic thunder)
***cruise never voices in cartoon movies , never has charecter in cartoon/animation movies***

•by decades

  - 80's : 2   (from 12)
  - 90's : 5   (from 9) &amp; 5 consecutive between 92 - 96
  - 2000's : 9  (from 11) &amp; 8 consecutive between 00 - 06
  - 2010's : 4  (from 11)
  - 2020's : for now 2 (from 2)

hate him or not , he is the exceptional movie star in our lifetime , the biggest star of modern era

another moviestar that carries 100m movies domestically

- tom hanks has same 22 movies from 64 movies 

- dwayn johnson has 20 movies from 43 movies 

- harrison ford has 16 movies from 50 movies

- will smith has 15 movies from 32 movies

- leonardo dicaprio has 11 movies from 28 movies

- arnold schwarzenegger has 8 movies from 40 movies"
Barbie's latest domestic tracking has it reaching 180 dom opening.,Every time I check it keeps going higher.,barbie,BOX_OFFICE,,,barbie's latest domestic tracking has it reaching 180 dom opening.. every time i check it keeps going higher.
Oppy: Is $300 mil DOM likely? Monday drop was better than Inception &amp; Dunkirk,"$13mil on Monday translates to a daily drop of 44% for Oppy.

It's 47% for Inception and 51% for Dunkirk. 

Is it fair to expect Oppy to be at least as leggy as Dunkirk?

Dunkirk's opening weekend multiplier (3.73x) will catapult Oppy to above $300 mil Domestic. 

How likely do you think this will pan out?",unknown,BOX_OFFICE,,,"oppy: is $300 mil dom likely? monday drop was better than inception &amp; dunkirk. $13mil on monday translates to a daily drop of 44% for oppy.

it's 47% for inception and 51% for dunkirk. 

is it fair to expect oppy to be at least as leggy as dunkirk?

dunkirk's opening weekend multiplier (3.73x) will catapult oppy to above $300 mil domestic. 

how likely do you think this will pan out?"
Update on this July after estimates this July is now the 4th biggest July of all time thanks to Barbenheimer!,Can actuals and Monday’s gross be enough to push this up to the 2nd maybe even highest July of all time?,barbie,BOX_OFFICE,,,update on this july after estimates this july is now the 4th biggest july of all time thanks to barbenheimer!. can actuals and monday’s gross be enough to push this up to the 2nd maybe even highest july of all time?
If Oppenheimer somehow outgrosses Guardians of the galaxy would this be the first time a superhero movie hasn't been a top 3 Hollywood grosser since 2011?,I'm excluding 2020 since it was a covid year. Do you guys think this is a possibility or will The Marvels or Aquaman play spoil sport?,oppenheimer,BOX_OFFICE,,,if oppenheimer somehow outgrosses guardians of the galaxy would this be the first time a superhero movie hasn't been a top 3 hollywood grosser since 2011?. i'm excluding 2020 since it was a covid year. do you guys think this is a possibility or will the marvels or aquaman play spoil sport?
In China Barbie grossed $1.27M(-56%)/$26M on Monday. Creation Of The Gods continues to dominate with $11M(+1%)/$165M. One and Only in 2nd adds $7.33M/$60.67M. The Meg 2 passes $2.87M in opening day pre-sales. Beats Transformers ROTB's total opening day pre-sales number of $2.78M with 3 days to go.,"---
#Daily Box Office (31th of July 2023)

Creation Of The Gods Part I continues its impressive comeback staying flat from its last Monday and holding onto first comfortably. Behind One and Only does well with a really solid drop from Sunday. Barbie decent but more predictable and normal now. No more crazy holds and increases.

|# | Movie                 |Gross|%YD| %LW|Screenings|Admisions(Today)|Total Gross|Projected Total Gross|
:----------- |:-----------|:-----------:|:-----------:|:-----------:|:-----------:|:-----------:|:-----------:|:-----------:|
1| Creation Of The Gods       |$10.98M |-50%  |+1%  |96500 |1.8M  |$165.14M |$337M
2| One And Only               |$7.33M  |-41%  |/    |77391 |1.2M  |$60.67M  |$181M
3| 30,000 Miles From Chang’an |$3.37M  |-61%  |-50% |53310 |0.58M |$211.59M |$258M
4| Never Say Never            |$2.63M  |-48%  |-32% |39909 |0.46M |$283.40M |$316M
5| Barbie                     |$1.27M  |-50%  |-56% |26070 |0.26M |$26.21M  |$37M
6| Oh my School               |$0.82M  |-48%  |-39% |18224 |0.15M |$42.20M  |$49M
7| Lost In The Stars          |$0.43M  |-39%  |-52% |10676 |0.07M |$484.19M |$493M 
8| MI7:Dead Reckoning         |$0.37M  |-60%  |-55% |6452  |0.06M |$46.20M  |$50M
9| Wonder Family              |$0.37M  |-50%  |-85% |11744 |0.06M |$40.22M  |$43M


*YD=Yesterday, LW=Last Week

---
###**Barbie**

Now settling into a more predictable normal run after a -56% drop from last week. Mid to high 30's remain the target but likely nothing more.

Ith as passed The Flash's total gross today.

|#|FRI|SAT |SUN |MON|TUE|WED|THU|Total
:-----------:|:-----------:|:------------:|:------------:|:------------:|:------------:|:------------:|:------------:|:------------:|:------------:|
First Week|$1.16M|$2.73M|$4.18M|$2.90M|$2.68M|$2.41M|$2.05M|$18.11M
Second Week|$1.84M|$2.83M|$2.56M|$1.27M|/|/|/|$26.21M
|%± LW|+60%|+4%|-39%|-56%|/|/|/|/|

**Scheduled showings update for Barbie for the next few days:**

|Day |  Number of Showings |Presales|Projection
:----------- |:-----------:|:-----------:|:-----------:|
Today|26080|$316k|$1.21M 
Tuesday|25555|$286k|$1.14M 
Wednesday|17137|$43k|$1.03M 
---
###**Creation Of The Gods**

Another excelent day. After a somewhat poor opening it had really caught on now and is chugging towards $300M+

Reception remains very strong as it holds the 9.4 Maoyan and amazingly enough jumps from 7.7 to 7.8 on Douban even while 2 weeks deep into its run. 

|#|THU|FRI |SAT |SUN|MON|TUE|WED|Total
:-----------:|:-----------:|:------------:|:------------:|:------------:|:------------:|:------------:|:------------:|:------------:|:------------:|
First Week|$6.84M/$11.11M|$8.15M|$15.77M|$18.14M|$10.95M|$11.12M|$10.99M|$86.23M
Second Week|$10.66M|$13.02M|$22.43M|$21.82M|$10.98M|/|/|$165.14M	
|%± LW|+60%|+60%|+41%|+20%|+1%|/|/|/|
**Scheduled showings update for Creation Of The Gods for the next few days:**

|Day |  Number of Showings |Presales|Projection
:----------- |:-----------:|:-----------:|:-----------:|   
Today|96527|$884k|$11.29M 
Tuesday|97306|$922k|$10.96M
Wednesday|63454|$116k|$10.41M 
---

###**One and Only**

One and Only better than expected on Monday not falling off which bodes well going forward. 

Reception to the surprise of noone considering its a Wang Yibo movie is positive with a 9.7 on Maoyan and 7.5 on Douban
 
|#|FRI|SAT |SUN |MON|TUE|WED|THU|Total
:-----------:|:-----------:|:------------:|:------------:|:------------:|:------------:|:------------:|:------------:|:------------:|:------------:|
First Week|$10.43M|$12.62M|$12.46M|$7.33M|/|/|/|$60.67M

**Scheduled showings update for One and Only for the next few days:**

|Day |  Number of Showings |Presales|Projection
:----------- |:-----------:|:-----------:|:-----------:|    
Today|77310|$708k|$5.94M 
Tuesday|77895|$700k|$6.92M 
Wednesday|49996|$115k|$6.57M
 
###**Wonder Family**

Well at least its not another 90% drop. But yeah this movies run will be pretty much over by Sunday just 2 weeks into its release.

|#|FRI|SAT |SUN |MON|TUE|WED|THU|Total
:-----------:|:-----------:|:------------:|:------------:|:------------:|:------------:|:------------:|:------------:|:------------:|:------------:|
First Week|$12.15M|$11.10M|$7.51M|$2.47M|$1.86M|$1.52M|/|$37.78M
Second Week|$0.56M|$0.77M|$0.74M|$0.37M|/|/|/|$40.22M	
|%± LW|-95%|-93%|-90%|-85%|/|/|/|/|

**Scheduled showings update for Wonder Family for the next few days:**

|Day |  Number of Showings |Presales|Projection
:----------- |:-----------:|:-----------:|:-----------:|    
Today|11925|$36k|$0.32M 
Tuesday|11401|$30k|$0.30M 
Wednesday|6969|$3k|$0.27M 
---
###**Mission Impossible Dead Reckoning**

Past $46M now as its settled into sub 60% drops. Still only looking at about $50M

|#|FRI|SAT |SUN |MON|TUE|WED|THU|Total
:-----------:|:-----------:|:------------:|:------------:|:------------:|:------------:|:------------:|:------------:|:------------:|:------------:|
Second Week|$1.03M|$1.93M|$2.10M|$0.83M|$0.72M|$0.66M|$0.59M|$43.61M
Third Week|$0.43M|$0.85M|$0.94M|$0.37M|/|/|/|$46.20M
|%± LW|-65%|-56%|-55%|-56%|/|/|/|/|
**Scheduled showings update for Dead Reckoning for the next few days:**

|Day |  Number of Showings |Presales|Projection
:----------- |:-----------:|:-----------:|:-----------:|
Today|6445|$52k|$0.37M 
Tuesday|6527|$44k|$0.31M 
Wednesday|4693|$7k|$0.29M 
---
###**Other stuff:**

Next big few holywood releases are MEG2 on the 4th August and Oppenheimer which does not have a date yet. Some WTS(Want To See Numbers) for those movies as well as some comparisons to how other revelant movies in a comparable number of days till release. Note these are not pre-sales. This is just a checkbox on Maoyan saying that your interested in the movie. The pre-sales are only ever in tables.

**MEG2** 646k(+8k)

MEG 2 past the total opening day Pre-sales Transformers: ROTB had.
 
Opening day pre-sales comparison:

|Days till release | Creation Of The Gods Part 1 | Wonder Family |Lost In The Stars |Transformers ROTB|Fast X|The Meg 2  |The Meg 
:----------- |:-----------:|:-----------:|:-----------:|:-----------:|:-----------:|:-----------:|:-----------:|:-----------:|:-----------:|
12|$203k/18616|          |$93k/22228    |       |                     |$497k/34372|$339k/18679
11|$221k/19085|          |$162k/25858   |       |                     |$640k/38455|$435k/19840
10|$240k/19478|$68k/32748|$233k/28535   |       |                     |$789k/42955|$556k/22182
9|$353k/21633|$290k/44426|$302k/31672    |       |                    |$951k/46289|$763k/25264
8|$498k/22873|$497k/49041|$397k/34388    |       |                    |$1.15M/50034|$945k/27463
7|$616k/24049|$642k/52977|$571k/39422    |       |                   |$1.48M/53656|$1.19M/29629
6|$699k/25284|$793k/56363|$705k/44992    |             |$196k/69382  |$1.87M/58794|$1.62M/32376
5|$785k/26673|$925k/59299|$802k/50423   |$121k/71289  |$471k/82292   |$2.22M/63516|$1.93M/34145	
4|$861k/28606|$1.07M/62121|$902k/55347  |$312k/83324  |$728k/92034   |$2.53M/67717|$2.30M/35854
3|$961k/30621|$1.28M/68808|$1.05M/61048 |$592k/94438  |$988k/103517  |$2.87M/74642|$2.75M/40533		
2|$1.11M/35990|$1.56M/80988|$1.29M/76567|$946k/106022 |$1.35M/114980 |            |$3.22M/48395
1|$1.36M/46824|$2.03M/114817|$1.68M/119658|$1.45M/136762|$2.08M/140431|           |$3.93M/59242	
0|$2.08M/60004|$3.31M/142828|$3.54M/149993|$2.78M/162406|$3.97M/168748|           |$5.66M/70354	
*Gross/Screenings

***

**Gran Turismo** 28k(+1k)

**Oppenheimer** $137k(+6k)

Officialy confirmed to relese on the 30th August",barbie,BOX_OFFICE,,,"in china barbie grossed $1.27m(-56%)/$26m on monday. creation of the gods continues to dominate with $11m(+1%)/$165m. one and only in 2nd adds $7.33m/$60.67m. the meg 2 passes $2.87m in opening day pre-sales. beats transformers rotb's total opening day pre-sales number of $2.78m with 3 days to go.. ---
#daily box office (31th of july 2023)

creation of the gods part i continues its impressive comeback staying flat from its last monday and holding onto first comfortably. behind one and only does well with a really solid drop from sunday. barbie decent but more predictable and normal now. no more crazy holds and increases.

|# | movie                 |gross|%yd| %lw|screenings|admisions(today)|total gross|projected total gross|
:----------- |:-----------|:-----------:|:-----------:|:-----------:|:-----------:|:-----------:|:-----------:|:-----------:|
1| creation of the gods       |$10.98m |-50%  |+1%  |96500 |1.8m  |$165.14m |$337m
2| one and only               |$7.33m  |-41%  |/    |77391 |1.2m  |$60.67m  |$181m
3| 30,000 miles from chang’an |$3.37m  |-61%  |-50% |53310 |0.58m |$211.59m |$258m
4| never say never            |$2.63m  |-48%  |-32% |39909 |0.46m |$283.40m |$316m
5| barbie                     |$1.27m  |-50%  |-56% |26070 |0.26m |$26.21m  |$37m
6| oh my school               |$0.82m  |-48%  |-39% |18224 |0.15m |$42.20m  |$49m
7| lost in the stars          |$0.43m  |-39%  |-52% |10676 |0.07m |$484.19m |$493m 
8| mi7:dead reckoning         |$0.37m  |-60%  |-55% |6452  |0.06m |$46.20m  |$50m
9| wonder family              |$0.37m  |-50%  |-85% |11744 |0.06m |$40.22m  |$43m


*yd=yesterday, lw=last week

---
###**barbie**

now settling into a more predictable normal run after a -56% drop from last week. mid to high 30's remain the target but likely nothing more.

ith as passed the flash's total gross today.

|#|fri|sat |sun |mon|tue|wed|thu|total
:-----------:|:-----------:|:------------:|:------------:|:------------:|:------------:|:------------:|:------------:|:------------:|:------------:|
first week|$1.16m|$2.73m|$4.18m|$2.90m|$2.68m|$2.41m|$2.05m|$18.11m
second week|$1.84m|$2.83m|$2.56m|$1.27m|/|/|/|$26.21m
|%± lw|+60%|+4%|-39%|-56%|/|/|/|/|

**scheduled showings update for barbie for the next few days:**

|day |  number of showings |presales|projection
:----------- |:-----------:|:-----------:|:-----------:|
today|26080|$316k|$1.21m 
tuesday|25555|$286k|$1.14m 
wednesday|17137|$43k|$1.03m 
---
###**creation of the gods**

another excelent day. after a somewhat poor opening it had really caught on now and is chugging towards $300m+

reception remains very strong as it holds the 9.4 maoyan and amazingly enough jumps from 7.7 to 7.8 on douban even while 2 weeks deep into its run. 

|#|thu|fri |sat |sun|mon|tue|wed|total
:-----------:|:-----------:|:------------:|:------------:|:------------:|:------------:|:------------:|:------------:|:------------:|:------------:|
first week|$6.84m/$11.11m|$8.15m|$15.77m|$18.14m|$10.95m|$11.12m|$10.99m|$86.23m
second week|$10.66m|$13.02m|$22.43m|$21.82m|$10.98m|/|/|$165.14m	
|%± lw|+60%|+60%|+41%|+20%|+1%|/|/|/|
**scheduled showings update for creation of the gods for the next few days:**

|day |  number of showings |presales|projection
:----------- |:-----------:|:-----------:|:-----------:|   
today|96527|$884k|$11.29m 
tuesday|97306|$922k|$10.96m
wednesday|63454|$116k|$10.41m 
---

###**one and only**

one and only better than expected on monday not falling off which bodes well going forward. 

reception to the surprise of noone considering its a wang yibo movie is positive with a 9.7 on maoyan and 7.5 on douban
 
|#|fri|sat |sun |mon|tue|wed|thu|total
:-----------:|:-----------:|:------------:|:------------:|:------------:|:------------:|:------------:|:------------:|:------------:|:------------:|
first week|$10.43m|$12.62m|$12.46m|$7.33m|/|/|/|$60.67m

**scheduled showings update for one and only for the next few days:**

|day |  number of showings |presales|projection
:----------- |:-----------:|:-----------:|:-----------:|    
today|77310|$708k|$5.94m 
tuesday|77895|$700k|$6.92m 
wednesday|49996|$115k|$6.57m
 
###**wonder family**

well at least its not another 90% drop. but yeah this movies run will be pretty much over by sunday just 2 weeks into its release.

|#|fri|sat |sun |mon|tue|wed|thu|total
:-----------:|:-----------:|:------------:|:------------:|:------------:|:------------:|:------------:|:------------:|:------------:|:------------:|
first week|$12.15m|$11.10m|$7.51m|$2.47m|$1.86m|$1.52m|/|$37.78m
second week|$0.56m|$0.77m|$0.74m|$0.37m|/|/|/|$40.22m	
|%± lw|-95%|-93%|-90%|-85%|/|/|/|/|

**scheduled showings update for wonder family for the next few days:**

|day |  number of showings |presales|projection
:----------- |:-----------:|:-----------:|:-----------:|    
today|11925|$36k|$0.32m 
tuesday|11401|$30k|$0.30m 
wednesday|6969|$3k|$0.27m 
---
###**mission impossible dead reckoning**

past $46m now as its settled into sub 60% drops. still only looking at about $50m

|#|fri|sat |sun |mon|tue|wed|thu|total
:-----------:|:-----------:|:------------:|:------------:|:------------:|:------------:|:------------:|:------------:|:------------:|:------------:|
second week|$1.03m|$1.93m|$2.10m|$0.83m|$0.72m|$0.66m|$0.59m|$43.61m
third week|$0.43m|$0.85m|$0.94m|$0.37m|/|/|/|$46.20m
|%± lw|-65%|-56%|-55%|-56%|/|/|/|/|
**scheduled showings update for dead reckoning for the next few days:**

|day |  number of showings |presales|projection
:----------- |:-----------:|:-----------:|:-----------:|
today|6445|$52k|$0.37m 
tuesday|6527|$44k|$0.31m 
wednesday|4693|$7k|$0.29m 
---
###**other stuff:**

next big few holywood releases are meg2 on the 4th august and oppenheimer which does not have a date yet. some wts(want to see numbers) for those movies as well as some comparisons to how other revelant movies in a comparable number of days till release. note these are not pre-sales. this is just a checkbox on maoyan saying that your interested in the movie. the pre-sales are only ever in tables.

**meg2** 646k(+8k)

meg 2 past the total opening day pre-sales transformers: rotb had.
 
opening day pre-sales comparison:

|days till release | creation of the gods part 1 | wonder family |lost in the stars |transformers rotb|fast x|the meg 2  |the meg 
:----------- |:-----------:|:-----------:|:-----------:|:-----------:|:-----------:|:-----------:|:-----------:|:-----------:|:-----------:|
12|$203k/18616|          |$93k/22228    |       |                     |$497k/34372|$339k/18679
11|$221k/19085|          |$162k/25858   |       |                     |$640k/38455|$435k/19840
10|$240k/19478|$68k/32748|$233k/28535   |       |                     |$789k/42955|$556k/22182
9|$353k/21633|$290k/44426|$302k/31672    |       |                    |$951k/46289|$763k/25264
8|$498k/22873|$497k/49041|$397k/34388    |       |                    |$1.15m/50034|$945k/27463
7|$616k/24049|$642k/52977|$571k/39422    |       |                   |$1.48m/53656|$1.19m/29629
6|$699k/25284|$793k/56363|$705k/44992    |             |$196k/69382  |$1.87m/58794|$1.62m/32376
5|$785k/26673|$925k/59299|$802k/50423   |$121k/71289  |$471k/82292   |$2.22m/63516|$1.93m/34145	
4|$861k/28606|$1.07m/62121|$902k/55347  |$312k/83324  |$728k/92034   |$2.53m/67717|$2.30m/35854
3|$961k/30621|$1.28m/68808|$1.05m/61048 |$592k/94438  |$988k/103517  |$2.87m/74642|$2.75m/40533		
2|$1.11m/35990|$1.56m/80988|$1.29m/76567|$946k/106022 |$1.35m/114980 |            |$3.22m/48395
1|$1.36m/46824|$2.03m/114817|$1.68m/119658|$1.45m/136762|$2.08m/140431|           |$3.93m/59242	
0|$2.08m/60004|$3.31m/142828|$3.54m/149993|$2.78m/162406|$3.97m/168748|           |$5.66m/70354	
*gross/screenings

***

**gran turismo** 28k(+1k)

**oppenheimer** $137k(+6k)

officialy confirmed to relese on the 30th august"
"Question: If The Little Mermaid is considered an embarrassing flop for making $570M on a $250M budget, what does that mean for Mission Impossible if it may not even reach that amount?",Will the goalposts be moved again? TLM will definitely see profits in post-theaterical avenues but what does MI have?,mission_impossible,BOX_OFFICE,,,"question: if the little mermaid is considered an embarrassing flop for making $570m on a $250m budget, what does that mean for mission impossible if it may not even reach that amount?. will the goalposts be moved again? tlm will definitely see profits in post-theaterical avenues but what does mi have?"
"In China Barbie grossed a solid $2.41M/$16M on WED. Creation Of The Gods impressive staying almost flat from yesterday and beating projections by almost $1M with $10.9M/$86M ahead of 30,000 Miles From Chang’an $5.1M(-33%)/$181M. MI7 grossed $0.66M(-73%)/43M. Meg 2 opening day pre-sales hit $1.15M","---
#Daily Box Office (26th of July 2023)

Creation Of The Gods Part 1 really putting up an impressive showing now. 30,000 Miles From Chang’an still behind it now slowly settling into a more normal run. Behind most movies drop predictably well except One And Only which releases on Friday but has now almost collected $15M across its various pre-screanings adding $3M today after jumping Barbie.


|# | Movie                 |Gross|%YD| %LW|Screenings|Admisions(Today)|Total Gross|Projected Total Gross|
:----------- |:-----------|:-----------:|:-----------:|:-----------:|:-----------:|:-----------:|:-----------:|:-----------:|
1| Creation Of The Gods       |$10.89M   |-1%   |/    |84901 |1.8M  |$85.86M  |$316M
2| 30,000 Miles From Chang’an |$5.12M    |-13%  |-33% |64699 |0.89M |$181.21M |$250M
3| Never Say Never            |$3.52M    |-4%   |-50% |47968 |0.62M |$254.67M |$306M
4| One And Only(Pre-screenings)|$3.03M   |+19%  |/    |29580 |0.52M |$14.90M  |
5| Barbie                     |$2.41M    |-10%  |/    |36126 |0.50M |$16.06M  |$38M
6| Wonder Family              |$1.52M    |-18%  |/    |32687 |0.26M |$36.53M  |$50M
7| Oh my School               |$1.14M    |-6%   |-54% |22388 |0.20M |$36.70M  |$47M
8| Lost In The Stars          |$0.73M    |-8%   |-70% |15713 |0.13M |$481.45M |$492M 
9| MI7:Dead Reckoning         |$0.66M    |-8%   |-73% |9204  |0.11M |$43.02M  |$51M
10| The White Storm 3         |$0.08M    |-5%   |-85% |1834  |13k   |$38.32M  |$39M
11| Super Wings: Maximum Speed|$0.05M    |-5%   |-60% |2444  |9k    |$8.66M   |$9M
12| Transformers:ROTB         |$0.03M    |-5%   |-55% |744   |5k    |$90.50M  |$91M

*YD=Yesterday, LW=Last Week

---
###**Barbie**

Settling into a more predictable lane now. Slowly droping in weekdays. The weekend is likely gonna be down from the last one although not by much.

WoM remains very good slipping just a bit from the initial numbers which is expected. Now a 9.2 on Maoyan and slipping to a still impressive 8.5 on Douban. Some of the highest for Holywood this year for both.

|#|FRI|SAT |SUN |MON|TUE|WED|THU|Total
:-----------:|:-----------:|:------------:|:------------:|:------------:|:------------:|:------------:|:------------:|:------------:|:------------:|
First Week|$1.16M|$2.73M|$4.18M|$2.90M|$2.68M|$2.41M|/|$16.06M

**Scheduled showings update for Barbie for the next few days:**

|Day |  Number of Showings |Presales|Projection
:----------- |:-----------:|:-----------:|:-----------:|
Today|36126|$728k|$2.46M 
Thursday|35860|$615k|$2.21M 
Friday|14781|$111k|$1.72M 
---
###**Wonder Family**

The biggest drop in the top 10 once again. Total projections now almost under $50M. A far cry from the $111M on the movies opening day on Friday.


|#|FRI|SAT |SUN |MON|TUE|WED|THU|Total
:-----------:|:-----------:|:------------:|:------------:|:------------:|:------------:|:------------:|:------------:|:------------:|:------------:|
First Week|$12.15M|$11.10M|$7.51M|$2.47M|$1.86M|$1.52M|/|$36.53M

**Scheduled showings update for Wonder Family for the next few days:**

|Day |  Number of Showings |Presales|Projection
:----------- |:-----------:|:-----------:|:-----------:|
Today|32687|$147k|$1.47M  
Thursday|30657|$124k|$1.23M  
Friday|7611|$7k|$0.86M  
---
###**Creation Of The Gods**

Almost $1M over projections today. Heading for a very likely increase on its 2nd weekend.

|#|THU|FRI |SAT |SUN|MON|TUE|WED|Total
:-----------:|:-----------:|:------------:|:------------:|:------------:|:------------:|:------------:|:------------:|:------------:|:------------:|
First Week|$11.10M|$8.13M|$15.75M|$18.11M|$10.86M|$11.02M|$10.89M|$85.86M

**Scheduled showings update for Creation Of The Gods for the next few days:**

|Day |  Number of Showings |Presales|Projection
:----------- |:-----------:|:-----------:|:-----------:|
Today|84901|$1M|$9.90M 
Thursday|86689|$845k|$10.35M
Friday|59552|$311k|$11.15M  
---
###**Mission Impossible Dead Reckoning**

Another 70%+ drop for MI7. Weekend probably gonna be under $2M. $50M really touch and go.

|#|FRI|SAT |SUN |MON|TUE|WED|THU|Total
:-----------:|:-----------:|:------------:|:------------:|:------------:|:------------:|:------------:|:------------:|:------------:|:------------:|
First Week|$7.42M|10.13|$8.25M|$3.10M|$2.75M|$2.41M|$1.69M|$35.75M
Secod Week|$1.03M|$1.93M|$2.10M|$0.83M|$0.72M|$0.66M|/|$43.02M
|%± LW|-86%|-81%|-75%|-73%|-74%|-73%|/|/|
**Scheduled showings update for Dead Reckoning for the next few days:**

|Day |  Number of Showings |Presales|Projection
:----------- |:-----------:|:-----------:|:-----------:|
Today|9204|$109k|$0.64M 
Thursday|9059|$92k|$0.58M 
Friday|2451|$13k|$0.40M 
---

***
###**Other stuff:**

Next big few holywood releases are MEG2 on the 4th August and Oppenheimer which does not have a date yet. Some WTS(Want To See Numbers) for those movies as well as some comparisons to how other revelant movies in a comparable number of days till release. Note these are not pre-sales. This is just a checkbox on Maoyan saying that your interested in the movie. The pre-sales are only ever in tables.

**MEG2** 608k(+7k) vs **Fast X:** 702k (+47k)

MEG 2 pre-sales still going strong now past $1M for its opening day with still over a week to go.

Opening day pre-sales comparison:

|Days till release | Creation Of The Gods Part 1 | Wonder Family |Lost In The Stars |Transformers ROTB|Fast X|The Meg 2  |The Meg 
:----------- |:-----------:|:-----------:|:-----------:|:-----------:|:-----------:|:-----------:|:-----------:|:-----------:|:-----------:|
12|$203k/18616|          |$93k/22228    |       |                     |$497k/34372|$339k/18679
11|$221k/19085|          |$162k/25858   |       |                     |$640k/38455|$435k/19840
10|$240k/19478|$68k/32748|$233k/28535   |       |                     |$789k/42955|$556k/22182
9|$353k/21633|$290k/44426|$302k/31672    |       |                    |$951k/46289|$763k/25264
8|$498k/22873|$497k/49041|$397k/34388    |       |                    |$1.15M/50034|$945k/27463
7|$616k/24049|$642k/52977|$571k/39422    |       |                     ||$1.19M/29629
6|$699k/25284|$793k/56363|$705k/44992    |             |$196k/69382    ||$1.62M/32376
5|$785k/26673|$925k/59299|$802k/50423   |$121k/71289  |$471k/82292    | |$1.93M/34145	
4|$861k/28606|$1.07M/62121|$902k/55347  |$312k/83324  |$728k/92034    ||$2.30M/35854
3|$961k/30621|$1.28M/68808|$1.05M/61048 |$592k/94438  |$988k/103517   ||$2.75M/40533		
2|$1.11M/35990|$1.56M/80988|$1.29M/76567|$946k/106022 |$1.35M/114980 | |$3.22M/48395
1|$1.36M/46824|$2.03M/114817|$1.68M/119658|$1.45M/136762|$2.08M/140431||$3.93M/59242	
0|$2.08M/60004|$3.31M/142828|$3.54M/149993|$2.78M/162406|$3.97M/168748||$5.66M/70354	
*Gross/Screenings

***

**Gran Turismo** 23k(+1k)

**Oppenheimer** $101k(+9k)

Officialy confirmed to relese on the 30th August",barbie,BOX_OFFICE,,,"in china barbie grossed a solid $2.41m/$16m on wed. creation of the gods impressive staying almost flat from yesterday and beating projections by almost $1m with $10.9m/$86m ahead of 30,000 miles from chang’an $5.1m(-33%)/$181m. mi7 grossed $0.66m(-73%)/43m. meg 2 opening day pre-sales hit $1.15m. ---
#daily box office (26th of july 2023)

creation of the gods part 1 really putting up an impressive showing now. 30,000 miles from chang’an still behind it now slowly settling into a more normal run. behind most movies drop predictably well except one and only which releases on friday but has now almost collected $15m across its various pre-screanings adding $3m today after jumping barbie.


|# | movie                 |gross|%yd| %lw|screenings|admisions(today)|total gross|projected total gross|
:----------- |:-----------|:-----------:|:-----------:|:-----------:|:-----------:|:-----------:|:-----------:|:-----------:|
1| creation of the gods       |$10.89m   |-1%   |/    |84901 |1.8m  |$85.86m  |$316m
2| 30,000 miles from chang’an |$5.12m    |-13%  |-33% |64699 |0.89m |$181.21m |$250m
3| never say never            |$3.52m    |-4%   |-50% |47968 |0.62m |$254.67m |$306m
4| one and only(pre-screenings)|$3.03m   |+19%  |/    |29580 |0.52m |$14.90m  |
5| barbie                     |$2.41m    |-10%  |/    |36126 |0.50m |$16.06m  |$38m
6| wonder family              |$1.52m    |-18%  |/    |32687 |0.26m |$36.53m  |$50m
7| oh my school               |$1.14m    |-6%   |-54% |22388 |0.20m |$36.70m  |$47m
8| lost in the stars          |$0.73m    |-8%   |-70% |15713 |0.13m |$481.45m |$492m 
9| mi7:dead reckoning         |$0.66m    |-8%   |-73% |9204  |0.11m |$43.02m  |$51m
10| the white storm 3         |$0.08m    |-5%   |-85% |1834  |13k   |$38.32m  |$39m
11| super wings: maximum speed|$0.05m    |-5%   |-60% |2444  |9k    |$8.66m   |$9m
12| transformers:rotb         |$0.03m    |-5%   |-55% |744   |5k    |$90.50m  |$91m

*yd=yesterday, lw=last week

---
###**barbie**

settling into a more predictable lane now. slowly droping in weekdays. the weekend is likely gonna be down from the last one although not by much.

wom remains very good slipping just a bit from the initial numbers which is expected. now a 9.2 on maoyan and slipping to a still impressive 8.5 on douban. some of the highest for holywood this year for both.

|#|fri|sat |sun |mon|tue|wed|thu|total
:-----------:|:-----------:|:------------:|:------------:|:------------:|:------------:|:------------:|:------------:|:------------:|:------------:|
first week|$1.16m|$2.73m|$4.18m|$2.90m|$2.68m|$2.41m|/|$16.06m

**scheduled showings update for barbie for the next few days:**

|day |  number of showings |presales|projection
:----------- |:-----------:|:-----------:|:-----------:|
today|36126|$728k|$2.46m 
thursday|35860|$615k|$2.21m 
friday|14781|$111k|$1.72m 
---
###**wonder family**

the biggest drop in the top 10 once again. total projections now almost under $50m. a far cry from the $111m on the movies opening day on friday.


|#|fri|sat |sun |mon|tue|wed|thu|total
:-----------:|:-----------:|:------------:|:------------:|:------------:|:------------:|:------------:|:------------:|:------------:|:------------:|
first week|$12.15m|$11.10m|$7.51m|$2.47m|$1.86m|$1.52m|/|$36.53m

**scheduled showings update for wonder family for the next few days:**

|day |  number of showings |presales|projection
:----------- |:-----------:|:-----------:|:-----------:|
today|32687|$147k|$1.47m  
thursday|30657|$124k|$1.23m  
friday|7611|$7k|$0.86m  
---
###**creation of the gods**

almost $1m over projections today. heading for a very likely increase on its 2nd weekend.

|#|thu|fri |sat |sun|mon|tue|wed|total
:-----------:|:-----------:|:------------:|:------------:|:------------:|:------------:|:------------:|:------------:|:------------:|:------------:|
first week|$11.10m|$8.13m|$15.75m|$18.11m|$10.86m|$11.02m|$10.89m|$85.86m

**scheduled showings update for creation of the gods for the next few days:**

|day |  number of showings |presales|projection
:----------- |:-----------:|:-----------:|:-----------:|
today|84901|$1m|$9.90m 
thursday|86689|$845k|$10.35m
friday|59552|$311k|$11.15m  
---
###**mission impossible dead reckoning**

another 70%+ drop for mi7. weekend probably gonna be under $2m. $50m really touch and go.

|#|fri|sat |sun |mon|tue|wed|thu|total
:-----------:|:-----------:|:------------:|:------------:|:------------:|:------------:|:------------:|:------------:|:------------:|:------------:|
first week|$7.42m|10.13|$8.25m|$3.10m|$2.75m|$2.41m|$1.69m|$35.75m
secod week|$1.03m|$1.93m|$2.10m|$0.83m|$0.72m|$0.66m|/|$43.02m
|%± lw|-86%|-81%|-75%|-73%|-74%|-73%|/|/|
**scheduled showings update for dead reckoning for the next few days:**

|day |  number of showings |presales|projection
:----------- |:-----------:|:-----------:|:-----------:|
today|9204|$109k|$0.64m 
thursday|9059|$92k|$0.58m 
friday|2451|$13k|$0.40m 
---

***
###**other stuff:**

next big few holywood releases are meg2 on the 4th august and oppenheimer which does not have a date yet. some wts(want to see numbers) for those movies as well as some comparisons to how other revelant movies in a comparable number of days till release. note these are not pre-sales. this is just a checkbox on maoyan saying that your interested in the movie. the pre-sales are only ever in tables.

**meg2** 608k(+7k) vs **fast x:** 702k (+47k)

meg 2 pre-sales still going strong now past $1m for its opening day with still over a week to go.

opening day pre-sales comparison:

|days till release | creation of the gods part 1 | wonder family |lost in the stars |transformers rotb|fast x|the meg 2  |the meg 
:----------- |:-----------:|:-----------:|:-----------:|:-----------:|:-----------:|:-----------:|:-----------:|:-----------:|:-----------:|
12|$203k/18616|          |$93k/22228    |       |                     |$497k/34372|$339k/18679
11|$221k/19085|          |$162k/25858   |       |                     |$640k/38455|$435k/19840
10|$240k/19478|$68k/32748|$233k/28535   |       |                     |$789k/42955|$556k/22182
9|$353k/21633|$290k/44426|$302k/31672    |       |                    |$951k/46289|$763k/25264
8|$498k/22873|$497k/49041|$397k/34388    |       |                    |$1.15m/50034|$945k/27463
7|$616k/24049|$642k/52977|$571k/39422    |       |                     ||$1.19m/29629
6|$699k/25284|$793k/56363|$705k/44992    |             |$196k/69382    ||$1.62m/32376
5|$785k/26673|$925k/59299|$802k/50423   |$121k/71289  |$471k/82292    | |$1.93m/34145	
4|$861k/28606|$1.07m/62121|$902k/55347  |$312k/83324  |$728k/92034    ||$2.30m/35854
3|$961k/30621|$1.28m/68808|$1.05m/61048 |$592k/94438  |$988k/103517   ||$2.75m/40533		
2|$1.11m/35990|$1.56m/80988|$1.29m/76567|$946k/106022 |$1.35m/114980 | |$3.22m/48395
1|$1.36m/46824|$2.03m/114817|$1.68m/119658|$1.45m/136762|$2.08m/140431||$3.93m/59242	
0|$2.08m/60004|$3.31m/142828|$3.54m/149993|$2.78m/162406|$3.97m/168748||$5.66m/70354	
*gross/screenings

***

**gran turismo** 23k(+1k)

**oppenheimer** $101k(+9k)

officialy confirmed to relese on the 30th august"
What Are Your Predictions for TMNT: Mutant Mayhem?,"I'm actually quite optimistic about this one. The marketing has been pretty on point so far. That spot they had in front of Barbie was a great idea. I'm not sure how beloved of a franchise the turtles are these days. I think Michael Bay and Nickelodeon have killed off some of the goodwill for the series. But a lot of the marketing around this has focused around emphasizing that this is a back to basics version of the team and will really highlight the 'teenage' part of their name. I think that might do 400m domestic with a worldwide total of 500m. The budget is reportedly around 70-80m. I think this is going to be one of the big winners of the summer. 

What do y'all think?",barbie,BOX_OFFICE,,,"what are your predictions for tmnt: mutant mayhem?. i'm actually quite optimistic about this one. the marketing has been pretty on point so far. that spot they had in front of barbie was a great idea. i'm not sure how beloved of a franchise the turtles are these days. i think michael bay and nickelodeon have killed off some of the goodwill for the series. but a lot of the marketing around this has focused around emphasizing that this is a back to basics version of the team and will really highlight the 'teenage' part of their name. i think that might do 400m domestic with a worldwide total of 500m. the budget is reportedly around 70-80m. i think this is going to be one of the big winners of the summer. 

what do y'all think?"
"Korea Pre-Sales: Oppenheimer EXPLODES past $1M+ with 78,728 tickets sold so far(releases 15 AUG),a record $13.7 ATP,Barbie FLOPS &amp; Elemental not a Flip instead A BOX OFFICE MONSTER with 5,955,156 tickets sold for a running $45M+ with $7.56.Local hit Smuggling at $17.8M+.What's your Predictions?","Oppenheimer looks to SCORE huge $14M-$20M OW, $45M-$65M final at KOREA BO. Barbie Flops. Elemental eyes $60M+ . Oppenheimer has a great chance at crossing $750M+ mark with Korea this huge. I'll update as release nears.",barbie,BOX_OFFICE,,,"korea pre-sales: oppenheimer explodes past $1m+ with 78,728 tickets sold so far(releases 15 aug),a record $13.7 atp,barbie flops &amp; elemental not a flip instead a box office monster with 5,955,156 tickets sold for a running $45m+ with $7.56.local hit smuggling at $17.8m+.what's your predictions?. oppenheimer looks to score huge $14m-$20m ow, $45m-$65m final at korea bo. barbie flops. elemental eyes $60m+ . oppenheimer has a great chance at crossing $750m+ mark with korea this huge. i'll update as release nears."
What movie do you think will finally dethrone Barbie?,Barbie's been #1 at the box office for three weekends in a row. What movie do you think will finally knock it off the top spot?,barbie,BOX_OFFICE,,,what movie do you think will finally dethrone barbie?. barbie's been #1 at the box office for three weekends in a row. what movie do you think will finally knock it off the top spot?
Barbie is being compared to twilight. A reminder twilight came out 14 years ago. Twilight movies domestic adjusted gross puts them at 400 million. Which is more than spiderverse. Even without PLFs. Barbie has a clear path to a billion.,"If the twilight movies came out in 2023 even without PLFs those would be billion dollar movies. People are forgetting inflation when they compare twilight to barbie. And like barbie twilight didn't have plfs either.

Barbie has a clear path to a billion.  It just needs to open more than what twilight did.  If it can clear the upper ends of the speculation.  170 plus million and plus how it's looking to blow up in Latin America and Europe it will hit a billion. 


The magic number domestically for barbie is 400 million.  It just needs to play out like twilight.",barbie,BOX_OFFICE,,,"barbie is being compared to twilight. a reminder twilight came out 14 years ago. twilight movies domestic adjusted gross puts them at 400 million. which is more than spiderverse. even without plfs. barbie has a clear path to a billion.. if the twilight movies came out in 2023 even without plfs those would be billion dollar movies. people are forgetting inflation when they compare twilight to barbie. and like barbie twilight didn't have plfs either.

barbie has a clear path to a billion.  it just needs to open more than what twilight did.  if it can clear the upper ends of the speculation.  170 plus million and plus how it's looking to blow up in latin america and europe it will hit a billion. 


the magic number domestically for barbie is 400 million.  it just needs to play out like twilight."
"Now that we know Barbie isn’t frontloaded, what are your domestic predictions?",I think this will come close to mario and make 550m. Capacity was obviously an issue because this stayed flat through the weekend.,barbie,BOX_OFFICE,,,"now that we know barbie isn’t frontloaded, what are your domestic predictions?. i think this will come close to mario and make 550m. capacity was obviously an issue because this stayed flat through the weekend."
I think The Marvels will make less than $400M globally,"This movie is being sold as a team up between Captain Marvel (whose movie I think was pretty clearly only a hit because it was sandwiched between Infinity War and Endgame), Monica Rambeau (a secondary character from WandaVision, a streaming show from what will be nearly 3 years ago when The Marvels releases), Ms. Marvel (a little-watched streaming show aimed at teenagers), and Nick Fury (coming off the absolutely despised Secret Invasion show). 

We all know the MCU is in its most dire straits ever at the moment. This movie is coming at the absolute worst time. Quantumania was roundly rejected. Secret Invasion was roundly rejected. Audiences being so burned out by sequel after sequel and universe after universe is part of the reason why I think Barbenheimer did so well. It's not looking good for Marvel, not good at all.",barbie,BOX_OFFICE,,,"i think the marvels will make less than $400m globally. this movie is being sold as a team up between captain marvel (whose movie i think was pretty clearly only a hit because it was sandwiched between infinity war and endgame), monica rambeau (a secondary character from wandavision, a streaming show from what will be nearly 3 years ago when the marvels releases), ms. marvel (a little-watched streaming show aimed at teenagers), and nick fury (coming off the absolutely despised secret invasion show). 

we all know the mcu is in its most dire straits ever at the moment. this movie is coming at the absolute worst time. quantumania was roundly rejected. secret invasion was roundly rejected. audiences being so burned out by sequel after sequel and universe after universe is part of the reason why i think barbenheimer did so well. it's not looking good for marvel, not good at all."
Do films need to be exceptional in quality now to be a Box Office success in the post-Covid reality of films?,"And even with exceptional quality, do the also need exceptional trailers, marketing and literally everything being exceptional for them to be successes?

With the many box office disappointments of the year, even from movies of exceptional quality that are liked by both critics and audiences like D&amp;D and the newest Mission Impossible, do movies now that to literally have everything going on for them to be a movie that a lot of people watch and generate box office success? It feels like audiences now no longer care for even movies that are good, they need to be literally as close to ""perfect"" as possible in not only quality but also on hype, marketing, promotion, trailers, social media reactions and discussion, to be a success, otherwise they will wait for it release on streaming.

Thoughts?",mission_impossible,BOX_OFFICE,,,"do films need to be exceptional in quality now to be a box office success in the post-covid reality of films?. and even with exceptional quality, do the also need exceptional trailers, marketing and literally everything being exceptional for them to be successes?

with the many box office disappointments of the year, even from movies of exceptional quality that are liked by both critics and audiences like d&amp;d and the newest mission impossible, do movies now that to literally have everything going on for them to be a movie that a lot of people watch and generate box office success? it feels like audiences now no longer care for even movies that are good, they need to be literally as close to ""perfect"" as possible in not only quality but also on hype, marketing, promotion, trailers, social media reactions and discussion, to be a success, otherwise they will wait for it release on streaming.

thoughts?"
Do you see Indiana Jones 5 crossing 500 million?,"Do you see Indiana Jones 5 crossing 500 million? I know the total budget plus marketing is something like 425 mil so it needs like 850 just to break even. But I think it will stall around 500 million. It's already being somewhat in a wrestling match with Insidious Red Door and Sound of Freedom but Wednesday Mission Impossible 7 is dropping and I'm sure that's the same crowed of Indi, then 2 weeks later it's Barbie and Oppenheimer and some others like The Flood,Cobweb,The Island and The League . Not to mention Haunted Mansion, TMNT Mutant Mayhem and Meg 2.",barbie,BOX_OFFICE,,,"do you see indiana jones 5 crossing 500 million?. do you see indiana jones 5 crossing 500 million? i know the total budget plus marketing is something like 425 mil so it needs like 850 just to break even. but i think it will stall around 500 million. it's already being somewhat in a wrestling match with insidious red door and sound of freedom but wednesday mission impossible 7 is dropping and i'm sure that's the same crowed of indi, then 2 weeks later it's barbie and oppenheimer and some others like the flood,cobweb,the island and the league . not to mention haunted mansion, tmnt mutant mayhem and meg 2."
*UPDATED* 10 Biggest Weekday (MON-THUR) Totals,"&amp;#x200B;

|Movie|Gross |Weekday Number |
|:-|:-|:-|
|1. The Force Awakens |$142.9M|\#1|
|2. Spider-Man: No Way Home |$125.8M|\#1|
|3. Avengers: Endgame |$116.8M|\#1|
|4. Rise of Skywalker |$112.4M|\#1|
|5. The Force Awakens |$111.9M|\#2|
|6. Avatar: The Way of Water |$97.1M|\#2|
|7. The Last Jedi |$96.5M|\#2|
|8. Barbie |$96.4M|\#1|
|9. Black Panther |$90M|\#1|
|10. Rogue One|$89.4M|\#2|

This is an update to a post I made several months ago about the biggest weekday (Monday-Thursday) totals. Barbie is the latest addition to this list with a massive $96.4M weekday total. Barbie has the second biggest non-December weekday total in history after Avengers: Endgame.",barbie,BOX_OFFICE,,,"*updated* 10 biggest weekday (mon-thur) totals. &amp;#x200b;

|movie|gross |weekday number |
|:-|:-|:-|
|1. the force awakens |$142.9m|\#1|
|2. spider-man: no way home |$125.8m|\#1|
|3. avengers: endgame |$116.8m|\#1|
|4. rise of skywalker |$112.4m|\#1|
|5. the force awakens |$111.9m|\#2|
|6. avatar: the way of water |$97.1m|\#2|
|7. the last jedi |$96.5m|\#2|
|8. barbie |$96.4m|\#1|
|9. black panther |$90m|\#1|
|10. rogue one|$89.4m|\#2|

this is an update to a post i made several months ago about the biggest weekday (monday-thursday) totals. barbie is the latest addition to this list with a massive $96.4m weekday total. barbie has the second biggest non-december weekday total in history after avengers: endgame."
How much would Barbie have grossed without the Barbie IP?,Lets say the movie stays exactly the same except all of the Barbie's are now called Alice and all of the Kens are now called Bob. Mattel is some generic corporation with a different name too. How much would a hypothetical 'Alice' movie gross?,barbie,BOX_OFFICE,,,how much would barbie have grossed without the barbie ip?. lets say the movie stays exactly the same except all of the barbie's are now called alice and all of the kens are now called bob. mattel is some generic corporation with a different name too. how much would a hypothetical 'alice' movie gross?
How you think holdovers will do?,"Other than Mission Impossible, all holdovers are down to one screening a day at my local. Will this kill legs?",mission_impossible,BOX_OFFICE,,,"how you think holdovers will do?. other than mission impossible, all holdovers are down to one screening a day at my local. will this kill legs?"
We might see the first post-pandemic Top 10 Gross of $300M+ this weekend with the debuts of Barbie and Oppenheimer. The last time this happened was when Avengers: Endgame opened.,"And even if the Top 10 Gross this weekend falls just short of $300M, the remaining films outside the top 10 might make enough to still have the overall weekend gross pass $300M.",barbie,BOX_OFFICE,,,"we might see the first post-pandemic top 10 gross of $300m+ this weekend with the debuts of barbie and oppenheimer. the last time this happened was when avengers: endgame opened.. and even if the top 10 gross this weekend falls just short of $300m, the remaining films outside the top 10 might make enough to still have the overall weekend gross pass $300m."
What were your predictions at the start of the year and how many did you get right? Anyone get any big predictions correct that went against the common view at the time?,"* Guardians of the Galaxy Volume 3: $1.1b

* Mario: $1.1b

* The Flash: $300m

* Fast X: $900m

* Shazam! Fury of the Gods: $250m

* Dungeons and Dragons: Honour Among Thieves: $300m

* Scream 6: $120m

* Air: $80m

* Napoleon: $200m

* Killers of the Flower Moon: $175m

* The Exorcist: $120m 

* The Expendables 4: $190m

* Poor Things: $55m

* Asteroid City: $55m

* Indiana Jones and the Dial of Destiny: $850m

* 65: $80m

* Dune pt2 - $600m

* Spider-Man ATSV - $450m

* John Wick Chapter 4 - $500m

* Evil Dead Rise - $90m

* Ant-Man: Quantumania - $700m

* Beau is Afraid - $25m

* Creed 3 - $200m

* The Little Mermaid - $800m

* Barbie - $500m

* Oppenheimer - $320m

* Transformers: Rise of the Beasts - $500m

* Elemental - $600m

* Mission Impossible - Dead Reckoning pt1: $900m

As you can see I personally didn’t get many on the dot but I got pretty close on a few. I was always sure The Flash would flop and Mario would break out but I *way* over predicted the Disney lineup of Indiana Jones, TLM, Ant-Man and Elemental. I thought Shazam!, Beau is Afraid and D&amp;D would flop but I couldn’t predict how bad they would flop.

I’m really hoping I’m wrong about Killers of the Flower Moon, Poor Things and Napoleon because I love the directors and cast of those films but I’m not optimistic about their performance. I’m pretty sure I’m gonna be wrong about Mission Impossible as well, at this point I feel around $850m is it’s ceiling.",barbie,BOX_OFFICE,,,"what were your predictions at the start of the year and how many did you get right? anyone get any big predictions correct that went against the common view at the time?. * guardians of the galaxy volume 3: $1.1b

* mario: $1.1b

* the flash: $300m

* fast x: $900m

* shazam! fury of the gods: $250m

* dungeons and dragons: honour among thieves: $300m

* scream 6: $120m

* air: $80m

* napoleon: $200m

* killers of the flower moon: $175m

* the exorcist: $120m 

* the expendables 4: $190m

* poor things: $55m

* asteroid city: $55m

* indiana jones and the dial of destiny: $850m

* 65: $80m

* dune pt2 - $600m

* spider-man atsv - $450m

* john wick chapter 4 - $500m

* evil dead rise - $90m

* ant-man: quantumania - $700m

* beau is afraid - $25m

* creed 3 - $200m

* the little mermaid - $800m

* barbie - $500m

* oppenheimer - $320m

* transformers: rise of the beasts - $500m

* elemental - $600m

* mission impossible - dead reckoning pt1: $900m

as you can see i personally didn’t get many on the dot but i got pretty close on a few. i was always sure the flash would flop and mario would break out but i *way* over predicted the disney lineup of indiana jones, tlm, ant-man and elemental. i thought shazam!, beau is afraid and d&amp;d would flop but i couldn’t predict how bad they would flop.

i’m really hoping i’m wrong about killers of the flower moon, poor things and napoleon because i love the directors and cast of those films but i’m not optimistic about their performance. i’m pretty sure i’m gonna be wrong about mission impossible as well, at this point i feel around $850m is it’s ceiling."
This year proves that Gen Z matter the most when it comes to box office..,"Barbie and Oppenheimer had insane social media presence and high amount of memes, was talked upon by gen z. Memes were shared all across the internet. Mario is the biggest gaming icon and guess what? Gen z favourite entertainment pastime is gaming. I can bet if we make a good movies of something like god of wars with top actor, 1 billion+ is locked. What’s gen Z’s favourite superhero? It’s Spider-Man. What is a superhero franchise that was made in our generation? It’s guardians of the galaxy. 

What’s millennials/boomers favourite things? That’s Indiana jones, mission impossible, dungeons and dragons, Keaton’s batman and transformers.",barbie,BOX_OFFICE,,,"this year proves that gen z matter the most when it comes to box office... barbie and oppenheimer had insane social media presence and high amount of memes, was talked upon by gen z. memes were shared all across the internet. mario is the biggest gaming icon and guess what? gen z favourite entertainment pastime is gaming. i can bet if we make a good movies of something like god of wars with top actor, 1 billion+ is locked. what’s gen z’s favourite superhero? it’s spider-man. what is a superhero franchise that was made in our generation? it’s guardians of the galaxy. 

what’s millennials/boomers favourite things? that’s indiana jones, mission impossible, dungeons and dragons, keaton’s batman and transformers."
"Barbie will have insane legs, $700m DOM. Come fight me.",I just want some drama,barbie,BOX_OFFICE,,,"barbie will have insane legs, $700m dom. come fight me.. i just want some drama"
Will Ruby Gillman Teenage Kracken be the only major animated flop this year?,"Mario and Spider Verse were huge hits, and Elemental looks to end up doing ok/barely breaking even.

The remainder of the year we have:

TMNT Mutant Mayhem

Paw Patrol The Mighty Movie 

Trolls Band Together 

Wish

Migration 

Will any of these be flops, or will Ruby Gillman be the only animated flop from a major studio in 2023?",tmnt,BOX_OFFICE,,,"will ruby gillman teenage kracken be the only major animated flop this year?. mario and spider verse were huge hits, and elemental looks to end up doing ok/barely breaking even.

the remainder of the year we have:

tmnt mutant mayhem

paw patrol the mighty movie 

trolls band together 

wish

migration 

will any of these be flops, or will ruby gillman be the only animated flop from a major studio in 2023?"
Will Barbie cross Deathly Hallows Part 2 to become WB’s highest grossing film?,It needs to make $1.34B globally,barbie,BOX_OFFICE,,,will barbie cross deathly hallows part 2 to become wb’s highest grossing film?. it needs to make $1.34b globally
What are the largest overall weekends at the box office of all time?,"With the upcoming weekend of Barbenheimer  + MI7, I was curious if the weekend could crack into like a top 10 overall weekend of all time or something, but I can't seem to find a list of overall weekends anywhere.

Does anyone know where to find such a list?",barbie,BOX_OFFICE,,,"what are the largest overall weekends at the box office of all time?. with the upcoming weekend of barbenheimer  + mi7, i was curious if the weekend could crack into like a top 10 overall weekend of all time or something, but i can't seem to find a list of overall weekends anywhere.

does anyone know where to find such a list?"
Monday news from South Korea! MI takes it convincingly with good walk-ups. Elemental remain firmly in second. Detective Conan is starting to look extremely frontloaded. Barbie and insidious fighting for 4th,"MI7 keeps holding off Elemental but for how much longer? Elemental for the first time holds the lead on presales against MI for tuesday. However, MI is likely to win by about 10k admission as MI walk-ups continue to beat Elemental easily.",barbie,BOX_OFFICE,,,"monday news from south korea! mi takes it convincingly with good walk-ups. elemental remain firmly in second. detective conan is starting to look extremely frontloaded. barbie and insidious fighting for 4th. mi7 keeps holding off elemental but for how much longer? elemental for the first time holds the lead on presales against mi for tuesday. however, mi is likely to win by about 10k admission as mi walk-ups continue to beat elemental easily."
"What are some years where one movie was expected to be the highest grosser, but was unexpectedly beaten by another movie?","A few months ago, it seemed like the Super Mario Bros movie was a lock for highest grossing movie of 2023, but now it seems like Barbie will actually beat it.

I’d imagine that for most years of box office, the highest grossing movie will always be obvious, but how many exceptions have there been? 2020 doesn’t count since the pandemic caused everything to be delayed. No way Demon Slayer would have been #1 without COVID.",barbie,BOX_OFFICE,,,"what are some years where one movie was expected to be the highest grosser, but was unexpectedly beaten by another movie?. a few months ago, it seemed like the super mario bros movie was a lock for highest grossing movie of 2023, but now it seems like barbie will actually beat it.

i’d imagine that for most years of box office, the highest grossing movie will always be obvious, but how many exceptions have there been? 2020 doesn’t count since the pandemic caused everything to be delayed. no way demon slayer would have been #1 without covid."
"Here’s Today’s Box-Office Report from my Theater (Tuesday, August 8th): (Regal Value Tuesdays)","- Teenage Mutant Ninja Turtles: Mutant Mayhem (2D (3 Screens/12 Showings): 174 Tickets/3D (1 Screen/1 Showing): 8 Tickets/Total (3 Screens/13 Showings): 182 Tickets
- Barbie (2023) (3 Screens/11 Showings): 173 Tickets
- Oppenheimer (2 Screens/7 Showings): 167 Tickets
- Meg 2: The Trench (2D (3 Screens/11 Showings): 149 Tickets/3D (1 Screen/1 Showing): 5 Tickets/Total (3 Screens/12 Showings): 154 Tickets
- Sound of Freedom (1 Screen/3 Showings): 62 Tickets
- SMX23: Kung Fu Panda 3 (1 Screen/1 Showing): 43 Tickets
- Talk To Me (2023) (1 Screen/4 Showings): 41 Tickets
- Haunted Mansion (2023) (1 Screen/4 Showings): 40 Tickets
- SMX23: Curious George (1 Screen/1 Showing): 32 Tickets
- Mission: Impossible - Dead Reckoning Part One (3 Screens/3 Showings): 19 Tickets
- Dreamin’ Wild (1 Screen/1 Showing): 7 Tickets
- Princess Mononoke - Studio Ghibli Fest 2023 (English Dubbed) (Fathom Events) (1 Screen/1 Showing): 4 Tickets
- Insidious: The Red Door (1 Screen/1 Showing): 3 Tickets

Which means 927 Tickets have been sold today.

NOTE 1: Auditorium 12 is Temporarily Closed here due to heat complaints from the customers because the A/C for that auditorium was broken.

NOTE 2: Sound of Freedom and One of the Prints for Mission: Impossible - Dead Reckoning Part One shared the same auditorium.

NOTE 3: Dreamin’ Wild and One of the Prints for Meg 2: The Trench (2D &amp; 3D) shared the same auditorium.

NOTE 4: The 2D &amp; 3D showings for Meg 2: The Trench shared one of the their auditoriums.

NOTE 5: One of the Prints for Haunted Mansion (2023) and One of the Prints for Mission: Impossible - Dead Reckoning Part One shared the same auditorium.

NOTE 6: The 2D &amp; 3D showings for Teenage Mutant Ninja Turtles: Mutant Mayhem shared one of the their auditoriums.

NOTE 7: Talk To Me (2023) and Insidious: The Red Door shared the same auditorium.

NOTE 8: SMX23: Kung Fu Panda 3 and One of the Prints for Barbie (2023) shared the same auditorium.

NOTE 9: SMX23: Curious George, One of the Prints for Mission: Impossible - Dead Reckoning Part One &amp; Princess Mononoke - Studio Ghibli Fest 2023 (English Dubbed) (Fathom Events) all shared the same auditorium.

Next time I'll be back at work to post another one will be Tomorrow around 10:45pm (MDT).",barbie,BOX_OFFICE,,,"here’s today’s box-office report from my theater (tuesday, august 8th): (regal value tuesdays). - teenage mutant ninja turtles: mutant mayhem (2d (3 screens/12 showings): 174 tickets/3d (1 screen/1 showing): 8 tickets/total (3 screens/13 showings): 182 tickets
- barbie (2023) (3 screens/11 showings): 173 tickets
- oppenheimer (2 screens/7 showings): 167 tickets
- meg 2: the trench (2d (3 screens/11 showings): 149 tickets/3d (1 screen/1 showing): 5 tickets/total (3 screens/12 showings): 154 tickets
- sound of freedom (1 screen/3 showings): 62 tickets
- smx23: kung fu panda 3 (1 screen/1 showing): 43 tickets
- talk to me (2023) (1 screen/4 showings): 41 tickets
- haunted mansion (2023) (1 screen/4 showings): 40 tickets
- smx23: curious george (1 screen/1 showing): 32 tickets
- mission: impossible - dead reckoning part one (3 screens/3 showings): 19 tickets
- dreamin’ wild (1 screen/1 showing): 7 tickets
- princess mononoke - studio ghibli fest 2023 (english dubbed) (fathom events) (1 screen/1 showing): 4 tickets
- insidious: the red door (1 screen/1 showing): 3 tickets

which means 927 tickets have been sold today.

note 1: auditorium 12 is temporarily closed here due to heat complaints from the customers because the a/c for that auditorium was broken.

note 2: sound of freedom and one of the prints for mission: impossible - dead reckoning part one shared the same auditorium.

note 3: dreamin’ wild and one of the prints for meg 2: the trench (2d &amp; 3d) shared the same auditorium.

note 4: the 2d &amp; 3d showings for meg 2: the trench shared one of the their auditoriums.

note 5: one of the prints for haunted mansion (2023) and one of the prints for mission: impossible - dead reckoning part one shared the same auditorium.

note 6: the 2d &amp; 3d showings for teenage mutant ninja turtles: mutant mayhem shared one of the their auditoriums.

note 7: talk to me (2023) and insidious: the red door shared the same auditorium.

note 8: smx23: kung fu panda 3 and one of the prints for barbie (2023) shared the same auditorium.

note 9: smx23: curious george, one of the prints for mission: impossible - dead reckoning part one &amp; princess mononoke - studio ghibli fest 2023 (english dubbed) (fathom events) all shared the same auditorium.

next time i'll be back at work to post another one will be tomorrow around 10:45pm (mdt)."
My predictions for the rest of Q3,"I am relatively new to analyzing box office, only doing it casually since March of this year so bear with me if some of these end up terribly. Long story short, I got a subscription for my theater, similar to A-list, and I am going to predict all the movies I will see in theaters for the rest of Q3.

Also if anyone has any tips to help me predict more accurately that would be welcome.

&amp;#x200B;

|August|Domestic OW|WW|
|:-|:-|:-|
|Teenage Mutant Ninja Turtles|30m|142m-157m|
|Last Voyage of the Dementer|7.5m|26m-29m|
|Gran Turismo|20m|118m-131m|
|Blue Beetle|15m|62m-70m|

&amp;#x200B;

|September|Domestic OW|WW|
|:-|:-|:-|
|The Equalizer 3|38m|180m-198m|
|The Nun 2|45m|267m-295m|
|My Big Fat Greek Wedding 3|13m|59m-65m|
|A Haunting in Venice|20m|190m-210m|
|Expendables 4|20m|190m-210m|
|The Creator|25m|166m-183m|

&amp;#x200B;",tmnt,BOX_OFFICE,,,"my predictions for the rest of q3. i am relatively new to analyzing box office, only doing it casually since march of this year so bear with me if some of these end up terribly. long story short, i got a subscription for my theater, similar to a-list, and i am going to predict all the movies i will see in theaters for the rest of q3.

also if anyone has any tips to help me predict more accurately that would be welcome.

&amp;#x200b;

|august|domestic ow|ww|
|:-|:-|:-|
|teenage mutant ninja turtles|30m|142m-157m|
|last voyage of the dementer|7.5m|26m-29m|
|gran turismo|20m|118m-131m|
|blue beetle|15m|62m-70m|

&amp;#x200b;

|september|domestic ow|ww|
|:-|:-|:-|
|the equalizer 3|38m|180m-198m|
|the nun 2|45m|267m-295m|
|my big fat greek wedding 3|13m|59m-65m|
|a haunting in venice|20m|190m-210m|
|expendables 4|20m|190m-210m|
|the creator|25m|166m-183m|

&amp;#x200b;"
MI7 box office looking healthy in Australia,"Just had a look at my nearest Gold Class cinema for the 6pm Saturday session &amp; it's near enough to a sell out. Other sessions today &amp; tomorrow are all better than 60% sold. 

5 sessions a day @ $40 a ticket by 35-40 seats per session = $7-8,000 in ticket sales. Add on an average of another $40/person for food &amp; drink and our local cinema is looking at revenue of ~$30,000+ for the weekend from just the Gold Class screens. Indy5 is also playing in the Gold Class, but with very little interest.

Throw in the VMax &amp; standard cinemas and MI7 will be a big win for the cinema this weekend here in Australia.

Interestingly they are taking bookings in Gold Class out as far as 26 July, along with Barbie &amp; Oppenheimer. Seems they are expecting decent legs from MI7.",barbie,BOX_OFFICE,,,"mi7 box office looking healthy in australia. just had a look at my nearest gold class cinema for the 6pm saturday session &amp; it's near enough to a sell out. other sessions today &amp; tomorrow are all better than 60% sold. 

5 sessions a day @ $40 a ticket by 35-40 seats per session = $7-8,000 in ticket sales. add on an average of another $40/person for food &amp; drink and our local cinema is looking at revenue of ~$30,000+ for the weekend from just the gold class screens. indy5 is also playing in the gold class, but with very little interest.

throw in the vmax &amp; standard cinemas and mi7 will be a big win for the cinema this weekend here in australia.

interestingly they are taking bookings in gold class out as far as 26 july, along with barbie &amp; oppenheimer. seems they are expecting decent legs from mi7."
"Here’s Today’s Box-Office Report from my Theater (Friday, August 4th):","- Teenage Mutant Ninja Turtles: Mutant Mayhem (2D (3 Screens/12 Showings): 328 Tickets/3D (1 Screen/1 Showing): 1 Tickets/Total (3 Screens/13 Showings): 329 Tickets
- Meg 2: The Trench (2D (3 Screens/11 Showings): 304 Tickets/3D (1 Screen/1 Showing): 13 Tickets/Total (3 Screens/12 Showings): 317 Tickets
- Barbie (2023) (3 Screens/13 Showings): 308 Tickets
- Oppenheimer (2 Screens/7 Showings): 220 Tickets
- Haunted Mansion (2023) (2 Screens/7 Showings): 90 Tickets
- Sound of Freedom (1 Screen/3 Showings): 67 Tickets
- Talk To Me (2023) (1 Screen/4 Showings): 65 Tickets
- The Highest of Stakes (1 Screen/1 Showing): 50 Tickets
- Insidious: The Red Door (1 Screen/1 Showing): 27 Tickets
- Mission: Impossible - Dead Reckoning Part One (2 Screens/2 Showings): 18 Tickets
- Dreamin’ Wild (1 Screen/1 Showings): 0 Tickets

Which means 1,491 Tickets have been sold today.

NOTE 1: Auditorium 12 is Temporarily Closed here due to heat complaints from the customers because the A/C for that auditorium was broken.

NOTE 2: Sound of Freedom and One of the Prints for Mission: Impossible - Dead Reckoning Part One shared the same auditorium.

NOTE 3: Dreamin’ Wild and One of the Prints for Meg 2: The Trench (2D &amp; 3D) shared the same auditorium.

NOTE 4: The 2D &amp; 3D showings for Meg 2: The Trench shared one of the their auditoriums.

NOTE 5: One of the Prints for Haunted Mansion (2023), The Highest of Stakes &amp; One of the Prints for Mission: Impossible - Dead Reckoning Part One all shared the same auditorium.

NOTE 6: The 2D &amp; 3D showings for Teenage Mutant Ninja Turtles: Mutant Mayhem shared one of the their auditoriums.

NOTE 7: Talk To Me (2023) and Insidious: The Red Door shared the same auditorium.

Next time I'll be back at work to post another one will be tomorrow around 10:45pm (MDT).",barbie,BOX_OFFICE,,,"here’s today’s box-office report from my theater (friday, august 4th):. - teenage mutant ninja turtles: mutant mayhem (2d (3 screens/12 showings): 328 tickets/3d (1 screen/1 showing): 1 tickets/total (3 screens/13 showings): 329 tickets
- meg 2: the trench (2d (3 screens/11 showings): 304 tickets/3d (1 screen/1 showing): 13 tickets/total (3 screens/12 showings): 317 tickets
- barbie (2023) (3 screens/13 showings): 308 tickets
- oppenheimer (2 screens/7 showings): 220 tickets
- haunted mansion (2023) (2 screens/7 showings): 90 tickets
- sound of freedom (1 screen/3 showings): 67 tickets
- talk to me (2023) (1 screen/4 showings): 65 tickets
- the highest of stakes (1 screen/1 showing): 50 tickets
- insidious: the red door (1 screen/1 showing): 27 tickets
- mission: impossible - dead reckoning part one (2 screens/2 showings): 18 tickets
- dreamin’ wild (1 screen/1 showings): 0 tickets

which means 1,491 tickets have been sold today.

note 1: auditorium 12 is temporarily closed here due to heat complaints from the customers because the a/c for that auditorium was broken.

note 2: sound of freedom and one of the prints for mission: impossible - dead reckoning part one shared the same auditorium.

note 3: dreamin’ wild and one of the prints for meg 2: the trench (2d &amp; 3d) shared the same auditorium.

note 4: the 2d &amp; 3d showings for meg 2: the trench shared one of the their auditoriums.

note 5: one of the prints for haunted mansion (2023), the highest of stakes &amp; one of the prints for mission: impossible - dead reckoning part one all shared the same auditorium.

note 6: the 2d &amp; 3d showings for teenage mutant ninja turtles: mutant mayhem shared one of the their auditoriums.

note 7: talk to me (2023) and insidious: the red door shared the same auditorium.

next time i'll be back at work to post another one will be tomorrow around 10:45pm (mdt)."
Mission Impossible Dead Reckoning Earns £7M In Previews!!,"Mission Impossible: Dead Reckoning Part One, starring Tom Cruise, has had a whopping start at the box office in North America. 

It earned a record-breaking $7 million in Tuesday previews! Isn’t that amazing?!",mission_impossible,BOX_OFFICE,,,"mission impossible dead reckoning earns £7m in previews!!. mission impossible: dead reckoning part one, starring tom cruise, has had a whopping start at the box office in north america. 

it earned a record-breaking $7 million in tuesday previews! isn’t that amazing?!"
Is $1bn in play for Oppenheimer? In a best-case scenario? Here is what it would need to do.,"So after Thursday, Oppenheimer stands at 478M worldwide: 200M domestic, 278M international. The international legs are stronger than the domestic legs. At this point, Oppenheimer does twice as much international as it does domestic (for example this Thursday: 5.4M domestic, 10.6M international).

So if we assume Oppenheimer gets to $300M domestic total, that means it would need to add another $100M to its current domestic total of $200M. I think that’s entirely possible. And with those strong international legs we are seeing, and Oppenheimer now doing around double figures international compared to domestic, I think we can assume that Oppenheimer will at another $200M more in its current international markets. That estimation might even be conservative, given the stronger international legs, and the constant shift to a higher international share. So I think 220M international is possible.

So another 100M domestic and 200-220M international would get Oppenheimer to around 800M global total. I think this is NOT an unrealistic scenario.


And now the other big markets come into play, which haven’t opened until now: Italy, China, Korea and Japan. They would need to add another 200M to get Oppenheimer to 1bn.

Italy clearly is the most predictable market out of these for Oppenheimer. Oppenheimer will be big in Italy, as it is in the other European markets. For example in Germany, a 35M total gross for Oppenheimer is predicted (that prediction might be further raised up), France similar. So I think we can calculate with maybe around 25M-30M for Oppenheimer in Italy. That would take its global total to just around 825-830M.

That means Oppenheimer would need to make around 170-180M in China, Korea and Japan. A best case scenario here would be:

-Oppenheimer opening in Japan at all (which is not confirmed at this point) and doing big numbers there. Me personally I think IF Oppenheimer opens in Japan, it would be big there. People tend to be interested in the tragedies of their countries, that’s why Americans are interested in Pearl Harbour or in 9/11 etc, Germans are interested in Hitler/Nazi-era and in WW2, and I think the Japanese would be very interested in the topic of the creation of the atomic bomb in 1945.

-Oppenheimer getting really big in Korea (IMO, that’s a likely scenario: South Koreans also are interested in the nuclear bomb topic for obvious geopolitical reasons, and I already heard that the hype for Oppenheimer is big in South Korea, pre-sales are VERY strong)

-Oppenheimer getting really big in China. I don’t know if that will happen, as China is unpredictable, but if it happens, then sky would be the limit, as we know how big of a market China is.

So I‘m not saying that it is the likely scenario from todays standpoint, but what I‘m saying is that when the best-case scenario which I described above in those three markets (China, Korea, Japan) happens, so that Oppenheimer would gross around 180M in those markets, than $1bn is doable for Oppenheimer.",oppenheimer,BOX_OFFICE,,,"is $1bn in play for oppenheimer? in a best-case scenario? here is what it would need to do.. so after thursday, oppenheimer stands at 478m worldwide: 200m domestic, 278m international. the international legs are stronger than the domestic legs. at this point, oppenheimer does twice as much international as it does domestic (for example this thursday: 5.4m domestic, 10.6m international).

so if we assume oppenheimer gets to $300m domestic total, that means it would need to add another $100m to its current domestic total of $200m. i think that’s entirely possible. and with those strong international legs we are seeing, and oppenheimer now doing around double figures international compared to domestic, i think we can assume that oppenheimer will at another $200m more in its current international markets. that estimation might even be conservative, given the stronger international legs, and the constant shift to a higher international share. so i think 220m international is possible.

so another 100m domestic and 200-220m international would get oppenheimer to around 800m global total. i think this is not an unrealistic scenario.


and now the other big markets come into play, which haven’t opened until now: italy, china, korea and japan. they would need to add another 200m to get oppenheimer to 1bn.

italy clearly is the most predictable market out of these for oppenheimer. oppenheimer will be big in italy, as it is in the other european markets. for example in germany, a 35m total gross for oppenheimer is predicted (that prediction might be further raised up), france similar. so i think we can calculate with maybe around 25m-30m for oppenheimer in italy. that would take its global total to just around 825-830m.

that means oppenheimer would need to make around 170-180m in china, korea and japan. a best case scenario here would be:

-oppenheimer opening in japan at all (which is not confirmed at this point) and doing big numbers there. me personally i think if oppenheimer opens in japan, it would be big there. people tend to be interested in the tragedies of their countries, that’s why americans are interested in pearl harbour or in 9/11 etc, germans are interested in hitler/nazi-era and in ww2, and i think the japanese would be very interested in the topic of the creation of the atomic bomb in 1945.

-oppenheimer getting really big in korea (imo, that’s a likely scenario: south koreans also are interested in the nuclear bomb topic for obvious geopolitical reasons, and i already heard that the hype for oppenheimer is big in south korea, pre-sales are very strong)

-oppenheimer getting really big in china. i don’t know if that will happen, as china is unpredictable, but if it happens, then sky would be the limit, as we know how big of a market china is.

so i‘m not saying that it is the likely scenario from todays standpoint, but what i‘m saying is that when the best-case scenario which i described above in those three markets (china, korea, japan) happens, so that oppenheimer would gross around 180m in those markets, than $1bn is doable for oppenheimer."
Weekend Predictions,"The weekend predictions posted on monday morning we’re before actuals came out, and Barbie and Oppenheimer rose quite a bit from their actuals. What are your predictions for next weekend after seeing the actuals? My top 3 are:

1. Barbie: 87m
2. Oppenheimer: 50m
3. Haunted Mansion: 34m",barbie,BOX_OFFICE,,,"weekend predictions. the weekend predictions posted on monday morning we’re before actuals came out, and barbie and oppenheimer rose quite a bit from their actuals. what are your predictions for next weekend after seeing the actuals? my top 3 are:

1. barbie: 87m
2. oppenheimer: 50m
3. haunted mansion: 34m"
"If Barbie indeed opens above 161, it will have the highest 2D opening ever","This record has long been held by The Dark Knight Rises, set in July 2012 at 160,887,205. 

If Barbie surpasses that, which looks assured now, it will finally overtake that record. 

I thought that was one of the niche records that seems so forgotten it might as well never be broken. But finally!",barbie,BOX_OFFICE,,,"if barbie indeed opens above 161, it will have the highest 2d opening ever. this record has long been held by the dark knight rises, set in july 2012 at 160,887,205. 

if barbie surpasses that, which looks assured now, it will finally overtake that record. 

i thought that was one of the niche records that seems so forgotten it might as well never be broken. but finally!"
With Haunted Mansion or Oppenheimer come in second next weekend?,"In my opinion, I’d be shocked if Barbie didn’t hold the number one spot for a second weekend. The movie would have to have a historically high drop to lose the number one spot from last week, and that isn’t likely given the positive reception it’s received. Haunted Mansion opens, which should indicate it is on track for second place in traditional markets, but with a Summer of flops, and Barbenheimer, it’s clear that these aren’t traditional markets. Oppenheimer has performed quite well, and could hold the second place spot for a second weekend, especially given that it has received rave reviews from both critics and audiences, while early reviews for Haunted Mansion aren’t great, and the film just hasn’t received much hype so far. Still, Haunted Mansion is tracking for $32M, and if Oppenheimer drops around 60%+, it would put neck and neck with Haunted Mansion if it makes that money, though there is no guarantee Haunted Mansion will make that cash, and could easily underperform. If Haunted Mansion comes in third, it would be another punch in the gut for Disney. Flop or no flop, coming in third weekend #1 to two films on their second weekend is humiliating for a Disney film.",barbie,BOX_OFFICE,,,"with haunted mansion or oppenheimer come in second next weekend?. in my opinion, i’d be shocked if barbie didn’t hold the number one spot for a second weekend. the movie would have to have a historically high drop to lose the number one spot from last week, and that isn’t likely given the positive reception it’s received. haunted mansion opens, which should indicate it is on track for second place in traditional markets, but with a summer of flops, and barbenheimer, it’s clear that these aren’t traditional markets. oppenheimer has performed quite well, and could hold the second place spot for a second weekend, especially given that it has received rave reviews from both critics and audiences, while early reviews for haunted mansion aren’t great, and the film just hasn’t received much hype so far. still, haunted mansion is tracking for $32m, and if oppenheimer drops around 60%+, it would put neck and neck with haunted mansion if it makes that money, though there is no guarantee haunted mansion will make that cash, and could easily underperform. if haunted mansion comes in third, it would be another punch in the gut for disney. flop or no flop, coming in third weekend #1 to two films on their second weekend is humiliating for a disney film."
"We're now halfway through the year and 13 (counting Flash, Elemental, and Indy) films have hit the 100DOM mark. How many more are we getting?","At this point last year ten movies had hit 100DOM. The rest of the year would only add 8 more.

Here's some obvious ones coming up:

1. Mission Impossible: Dead Reckoning - Part 1
2. Barbie
3. Oppenheimer
4. Dune: Part Two
5. The Marvels
6. The Hunger Games: The Ballad of Songbirds and Snakes
7. Wish
8. Aquaman and the Lost Kingdom

Bare minimum the number of 100DOM grossers will beat last year's number by three.

And that's not including some movies that have high potential: Haunted Mansion, Meg 2, TMNT, Haunting in Venice, Equalizer 3, Kraven, FNAF, Wonka, Migration, Trolls 3.

Overall seems like a decent shot at getting over 30.",barbie,BOX_OFFICE,,,"we're now halfway through the year and 13 (counting flash, elemental, and indy) films have hit the 100dom mark. how many more are we getting?. at this point last year ten movies had hit 100dom. the rest of the year would only add 8 more.

here's some obvious ones coming up:

1. mission impossible: dead reckoning - part 1
2. barbie
3. oppenheimer
4. dune: part two
5. the marvels
6. the hunger games: the ballad of songbirds and snakes
7. wish
8. aquaman and the lost kingdom

bare minimum the number of 100dom grossers will beat last year's number by three.

and that's not including some movies that have high potential: haunted mansion, meg 2, tmnt, haunting in venice, equalizer 3, kraven, fnaf, wonka, migration, trolls 3.

overall seems like a decent shot at getting over 30."
Heard it here first - Oppenheimer will have incredible trend in 3rd/4th weekend,"I have been calling 750M+ WW for Oppenheimer and 320M Domestic since day one. And based on how it did in 2nd weekend, here is my prediction for next two weekends - 

3rd Weekend = 32M (-32%)  
4th Weekend = 22M (-30%)

With extension of IMAX, the trend from now till Aug 17th will be very solid. Domestic still looks 320-330M to me but I am fairly optimistic that Oppenheimer will go past 800M WW as its overseas trending will be even more incredible than domestic. Expect 500M OS now",oppenheimer,BOX_OFFICE,,,"heard it here first - oppenheimer will have incredible trend in 3rd/4th weekend. i have been calling 750m+ ww for oppenheimer and 320m domestic since day one. and based on how it did in 2nd weekend, here is my prediction for next two weekends - 

3rd weekend = 32m (-32%)  
4th weekend = 22m (-30%)

with extension of imax, the trend from now till aug 17th will be very solid. domestic still looks 320-330m to me but i am fairly optimistic that oppenheimer will go past 800m ww as its overseas trending will be even more incredible than domestic. expect 500m os now"
August 18-20 Box Office Predictions,"Barbie: The Movie - $27-28 Million

Teenage Mutant Ninja Turtles: Mutant Mayhem - $23-24 Million

Blue Beetle - $17-18 Million

Gran Turismo - $17-18 Million

Oppenheimer - $13-14 Million

Strays - $13-14 Million

Meg 2: The Trench - $13-14 Million

Sound Of Freedom - $7-8 Million

Mission Impossible: Dead Reckoning - Part One - $7-8 Million

Haunted Mansion - $7-8 Million",barbie,BOX_OFFICE,,,"august 18-20 box office predictions. barbie: the movie - $27-28 million

teenage mutant ninja turtles: mutant mayhem - $23-24 million

blue beetle - $17-18 million

gran turismo - $17-18 million

oppenheimer - $13-14 million

strays - $13-14 million

meg 2: the trench - $13-14 million

sound of freedom - $7-8 million

mission impossible: dead reckoning - part one - $7-8 million

haunted mansion - $7-8 million"
Tuesday Preview Box-Office Predictions: Teenage Mutant Ninja Turtles: Mutant Mayhem,"Here’s my predictions: 

- Teenage Mutant Ninja Turtles: Mutant Mayhem (Estimated 3,600 Theaters) - $3.0-$4.0 million ($4.0-$5.5 million including Saturday and Monday Early Access Screenings) (Tuesday Preview Showings begins at 2:00pm)",tmnt,BOX_OFFICE,,,"tuesday preview box-office predictions: teenage mutant ninja turtles: mutant mayhem. here’s my predictions: 

- teenage mutant ninja turtles: mutant mayhem (estimated 3,600 theaters) - $3.0-$4.0 million ($4.0-$5.5 million including saturday and monday early access screenings) (tuesday preview showings begins at 2:00pm)"
What is opening week for a movie?,"When does the opening week for a film end?

Title. I wanted to see Barbie opening week. Did the first week end on Sunday?

When does the opening week for a film end?

Title. I wanted to see Barbie opening week. Did the first week end on Sunday?

When does the opening week for a film end?

Title. I wanted to see Barbie opening week. Did the first week end on Sunday?

When does the opening week for a film end?

Title. I wanted to see Barbie opening week. Did the first week end on Sunday?",barbie,BOX_OFFICE,,,"what is opening week for a movie?. when does the opening week for a film end?

title. i wanted to see barbie opening week. did the first week end on sunday?

when does the opening week for a film end?

title. i wanted to see barbie opening week. did the first week end on sunday?

when does the opening week for a film end?

title. i wanted to see barbie opening week. did the first week end on sunday?

when does the opening week for a film end?

title. i wanted to see barbie opening week. did the first week end on sunday?"
"How Oppenheimer, Barbie ,Mi7 are performing against local biggies for this month on India's biggest ticket booking site",Oppenheimer is selling more tickets on book my show right now in India then any other film,barbie,BOX_OFFICE,,,"how oppenheimer, barbie ,mi7 are performing against local biggies for this month on india's biggest ticket booking site. oppenheimer is selling more tickets on book my show right now in india then any other film"
The Fall Guy (2024) predictions?,"Realised Barbenheimer stars Ryan Gosling and Emily Blunt are starring in David Leitch’s next movie. It’s coming out March 1, 2024. Predictions for OW, DOM, WW?

Leitch’s last film Bullet Train starring Brad Pitt made just under $240m.",barbie,BOX_OFFICE,,,"the fall guy (2024) predictions?. realised barbenheimer stars ryan gosling and emily blunt are starring in david leitch’s next movie. it’s coming out march 1, 2024. predictions for ow, dom, ww?

leitch’s last film bullet train starring brad pitt made just under $240m."
In China No More Bets continues its impressive run adding $22.43M/$123M on Wednesday. Heading for a potential $100M weekend. MEG 2: THE TRENCH adds $4.46M/$69M falling further behind Creation Of The Gods $5.40M(-44%)/$259M. TMNT opens on Friday and is projected to earn only $233k on its opening day.,"---
#Daily Box Office (August 9th 2023)

No More Bets milles clear continuing its strong start. Creation of The Gods in 2nd pulls further away from MEG 2 as Lost In The Stars hits $486M 

|# | Movie                 |Gross|%YD| %LW|Screenings|Admisions(Today)|Total Gross|Projected Total Gross|
:----------- |:-----------|:-----------:|:-----------:|:-----------:|:-----------:|:-----------:|:-----------:|:-----------:|
1| No More Bets               |$22.43M |-13%  |/    |155114|3.8M  |$122.83M |$534M
2| Creation Of The Gods       |$5.40M  |-1%   |-44% |60505 |0.90M |$259.33M |$343M
3| MEG 2: THE TRENCH          |$4.46M  |-12%  |/    |61792 |0.76M |$68.95M  |$133M
4| One And Only               |$1.73M  |-8%   |-74% |31867 |0.30M |$105.60M |$142M
5| 30,000 Miles From Chang’an |$0.97M  |-3%   |-64% |15340 |0.17M |$230.79M |$251M
6| Never Say Never            |$0.60M  |-1%   |-72% |12594 |0.11M |$295.95M |$308M
7| Oh my School               |$0.33M  |-0%   |-57% |9655  |0.06M |$47.19M  |$53M
8| Barbie                     |$0.25M  |-6%   |-75% |6291  |0.05M |$32.30M  |$34M
9| Lost In The Stars          |$0.07M  |-10%  |-80% |2411  |0.01M |$486M    |$488M 
10|MI7:Dead Reckoning         |$0.06M  |-0%   |-81% |1159  |0.01M |$47.86M  |$49M

*YD=Yesterday, LW=Last Week

---

###**No More Bets**

Another strong day and just marginaly off its ""release"" day. Heading for a strong potentialy even $100M+ weekend.

Reception is just ok. 9.3 on Maoyan and 7.1 on Douban.

|#|FRI|SAT |SUN |MON|TUE|WED|THU|Total
:-----------:|:-----------:|:------------:|:------------:|:------------:|:------------:|:------------:|:------------:|:------------:|:------------:|
First Week|$23.95M|$30.22M|$20.55M|$25.68M|$22.43M|/|/|$122.83M

**Scheduled showings update for No More Bets for the next few days:**

|Day |  Number of Showings |Presales|Projection
:----------- |:-----------:|:-----------:|:-----------:|
Today|155537|$2.17M|$23.00M
Thursday|156079|$1.93M|$19.84M
Friday|117066|$1.34M|$24.84M

###**Meg 2**

Meg 2 continues to slip with another double digit drop from yesterday. Will pass $70M tomorrow. Likely heading for a sub $20M 2nd weekend.

Maoyan score slipped to 9.0 and the Douban score is also down to 5.6 below the first movie and still slipping.

|#|FRI|SAT |SUN |MON|TUE|WED|THU|Total
:-----------:|:-----------:|:------------:|:------------:|:------------:|:------------:|:------------:|:------------:|:------------:|:------------:|
First Week|$20.32M|$17.83M|$14.83M|$6.47M|$5.03M|$4.46M|/|$68.95M

**Scheduled showings update for The Meg 2 for the next few days:**

|Day |  Number of Showings |Presales|Projection
:----------- |:-----------:|:-----------:|:-----------:|
Today|61792|$485k|$4.28M
Thursday|60095|$418k|$3.95M
Friday|37160|$78k|$4.54M
---
###**Barbie**

A stable drop from yesterday but there's really not a lot to add for this one as its in the twighlight of its run.

|#|FRI|SAT |SUN |MON|TUE|WED|THU|Total
:-----------:|:-----------:|:------------:|:------------:|:------------:|:------------:|:------------:|:------------:|:------------:|:------------:|
Second Week|$1.84M|$2.83M|$2.56M|$1.27M|$1.11M|$1.03M|$0.95M|$29.30M
Third Week|$0.57M|$0.75M|$0.80M|$0.36M|$0.27M|$0.25M|/|$32.30M		
|%± LW|-69%|-73%|-69%|-71%|-75%|-75%|/|/|

**Scheduled showings update for Barbie for the next few days:**

|Day |  Number of Showings |Presales|Projection
:----------- |:-----------:|:-----------:|:-----------:|
Today|6244|$84k|$247k
Thursday|4347|$78k|$233k
Friday|2609|$11k|$268k

---
###**Creation Of The Gods**

Strong Wedneday almost flat from yesterday. Weekend projected at around $25M. 

Reception remains very strong as it holds the 9.4 Maoyan and amazingly enough jumps from 7.7 to 7.8 on Douban even while 2 weeks deep into its run. 

|#|THU|FRI |SAT |SUN|MON|TUE|WED|Total
:-----------:|:-----------:|:------------:|:------------:|:------------:|:------------:|:------------:|:------------:|:------------:|:------------:|
Second Week|$10.66M|$13.02M|$22.43M|$21.82M|$11.07M|$10.57M|$9.63M|$185.48M
Third Week|$8.27M|$9.27M|$14.55M|$13.82M|$6.30M|$5.49M|$5.40M|$259.33M		
|%± LW|-22%|-28%|-35%|-35%|-42%|-48%|-44%|/|
**Scheduled showings update for Creation Of The Gods for the next few days:**

|Day |  Number of Showings |Presales|Projection
:----------- |:-----------:|:-----------:|:-----------:|   
Today|60506|$871k|$5.05M
Thursday|60170|$785k|$5.11M
Friday|40166|$167k|$6.13M
---

###**One and Only**

Pretty stable from yesterday but the week on week drops continue coming fast and sharp.

|#|FRI|SAT |SUN |MON|TUE|WED|THU|Total
:-----------:|:-----------:|:------------:|:------------:|:------------:|:------------:|:------------:|:------------:|:------------:|:------------:|
First Week|$10.43M|$12.62M|$12.46M|$7.33M|$7.08M|$6.58M|$6.08M|$80.42M
Second Week|$5.92M|$7.50M|$5.67M|$2.48M|$1.89M|$1.73M|/|$105.60M		
|%± LW|-43%|-40%|-55%|-66%|-73%|-74%|/|/|

**Scheduled showings update for One and Only for the next few days:**

|Day |  Number of Showings |Presales|Projection
:----------- |:-----------:|:-----------:|:-----------:|     
Today|21031|$286k|$1.65M
Thursday|31035|$267k|$1.58M
Friday|15490|$78k|$1.90M

---
###**Other stuff:**

Next big few holywood releases are Oppenheimer on the 30th of August and Gran Turismo on the 1st September. Some WTS(Want To See Numbers) for those movies as well as some comparisons to how other revelant movies in a comparable number of days till release. Note these are not pre-sales. This is just a checkbox on Maoyan saying that your interested in the movie. The pre-sales are only ever in tables.

**TMNT**

Only has around 23k in pre-sales for its opening day on Friday. Will be nothing but a blip on the radar. Nowhere near the last 2 live action movies that made $58 and $62M

**Gran Turismo** 34k(+0.6k)

**Oppenheimer** $196k(+8k)vs **Flash** 147k(+4k)  vs **ATSV** 160k(+4k)",barbie,BOX_OFFICE,,,"in china no more bets continues its impressive run adding $22.43m/$123m on wednesday. heading for a potential $100m weekend. meg 2: the trench adds $4.46m/$69m falling further behind creation of the gods $5.40m(-44%)/$259m. tmnt opens on friday and is projected to earn only $233k on its opening day.. ---
#daily box office (august 9th 2023)

no more bets milles clear continuing its strong start. creation of the gods in 2nd pulls further away from meg 2 as lost in the stars hits $486m 

|# | movie                 |gross|%yd| %lw|screenings|admisions(today)|total gross|projected total gross|
:----------- |:-----------|:-----------:|:-----------:|:-----------:|:-----------:|:-----------:|:-----------:|:-----------:|
1| no more bets               |$22.43m |-13%  |/    |155114|3.8m  |$122.83m |$534m
2| creation of the gods       |$5.40m  |-1%   |-44% |60505 |0.90m |$259.33m |$343m
3| meg 2: the trench          |$4.46m  |-12%  |/    |61792 |0.76m |$68.95m  |$133m
4| one and only               |$1.73m  |-8%   |-74% |31867 |0.30m |$105.60m |$142m
5| 30,000 miles from chang’an |$0.97m  |-3%   |-64% |15340 |0.17m |$230.79m |$251m
6| never say never            |$0.60m  |-1%   |-72% |12594 |0.11m |$295.95m |$308m
7| oh my school               |$0.33m  |-0%   |-57% |9655  |0.06m |$47.19m  |$53m
8| barbie                     |$0.25m  |-6%   |-75% |6291  |0.05m |$32.30m  |$34m
9| lost in the stars          |$0.07m  |-10%  |-80% |2411  |0.01m |$486m    |$488m 
10|mi7:dead reckoning         |$0.06m  |-0%   |-81% |1159  |0.01m |$47.86m  |$49m

*yd=yesterday, lw=last week

---

###**no more bets**

another strong day and just marginaly off its ""release"" day. heading for a strong potentialy even $100m+ weekend.

reception is just ok. 9.3 on maoyan and 7.1 on douban.

|#|fri|sat |sun |mon|tue|wed|thu|total
:-----------:|:-----------:|:------------:|:------------:|:------------:|:------------:|:------------:|:------------:|:------------:|:------------:|
first week|$23.95m|$30.22m|$20.55m|$25.68m|$22.43m|/|/|$122.83m

**scheduled showings update for no more bets for the next few days:**

|day |  number of showings |presales|projection
:----------- |:-----------:|:-----------:|:-----------:|
today|155537|$2.17m|$23.00m
thursday|156079|$1.93m|$19.84m
friday|117066|$1.34m|$24.84m

###**meg 2**

meg 2 continues to slip with another double digit drop from yesterday. will pass $70m tomorrow. likely heading for a sub $20m 2nd weekend.

maoyan score slipped to 9.0 and the douban score is also down to 5.6 below the first movie and still slipping.

|#|fri|sat |sun |mon|tue|wed|thu|total
:-----------:|:-----------:|:------------:|:------------:|:------------:|:------------:|:------------:|:------------:|:------------:|:------------:|
first week|$20.32m|$17.83m|$14.83m|$6.47m|$5.03m|$4.46m|/|$68.95m

**scheduled showings update for the meg 2 for the next few days:**

|day |  number of showings |presales|projection
:----------- |:-----------:|:-----------:|:-----------:|
today|61792|$485k|$4.28m
thursday|60095|$418k|$3.95m
friday|37160|$78k|$4.54m
---
###**barbie**

a stable drop from yesterday but there's really not a lot to add for this one as its in the twighlight of its run.

|#|fri|sat |sun |mon|tue|wed|thu|total
:-----------:|:-----------:|:------------:|:------------:|:------------:|:------------:|:------------:|:------------:|:------------:|:------------:|
second week|$1.84m|$2.83m|$2.56m|$1.27m|$1.11m|$1.03m|$0.95m|$29.30m
third week|$0.57m|$0.75m|$0.80m|$0.36m|$0.27m|$0.25m|/|$32.30m		
|%± lw|-69%|-73%|-69%|-71%|-75%|-75%|/|/|

**scheduled showings update for barbie for the next few days:**

|day |  number of showings |presales|projection
:----------- |:-----------:|:-----------:|:-----------:|
today|6244|$84k|$247k
thursday|4347|$78k|$233k
friday|2609|$11k|$268k

---
###**creation of the gods**

strong wedneday almost flat from yesterday. weekend projected at around $25m. 

reception remains very strong as it holds the 9.4 maoyan and amazingly enough jumps from 7.7 to 7.8 on douban even while 2 weeks deep into its run. 

|#|thu|fri |sat |sun|mon|tue|wed|total
:-----------:|:-----------:|:------------:|:------------:|:------------:|:------------:|:------------:|:------------:|:------------:|:------------:|
second week|$10.66m|$13.02m|$22.43m|$21.82m|$11.07m|$10.57m|$9.63m|$185.48m
third week|$8.27m|$9.27m|$14.55m|$13.82m|$6.30m|$5.49m|$5.40m|$259.33m		
|%± lw|-22%|-28%|-35%|-35%|-42%|-48%|-44%|/|
**scheduled showings update for creation of the gods for the next few days:**

|day |  number of showings |presales|projection
:----------- |:-----------:|:-----------:|:-----------:|   
today|60506|$871k|$5.05m
thursday|60170|$785k|$5.11m
friday|40166|$167k|$6.13m
---

###**one and only**

pretty stable from yesterday but the week on week drops continue coming fast and sharp.

|#|fri|sat |sun |mon|tue|wed|thu|total
:-----------:|:-----------:|:------------:|:------------:|:------------:|:------------:|:------------:|:------------:|:------------:|:------------:|
first week|$10.43m|$12.62m|$12.46m|$7.33m|$7.08m|$6.58m|$6.08m|$80.42m
second week|$5.92m|$7.50m|$5.67m|$2.48m|$1.89m|$1.73m|/|$105.60m		
|%± lw|-43%|-40%|-55%|-66%|-73%|-74%|/|/|

**scheduled showings update for one and only for the next few days:**

|day |  number of showings |presales|projection
:----------- |:-----------:|:-----------:|:-----------:|     
today|21031|$286k|$1.65m
thursday|31035|$267k|$1.58m
friday|15490|$78k|$1.90m

---
###**other stuff:**

next big few holywood releases are oppenheimer on the 30th of august and gran turismo on the 1st september. some wts(want to see numbers) for those movies as well as some comparisons to how other revelant movies in a comparable number of days till release. note these are not pre-sales. this is just a checkbox on maoyan saying that your interested in the movie. the pre-sales are only ever in tables.

**tmnt**

only has around 23k in pre-sales for its opening day on friday. will be nothing but a blip on the radar. nowhere near the last 2 live action movies that made $58 and $62m

**gran turismo** 34k(+0.6k)

**oppenheimer** $196k(+8k)vs **flash** 147k(+4k)  vs **atsv** 160k(+4k)"
How many screens are you seeing for Haunted Mansion in your area?,"Was shocked to see my local theater is only playing Haunted Mansion 4 times this Friday, just as many as they're giving to Mission Impossible. Barbie's taking up 18 screenings for the day. Is Haunted Mansion DOA?",barbie,BOX_OFFICE,,,"how many screens are you seeing for haunted mansion in your area?. was shocked to see my local theater is only playing haunted mansion 4 times this friday, just as many as they're giving to mission impossible. barbie's taking up 18 screenings for the day. is haunted mansion doa?"
Amazing first Monday in Italy for Barbie,1.663988 million $,barbie,BOX_OFFICE,,,amazing first monday in italy for barbie. 1.663988 million $
Are there any multiplier comps for a movie like Barbie that was underestimated and thus crowded out of PLFs on its opening weekend?,"This feels like a very particular feature of the Barbie box office phenomenon. I can't think of any other movie that has opened this large without PLFs. What do we think that will do for its legs? From my POV in NYC this weekend, it was pretty much impossible to get a ticket. I actually walked into the theater to check out the scene and the woman working there said ""no tickets, don't bother"" when I asked her how it's been lol.",barbie,BOX_OFFICE,,,"are there any multiplier comps for a movie like barbie that was underestimated and thus crowded out of plfs on its opening weekend?. this feels like a very particular feature of the barbie box office phenomenon. i can't think of any other movie that has opened this large without plfs. what do we think that will do for its legs? from my pov in nyc this weekend, it was pretty much impossible to get a ticket. i actually walked into the theater to check out the scene and the woman working there said ""no tickets, don't bother"" when i asked her how it's been lol."
Question About Box Office Calculation,"I understand, that the calculation is ""tickets sold"" multiplied by ""tickets price"".

But when we talk about things, like:
"" ""Barbie"" passes ""Oppenheimer"" in the weekend box office"" - does the calculation takes in to account the length of the movies? ""Oppenheimer"" is 3 hrs (180 minutes) and ""Barbie"" is ~2 hrs (114 minutes). So for every 2 Oppenheimer viewings you have 3 Barbie ones? If we imagine the cinema is open 24/7 - you potentially have 16 ""Oppenheimer"" viewings vs 24 ""Barbie"" ones for the weekend?
 
I am not hating on any movie - both were amazing, I am just curious how this works?",barbie,BOX_OFFICE,,,"question about box office calculation. i understand, that the calculation is ""tickets sold"" multiplied by ""tickets price"".

but when we talk about things, like:
"" ""barbie"" passes ""oppenheimer"" in the weekend box office"" - does the calculation takes in to account the length of the movies? ""oppenheimer"" is 3 hrs (180 minutes) and ""barbie"" is ~2 hrs (114 minutes). so for every 2 oppenheimer viewings you have 3 barbie ones? if we imagine the cinema is open 24/7 - you potentially have 16 ""oppenheimer"" viewings vs 24 ""barbie"" ones for the weekend?
 
i am not hating on any movie - both were amazing, i am just curious how this works?"
Is there any silver lining for MI7?,Outside of Japan it has underperformed every metric. Is there any silver lining for this movie ala Elemental? Because I don’t see it.,mission_impossible,BOX_OFFICE,,,is there any silver lining for mi7?. outside of japan it has underperformed every metric. is there any silver lining for this movie ala elemental? because i don’t see it.
2023 is likely seeing only one (two at best) billion-dollar film. Will it be a norm next year too?,TBH the only two films with billion potential IMO for next year are *Dead Reckoning Part Two* and *Despicable Me 4*,mission_impossible,BOX_OFFICE,,,2023 is likely seeing only one (two at best) billion-dollar film. will it be a norm next year too?. tbh the only two films with billion potential imo for next year are *dead reckoning part two* and *despicable me 4*
Can anything besides Barbie outgross GOTG3 and become third highest grossing of the year?,"With how the opening weekend for Barbie seems to be going, it will likely outgross Guardians of the Galaxy 3 worldwide to become the second highest grossing movie of 2023 behind Super Mario Bros.

GOTG3 will fall to #3, but is there anything that could potentially beat it for third place?

I think the biggest candidates are The Marvels, Dune 2, and Aquaman 2, though I have trouble imagining any of them actually accomplishing it.",barbie,BOX_OFFICE,,,"can anything besides barbie outgross gotg3 and become third highest grossing of the year?. with how the opening weekend for barbie seems to be going, it will likely outgross guardians of the galaxy 3 worldwide to become the second highest grossing movie of 2023 behind super mario bros.

gotg3 will fall to #3, but is there anything that could potentially beat it for third place?

i think the biggest candidates are the marvels, dune 2, and aquaman 2, though i have trouble imagining any of them actually accomplishing it."
Was The Flash completely nuked this weekend? it still had 150+ theaters,Maybe capacity issues for Barbenheimer made theaters realize money matters.,barbie,BOX_OFFICE,,,was the flash completely nuked this weekend? it still had 150+ theaters. maybe capacity issues for barbenheimer made theaters realize money matters.
