title,text,movie,final_annotation,Unnamed: 4,round1,combined
Oppenheimer is Nolan’s worst film.,"**Why Oppenheimer Is a Bad Movie**

I'm a big fan of Christopher Nolan's films. I love long-form movies, I'm deeply interested in science, and I love film.This is a personal review, I'm not trying to be unbiased - just raw and authentic with my feelings towards the movie. Enjoy or hate as you will:

Here are my reasons why I think Oppenheimer is a bad movie:

* **Insane amounts of dry exposition:** Some of it was creatively weaved in, but the majority felt very pace-breaking and unnatural. This is a common trope in Nolan movies, but this is by far the worst hyperbolic version of it. It completely breaks the characters, pacing, and immersion of the reality he is trying to establish. It felt quite lazy and uncreative a lot of the time.
* **Terrible pacing:** Besides the main hooks in the movie, Ludwig and the editing team made some amazing sequences, but for the most part, it's largely quite boring. However, the hooks of the movie keep you grounded in your seat long enough not to fall asleep when trying to trench through the shallow characters and exposition avalanche, until you come to another hook in the movie which tie you back down in your seat for another avalanche of uncreative exposition.
* **A lot of the dramatization of the characters and perspective felt very pretentious at times:** Yes, it is profound to harness the strong force, and make a film about it - but there is a subtle self-importance to the film. It's the feeling of an artist knowing they create profound art, and the self awareness seeps into the art and you can feel it. It's hard to explain, but I feel it's tangible in this film. I do enjoy that it teaches newer generations about history and the dangers of humanity with such technology - but it felt self indulgent at times and it's hard to explain; for that I apologize -- I wish I was better with my words. I'm sure someone out there feels what I feel.
* **CGI dust on the screen completely ruining the continuity of the film and image:** This is obviously something only some people will notice, but it's just absolutely wild that post production thought it was a good idea to have floating particles cover up the beautiful scape of Los Alamos. Cheap, uncreative, and unnecessary CGI atmosphere. Usually these visual effects can blend quite well in majority CGI films, but something so grounded with such high dynamic range, shot on film with this ridiculous atmospheric effect added just breaks the aesthetic of film entirely.
* **Florence Pugh's character was very shallow and was used uncreatively as an narrative tool:** Yes, we're used to this with many Nolan films, shallow characters used to drive the main characters motivations in an obvious way. You can use your characters more creatively and mask the plot tools that they truly are; have them feel more authentic as characters and not just shallow story telling tools.
* **Jack Quaid's cameo was an awkward choice of casting:** He says a few lines and plays bongos in the background of a few scenes and whenever I saw him on screen, it felt so wrong. Maybe there was potential to have him fit in another way, but there's something about his acting and presence that is super unconvincing and unfitting. This is likely just a bias that I cannot explain due to association of him in outside media - but there's something tangibly wrong with him being in this film lmao.

**Some innovations that were great in the movie:**

* **The way Nolan portrays psychological distress:** Nolan did a great job portraying psychological distress. He used creative editing and physical shaking of the environment abd avoids those typical cheesy visual effects representing trauma in your average movie or Tv drama. It was very creative and arguably innovative.
* **The hooks in the movie had incredible pacing in synchronicity to Ludwig's score AND ironically great exposition:** In one example: Nolan literally tells the audience when the climax is coming and subverts your expectations of the climax with creative cinematography, editing and sound. (if you've seen the movie, you'll likely understand what I'm talking about)
* **The acting:** The acting was excellent. Cillian Murphy was particularly good as J. Robert Oppenheimer. And of course the rest of the cast excluding Jack Quaid chameo.

Overall, I think Oppenheimer is effective in the hooks and even innovative with it's stylistic mechanics in film making, but a terrible movie inbetween. The movie is boring for the most part, and the exposition is lazy and uncreative.

THE MAIN SUMMARY OF WHY ITS BAD:

* Lazy plot devicing of characters, exposition overload and bad pacing.",oppenheimer,FILM_CRAFT_REVIEW,,FILM_CRAFT_REVIEW,"oppenheimer is nolan’s worst film.. **why oppenheimer is a bad movie**

i'm a big fan of christopher nolan's films. i love long-form movies, i'm deeply interested in science, and i love film.this is a personal review, i'm not trying to be unbiased - just raw and authentic with my feelings towards the movie. enjoy or hate as you will:

here are my reasons why i think oppenheimer is a bad movie:

* **insane amounts of dry exposition:** some of it was creatively weaved in, but the majority felt very pace-breaking and unnatural. this is a common trope in nolan movies, but this is by far the worst hyperbolic version of it. it completely breaks the characters, pacing, and immersion of the reality he is trying to establish. it felt quite lazy and uncreative a lot of the time.
* **terrible pacing:** besides the main hooks in the movie, ludwig and the editing team made some amazing sequences, but for the most part, it's largely quite boring. however, the hooks of the movie keep you grounded in your seat long enough not to fall asleep when trying to trench through the shallow characters and exposition avalanche, until you come to another hook in the movie which tie you back down in your seat for another avalanche of uncreative exposition.
* **a lot of the dramatization of the characters and perspective felt very pretentious at times:** yes, it is profound to harness the strong force, and make a film about it - but there is a subtle self-importance to the film. it's the feeling of an artist knowing they create profound art, and the self awareness seeps into the art and you can feel it. it's hard to explain, but i feel it's tangible in this film. i do enjoy that it teaches newer generations about history and the dangers of humanity with such technology - but it felt self indulgent at times and it's hard to explain; for that i apologize -- i wish i was better with my words. i'm sure someone out there feels what i feel.
* **cgi dust on the screen completely ruining the continuity of the film and image:** this is obviously something only some people will notice, but it's just absolutely wild that post production thought it was a good idea to have floating particles cover up the beautiful scape of los alamos. cheap, uncreative, and unnecessary cgi atmosphere. usually these visual effects can blend quite well in majority cgi films, but something so grounded with such high dynamic range, shot on film with this ridiculous atmospheric effect added just breaks the aesthetic of film entirely.
* **florence pugh's character was very shallow and was used uncreatively as an narrative tool:** yes, we're used to this with many nolan films, shallow characters used to drive the main characters motivations in an obvious way. you can use your characters more creatively and mask the plot tools that they truly are; have them feel more authentic as characters and not just shallow story telling tools.
* **jack quaid's cameo was an awkward choice of casting:** he says a few lines and plays bongos in the background of a few scenes and whenever i saw him on screen, it felt so wrong. maybe there was potential to have him fit in another way, but there's something about his acting and presence that is super unconvincing and unfitting. this is likely just a bias that i cannot explain due to association of him in outside media - but there's something tangibly wrong with him being in this film lmao.

**some innovations that were great in the movie:**

* **the way nolan portrays psychological distress:** nolan did a great job portraying psychological distress. he used creative editing and physical shaking of the environment abd avoids those typical cheesy visual effects representing trauma in your average movie or tv drama. it was very creative and arguably innovative.
* **the hooks in the movie had incredible pacing in synchronicity to ludwig's score and ironically great exposition:** in one example: nolan literally tells the audience when the climax is coming and subverts your expectations of the climax with creative cinematography, editing and sound. (if you've seen the movie, you'll likely understand what i'm talking about)
* **the acting:** the acting was excellent. cillian murphy was particularly good as j. robert oppenheimer. and of course the rest of the cast excluding jack quaid chameo.

overall, i think oppenheimer is effective in the hooks and even innovative with it's stylistic mechanics in film making, but a terrible movie inbetween. the movie is boring for the most part, and the exposition is lazy and uncreative.

the main summary of why its bad:

* lazy plot devicing of characters, exposition overload and bad pacing."
"Jack Reacher, Shooter 2.0?","I just watched Jack Reacher for the first time, and it didn't occur to me whilst watching, but afterwards I instantly realised that I watched what was probably the most similar film out there to Shooter.

Both are based on novels and have a 5 ft 7 1980s/1990s heartthrob in the lead role. The stories are centred on a disgruntled Iraq War veteran who dropped out of society (Swagger with his dog and his guns lives in the middle of the  Alaska wilderness reading about conspiracy theories, Reacher is a drifter who moves from town to town on a minimalist budget and lives as if he's on the run because he is equally paranoid in his own way) that has been contacted by government officials to use their expertise in long range ballistics help figure out how an experienced sniper would commit a crime (Reacher was called to figure out how a recent mass shooting was carried out, Swagger was brought in to predict a potential assassination of the POTUS), during their investigation, both get framed and have to run from the police, being in part set up by the same law enforcement officer who was assisting them earlier (Swagger had the chubby middle aged cop, Reacher had the black detective) and have to take off on a car chase and balance being out of sight whilst being everywhere they need to be.

Two scenes that really struck me as unusually similar was how there are scenes in both stories where the hero visits a gun shop to help with their investigation and become friends with the owner who's a fellow veteran, and there is a scene where Swagger/Reacher have go to a place where their female friend who's covered for them is being held, and get to talk with the main villain.

I can't be the only one who thinks that Tom Cruise loved Mark Wahlberg's movie so much that he couldn't resist the opportunity to do something similar.",mission_impossible,FILM_CRAFT_REVIEW,,FILM_CRAFT_REVIEW,"jack reacher, shooter 2.0?. i just watched jack reacher for the first time, and it didn't occur to me whilst watching, but afterwards i instantly realised that i watched what was probably the most similar film out there to shooter.

both are based on novels and have a 5 ft 7 1980s/1990s heartthrob in the lead role. the stories are centred on a disgruntled iraq war veteran who dropped out of society (swagger with his dog and his guns lives in the middle of the  alaska wilderness reading about conspiracy theories, reacher is a drifter who moves from town to town on a minimalist budget and lives as if he's on the run because he is equally paranoid in his own way) that has been contacted by government officials to use their expertise in long range ballistics help figure out how an experienced sniper would commit a crime (reacher was called to figure out how a recent mass shooting was carried out, swagger was brought in to predict a potential assassination of the potus), during their investigation, both get framed and have to run from the police, being in part set up by the same law enforcement officer who was assisting them earlier (swagger had the chubby middle aged cop, reacher had the black detective) and have to take off on a car chase and balance being out of sight whilst being everywhere they need to be.

two scenes that really struck me as unusually similar was how there are scenes in both stories where the hero visits a gun shop to help with their investigation and become friends with the owner who's a fellow veteran, and there is a scene where swagger/reacher have go to a place where their female friend who's covered for them is being held, and get to talk with the main villain.

i can't be the only one who thinks that tom cruise loved mark wahlberg's movie so much that he couldn't resist the opportunity to do something similar."
What's your guys' favorite comedic performance?,"I believe it was Michael Caine or Jack Lemmon who stated that comedy's harder to execute than drama. And it makes sense, seeing how there's so much to add into it. The script matters, but so does timing and delivery, and if you mess those up then the joke falls flat. Recently, I think Ryan Gosling's performance as Ken in Barbie is a masterpiece of a comedic performance, he just does a great job on the delivery and giving the blank-eyed stare of Ken and perfectly illustrating his dimwitted yet kind-hearted and charming personality. I'd say his performance is only second to my personal favorite, which is Kevin Klein as Otto in A Fish Called Wanda. He's putting his 100% into the role, with every facial expression and line delivery, and it's truly glorious. So what's your personal favorite comedic performance?",barbie,FILM_CRAFT_REVIEW,,FILM_CRAFT_REVIEW,"what's your guys' favorite comedic performance?. i believe it was michael caine or jack lemmon who stated that comedy's harder to execute than drama. and it makes sense, seeing how there's so much to add into it. the script matters, but so does timing and delivery, and if you mess those up then the joke falls flat. recently, i think ryan gosling's performance as ken in barbie is a masterpiece of a comedic performance, he just does a great job on the delivery and giving the blank-eyed stare of ken and perfectly illustrating his dimwitted yet kind-hearted and charming personality. i'd say his performance is only second to my personal favorite, which is kevin klein as otto in a fish called wanda. he's putting his 100% into the role, with every facial expression and line delivery, and it's truly glorious. so what's your personal favorite comedic performance?"
anyone else find oppennheimer's music and editing distracting?,"im a big nolan fan but his style which is loud music playing throughout the film works in action films like interstellar and inception but imo didnt work in this film at all. Being almost purely a dialog based film the loud music made it extremely hard to focus on what they were saying. Also extremely distracting was the editing with the constant scene cuts. Its like it was made for tik tok generation rather than hearing a complete conversation to be able to tune in to what they were saying it would always be a few words than boom scene cut. What the heck kinna shody editing is this, like a 3 hour trailer or fan made film. The editing coupled with the loud constant music and fx made it hard for me to keep engaged and became extremely bored and left 2.5 hours into the film, feeling relieved to get out.",oppenheimer,FILM_CRAFT_REVIEW,,FILM_CRAFT_REVIEW,"anyone else find oppennheimer's music and editing distracting?. im a big nolan fan but his style which is loud music playing throughout the film works in action films like interstellar and inception but imo didnt work in this film at all. being almost purely a dialog based film the loud music made it extremely hard to focus on what they were saying. also extremely distracting was the editing with the constant scene cuts. its like it was made for tik tok generation rather than hearing a complete conversation to be able to tune in to what they were saying it would always be a few words than boom scene cut. what the heck kinna shody editing is this, like a 3 hour trailer or fan made film. the editing coupled with the loud constant music and fx made it hard for me to keep engaged and became extremely bored and left 2.5 hours into the film, feeling relieved to get out."
which movies that’s come out from the past 2 decades (2000-2023) would you consider as classics that define the 21st century,"I think Inception, The Incredibles, The Wolf of Wall Street, Her, and (possibly) Oppenheimer. The last one because I watched this really great video essay about it.",oppenheimer,FILM_CRAFT_REVIEW,,FILM_CRAFT_REVIEW,"which movies that’s come out from the past 2 decades (2000-2023) would you consider as classics that define the 21st century. i think inception, the incredibles, the wolf of wall street, her, and (possibly) oppenheimer. the last one because i watched this really great video essay about it."
The dark knight seems to heavily inspired by monster (anime)?,"Christopher nolan is a great director, i am in no way saying getting inspired for something from something is bad, after watching monster i thought this johan liebert guy kind of resembles the ideologies of joker from the dark knight. But monster came before the dark knight.

Even some scenes resemble each other from monster and the dark knight, the money burning scene and the library burning scene, the come kill me scene from the dark knight and johan pointing at his head, the protagonist and antagonist dynamics, the ideologies, the ending of the dark knight is the monster's could be ending. The nameless monster story that anna reads is what happens at the end of the dark knight. Batman takes all the blame on him and people turn against him, in the nameless monster tale, the monster finally had a name but no one to call him by that name is a relation to this ending. The excellent planning of both the characters, the way they both manipulate people into completely become evil.

What do you think?",oppenheimer,FILM_CRAFT_REVIEW,,FILM_CRAFT_REVIEW,"the dark knight seems to heavily inspired by monster (anime)?. christopher nolan is a great director, i am in no way saying getting inspired for something from something is bad, after watching monster i thought this johan liebert guy kind of resembles the ideologies of joker from the dark knight. but monster came before the dark knight.

even some scenes resemble each other from monster and the dark knight, the money burning scene and the library burning scene, the come kill me scene from the dark knight and johan pointing at his head, the protagonist and antagonist dynamics, the ideologies, the ending of the dark knight is the monster's could be ending. the nameless monster story that anna reads is what happens at the end of the dark knight. batman takes all the blame on him and people turn against him, in the nameless monster tale, the monster finally had a name but no one to call him by that name is a relation to this ending. the excellent planning of both the characters, the way they both manipulate people into completely become evil.

what do you think?"
What makes the difference between great eye acting and simply opening your eyes really wide?,"Hi. I was watching Oppenheimer in cinemas a few days ago, and I was struck by just how good Cillian’s performance was, particularly how much contemplation and struggle he was able to convey with his eyes through an endless, wide eyed stare. However, whenever I try to replicate it by simply opening up my eyes wide, I just end up looking like a deranged try-hard. Yet with one wide eyed stare, Murphy is able to project so much emotions. Which got me wondering: what makes the wide eyed stare that Cillian does so effective, and what makes it convey much more than someone simply opening their eyes really wide and staring without blinking? Somehow, he manages to convey so much with just that one look - what are the nuances behind that?",oppenheimer,FILM_CRAFT_REVIEW,,FILM_CRAFT_REVIEW,"what makes the difference between great eye acting and simply opening your eyes really wide?. hi. i was watching oppenheimer in cinemas a few days ago, and i was struck by just how good cillian’s performance was, particularly how much contemplation and struggle he was able to convey with his eyes through an endless, wide eyed stare. however, whenever i try to replicate it by simply opening up my eyes wide, i just end up looking like a deranged try-hard. yet with one wide eyed stare, murphy is able to project so much emotions. which got me wondering: what makes the wide eyed stare that cillian does so effective, and what makes it convey much more than someone simply opening their eyes really wide and staring without blinking? somehow, he manages to convey so much with just that one look - what are the nuances behind that?"
It's no wonder Mission: Impossible (1996) kicked off a mega-franchise,"I’m watching all the M:I movies in preparation for Dead Reckoning. The first one I haven’t seen in a while, maybe not since it came out (when I was 11). So I’m going to make some scattered observations (spoilers).

1. Brian De Palma is in blockbuster mode here, but he still finds time for this almost-oedipal psychosexual drama between Ethan Hunt, his mentor Jim Phelps, and Phelps’ wife Claire. It really ups the stakes because Ethan isn’t just trying to find the mole, he’s trying to prove the woman he loves is innocent. And Phelps shoots her just for having feelings for Ethan! That’s some true crime business to have in the middle of a blockbuster spy movie finale!

2. Ethan Hunt gets dinged for not having much of a personality—something I’d argue is truer for Daniel Craig’s Bond, whose brooding metastasized to overtake all of Bond’s other personality traits—but in this movie, I think there’s an intriguing fission between Tom Cruise’s boy scout persona and the character/world’s dry martini cynicism. He’s noble enough to form a bond with Luther over not allowing collateral damage to the spies on the NOC list, but also enough of a game-player to laugh and joke around with Max, the arms dealer ready and willing to profit off that damage. 

3. Danny Elfman’s soundtrack can be as samey as ever, with some bits that sound more appropriate to Batman than a spy thriller, but those precision strikes of the Lalo theme still hit HARD.

4. Casual POV shots here and there. When was the last time you saw those in a blockbuster, not even as a ‘the monster watching someone’ thing?

5. I love that ‘the killer impossibly manages to vanish’ trope in Phelps’ death is actually a plot point that he faked his death. If he hadn’t, Ethan would’ve run into whoever killed him.

6. I know we’re used to the ‘rogue agent’ trope now and, if anything, it’s overused—Vin Diesel’s doing it in XXX—but how goddamn cool is the premise that Ethan Hunt is framed for treason, goes on the run, and recruits untrustworthy, disavowed IMF agents to back him up? They wrap it all up in one movie, but you could make an entire Netflix series out of that elevator pitch.

7. It’s kinda funny to look back on Casino Royale and see that it’s also about a spy with a love interest that turns out to be a traitor but her death still greatly wounds him. Of course, Ethan Hunt actually got over it in the next twenty years.",mission_impossible,FILM_CRAFT_REVIEW,,FILM_CRAFT_REVIEW,"it's no wonder mission: impossible (1996) kicked off a mega-franchise. i’m watching all the m:i movies in preparation for dead reckoning. the first one i haven’t seen in a while, maybe not since it came out (when i was 11). so i’m going to make some scattered observations (spoilers).

1. brian de palma is in blockbuster mode here, but he still finds time for this almost-oedipal psychosexual drama between ethan hunt, his mentor jim phelps, and phelps’ wife claire. it really ups the stakes because ethan isn’t just trying to find the mole, he’s trying to prove the woman he loves is innocent. and phelps shoots her just for having feelings for ethan! that’s some true crime business to have in the middle of a blockbuster spy movie finale!

2. ethan hunt gets dinged for not having much of a personality—something i’d argue is truer for daniel craig’s bond, whose brooding metastasized to overtake all of bond’s other personality traits—but in this movie, i think there’s an intriguing fission between tom cruise’s boy scout persona and the character/world’s dry martini cynicism. he’s noble enough to form a bond with luther over not allowing collateral damage to the spies on the noc list, but also enough of a game-player to laugh and joke around with max, the arms dealer ready and willing to profit off that damage. 

3. danny elfman’s soundtrack can be as samey as ever, with some bits that sound more appropriate to batman than a spy thriller, but those precision strikes of the lalo theme still hit hard.

4. casual pov shots here and there. when was the last time you saw those in a blockbuster, not even as a ‘the monster watching someone’ thing?

5. i love that ‘the killer impossibly manages to vanish’ trope in phelps’ death is actually a plot point that he faked his death. if he hadn’t, ethan would’ve run into whoever killed him.

6. i know we’re used to the ‘rogue agent’ trope now and, if anything, it’s overused—vin diesel’s doing it in xxx—but how goddamn cool is the premise that ethan hunt is framed for treason, goes on the run, and recruits untrustworthy, disavowed imf agents to back him up? they wrap it all up in one movie, but you could make an entire netflix series out of that elevator pitch.

7. it’s kinda funny to look back on casino royale and see that it’s also about a spy with a love interest that turns out to be a traitor but her death still greatly wounds him. of course, ethan hunt actually got over it in the next twenty years."
“Oppenheimer” Is Ultimately a History Channel Movie with Fancy Editing,Richard Brody is kind of a critic who is very hard to agree with. But he is very compelling in his arguments.,oppenheimer,FILM_CRAFT_REVIEW,,FILM_CRAFT_REVIEW,“oppenheimer” is ultimately a history channel movie with fancy editing. richard brody is kind of a critic who is very hard to agree with. but he is very compelling in his arguments.
Oppenheimer: Nuclear Destruction,"So I had the privilege of watching this three hour nuclear odyssey, on opening day &amp; chose it over Barbie. Because history will always triumph, over fiction. I was speechless, after it ended. Because this is cinema done right. The storytelling, regarding the Manhattan Project &amp; the three years, of construction. 4,000 personnel working tirelessly, in a race against the Russians &amp; the Nazi's. All overseen, by the genius &amp; the sorrow of one J Robert Oppenheimer. Who after his creation, truly became known by his moniker. Destroyer Of Worlds. The acting was tremendous, Cillian Murphy &amp; Robert Downey Jr were truly unreal &amp; the screenplay, is one of my favourites ever. What did everyone else think &amp; like, about the film &amp; did you see it first, or Barbie first?",barbie,FILM_CRAFT_REVIEW,,FILM_CRAFT_REVIEW,"oppenheimer: nuclear destruction. so i had the privilege of watching this three hour nuclear odyssey, on opening day &amp; chose it over barbie. because history will always triumph, over fiction. i was speechless, after it ended. because this is cinema done right. the storytelling, regarding the manhattan project &amp; the three years, of construction. 4,000 personnel working tirelessly, in a race against the russians &amp; the nazi's. all overseen, by the genius &amp; the sorrow of one j robert oppenheimer. who after his creation, truly became known by his moniker. destroyer of worlds. the acting was tremendous, cillian murphy &amp; robert downey jr were truly unreal &amp; the screenplay, is one of my favourites ever. what did everyone else think &amp; like, about the film &amp; did you see it first, or barbie first?"
A Review of Oppenheimer by a Woman Who Just Left the Theater,"This is Christopher Nolan's best film.

It's not even *close.* 

*Oppenheimer* uses the life of it's titular subject to examine the defining issues of the 20th century. It follows one of the few men who could definitively be called one of the most important men to ever live, and how his actions changed the trajectory of humanity's future. But despite it's scope, tackling everything from scientific progress (and it's consequences), the Red Scare, anti-intellectualism, the reason we go to war, the morality of developing a weapon as terrible as the atomic bomb, and more, this is probably Nolan's most character driven film. 

Many have said that Nolan is a cold filmmaker, more focused on the big ideas behinds his plots than the characters who exist within those plots. But here he has managed to truly delve into Oppenheimer's psychology in a way that he never has with any of his characters. There is also the incredible supporting cast of people who come in and out of Oppenheimer's life, and despite how quickly so people come and go, they all leave an impact, on Oppenheimer, on the audience, on the world.

These characters are portrayed by an incredible suite of actors. Cillian Murphy is absolutely haunting; his Oppenheimer is a man plagued by visions, to see the world in a way that no one else can, and it nearly ruins him. When he looks into the camera, one gets the impression that he is not looking at *you,* but at the particles and atoms you are made of, and the awful power that is locked inside of each of them. Robert Downey Jr. does the best acting he's done in years as Lewis Strauss, a man who's loyalties seem ever shifting, though I will not say more for fear of spoiling the events of the movie. Matt Damon, Emily Blunt, and Florence Pugh all turn in fantastic performances as well. I cannot recall the last time I have seen a cast of actors firing on all cylinders like this.

Speaking of firing, let's talk about Trinity. The big question going into this movie was 'How is Nolan going to recreate a nuke?' The answer is spectacularly. The Trinity scene must be seen to be believed, and it demonstrates exactly why the title of the biography this movie is based on was called *American Prometheus.* The sound design and visual effects of this film sell every moment, whether it be Oppenheimer contemplating what a fission reaction would look like to a Nazi V2 rocket screaming across the sky. Nolan has taken the VFX prowess of his blockbuster filmmaking and applied to an intense character study.

This movie is a masterpiece, and I hold no reservations about using that word. Go see this movie. It's one for the history books.

&amp;#x200B;",oppenheimer,FILM_CRAFT_REVIEW,,FILM_CRAFT_REVIEW,"a review of oppenheimer by a woman who just left the theater. this is christopher nolan's best film.

it's not even *close.* 

*oppenheimer* uses the life of it's titular subject to examine the defining issues of the 20th century. it follows one of the few men who could definitively be called one of the most important men to ever live, and how his actions changed the trajectory of humanity's future. but despite it's scope, tackling everything from scientific progress (and it's consequences), the red scare, anti-intellectualism, the reason we go to war, the morality of developing a weapon as terrible as the atomic bomb, and more, this is probably nolan's most character driven film. 

many have said that nolan is a cold filmmaker, more focused on the big ideas behinds his plots than the characters who exist within those plots. but here he has managed to truly delve into oppenheimer's psychology in a way that he never has with any of his characters. there is also the incredible supporting cast of people who come in and out of oppenheimer's life, and despite how quickly so people come and go, they all leave an impact, on oppenheimer, on the audience, on the world.

these characters are portrayed by an incredible suite of actors. cillian murphy is absolutely haunting; his oppenheimer is a man plagued by visions, to see the world in a way that no one else can, and it nearly ruins him. when he looks into the camera, one gets the impression that he is not looking at *you,* but at the particles and atoms you are made of, and the awful power that is locked inside of each of them. robert downey jr. does the best acting he's done in years as lewis strauss, a man who's loyalties seem ever shifting, though i will not say more for fear of spoiling the events of the movie. matt damon, emily blunt, and florence pugh all turn in fantastic performances as well. i cannot recall the last time i have seen a cast of actors firing on all cylinders like this.

speaking of firing, let's talk about trinity. the big question going into this movie was 'how is nolan going to recreate a nuke?' the answer is spectacularly. the trinity scene must be seen to be believed, and it demonstrates exactly why the title of the biography this movie is based on was called *american prometheus.* the sound design and visual effects of this film sell every moment, whether it be oppenheimer contemplating what a fission reaction would look like to a nazi v2 rocket screaming across the sky. nolan has taken the vfx prowess of his blockbuster filmmaking and applied to an intense character study.

this movie is a masterpiece, and i hold no reservations about using that word. go see this movie. it's one for the history books.

&amp;#x200b;"
Lady Bird (2015),"One of my favorite films I've ever seen was Greta Gerwig's 2019 adaptation of Little Women, which featured a wonderfully touching story, a fabulous cast and some scenes that I keep coming back to (especially the heartwrenching scene on the hill between Laurie and Jo).

It was while I was reading some reviews on the film, people kept referring to Gerwig's 2017 Lady Bird, which garnered many Oscar nominations in the year it came out, 2017, and I decided I needed to watch that movie.

While watching the movie, which like Little Women also stars the immensly talented Saoirse Ronan and a brooding Timothee Chalamet, I was struck by the poignant and turbelent teenage years and the conflict in the family, acted with matter of fact honesty by Laurie Metcalf. I was reminded a lot of Mary Taylor Moore's character from Ordinary People, which also centers on a mother and troubled teenage child relationship. I really admired the themes of shame about family and wealth and the outstanding acting in this film, and was pleasently surprised to find Lucas Hedges has a small role in the film, after connecting to his performance in the bleak but mesmirising Manchester by the Sea. Overall, I found this movie outstanding, and I think I prefer it to Little Women, on the grounds that it's an original screenplay.

Edit- Lady Bird came out in 2017 and not as written in title. Also, the best thing about 2002 is it's a palindrome.",barbie,FILM_CRAFT_REVIEW,,FILM_CRAFT_REVIEW,"lady bird (2015). one of my favorite films i've ever seen was greta gerwig's 2019 adaptation of little women, which featured a wonderfully touching story, a fabulous cast and some scenes that i keep coming back to (especially the heartwrenching scene on the hill between laurie and jo).

it was while i was reading some reviews on the film, people kept referring to gerwig's 2017 lady bird, which garnered many oscar nominations in the year it came out, 2017, and i decided i needed to watch that movie.

while watching the movie, which like little women also stars the immensly talented saoirse ronan and a brooding timothee chalamet, i was struck by the poignant and turbelent teenage years and the conflict in the family, acted with matter of fact honesty by laurie metcalf. i was reminded a lot of mary taylor moore's character from ordinary people, which also centers on a mother and troubled teenage child relationship. i really admired the themes of shame about family and wealth and the outstanding acting in this film, and was pleasently surprised to find lucas hedges has a small role in the film, after connecting to his performance in the bleak but mesmirising manchester by the sea. overall, i found this movie outstanding, and i think i prefer it to little women, on the grounds that it's an original screenplay.

edit- lady bird came out in 2017 and not as written in title. also, the best thing about 2002 is it's a palindrome."
"Just when you think Mission Impossible movies cannot get any better, Tom Cruise outdoes himself with Dead Reckoning Pt. 1. GO! SEE! IT! ASAP!","Just came back from the movies and I need to rave about this masterpiece.

I have so much respect for Tom Cruise’s dedication to his movies, specifically this franchise. (He is one of the producers BTW)

Dead Reckoning is incredible; it keeps you on the edge of your seat from beginning to end. I expected nothing less from Cruise.

Hands down this is movie of the year!",mission_impossible,FILM_CRAFT_REVIEW,,FILM_CRAFT_REVIEW,"just when you think mission impossible movies cannot get any better, tom cruise outdoes himself with dead reckoning pt. 1. go! see! it! asap!. just came back from the movies and i need to rave about this masterpiece.

i have so much respect for tom cruise’s dedication to his movies, specifically this franchise. (he is one of the producers btw)

dead reckoning is incredible; it keeps you on the edge of your seat from beginning to end. i expected nothing less from cruise.

hands down this is movie of the year!"
Movies about a technical subject should not gloss over the technical aspects of it!,"I've been thinking about this after watching The Big Short. I'm not a financial wizard after having watched it but the cutaways made the dialogue easier to understand and they were done in a very entertaining way. 

I didn't feel that way when watching Jobs, Social Network or most recently, Oppenheimer. Give the audience a sense of what the most difficult technical problems and how they overcame it. It's okay to dumb it down, just don't show an image of sparks or a character typing away furiously. None of that means anything to me.",oppenheimer,FILM_CRAFT_REVIEW,,FILM_CRAFT_REVIEW,"movies about a technical subject should not gloss over the technical aspects of it!. i've been thinking about this after watching the big short. i'm not a financial wizard after having watched it but the cutaways made the dialogue easier to understand and they were done in a very entertaining way. 

i didn't feel that way when watching jobs, social network or most recently, oppenheimer. give the audience a sense of what the most difficult technical problems and how they overcame it. it's okay to dumb it down, just don't show an image of sparks or a character typing away furiously. none of that means anything to me."
Christopher Nolan vs Quentin Tarantino (Writing),"Who is a better writer when it comes to overall script, dialogue and full circle ending? Example of why you think so. 

Both Directors have written all the movies they have directed or had a co writer. They both have a taste for action and while Tarantino does not hold back on the violence in the film, Christopher choose to mark his target similarly to Tarantino. They both don’t make movies for everyone, some would argue it is mostly for the men but I think we can compare these similar directors as writers who know how to hold your attention and make you want more!!!
Ironically they both got into film the same way, early interest and making short films. They both use the same actors, same editors, same crew. It’s amazing that they have not made a movie already but the directing styles are quite different. At this point anything you see below is me just trying to meet the damn word count which holy jeez takes forever. How am I still at 200 words. Anyways here the movies directed and written by these fine gentlemen. Oh my god I’m still not over the count. I need twenty more words so here are twenty more words for you mr bot.
List of movies for each one below
Quentin Tarantino: 
1. Kill Bill Vol. I
2. Pulp Fiction
3. Inglourious Basterds 
4. Jackie Brown 
5. True Romance 
6. Django Unchained
7. Kill Bill Vol. II 
8. Natural Born Killers 
9. Once Upon a Time… in Hollywood 
10. The Hateful Eight 
11. Death Proof 
12. Reservoir Dogs 
13. From Dusk til Dawn

Christopher Nolan: 
3. Memento (2000) 
4. Insomnia (2002) 
 Batman Begins
The Prestige (2006) 
The Dark Knight (2008)
 Inception (2010) 
 Dark Knight Rises (2012
 Man of Steel
 Interstellar
 Interstellar (2014) 
 Dunkirk (2017) 
Tenet (2020)",oppenheimer,FILM_CRAFT_REVIEW,,FILM_CRAFT_REVIEW,"christopher nolan vs quentin tarantino (writing). who is a better writer when it comes to overall script, dialogue and full circle ending? example of why you think so. 

both directors have written all the movies they have directed or had a co writer. they both have a taste for action and while tarantino does not hold back on the violence in the film, christopher choose to mark his target similarly to tarantino. they both don’t make movies for everyone, some would argue it is mostly for the men but i think we can compare these similar directors as writers who know how to hold your attention and make you want more!!!
ironically they both got into film the same way, early interest and making short films. they both use the same actors, same editors, same crew. it’s amazing that they have not made a movie already but the directing styles are quite different. at this point anything you see below is me just trying to meet the damn word count which holy jeez takes forever. how am i still at 200 words. anyways here the movies directed and written by these fine gentlemen. oh my god i’m still not over the count. i need twenty more words so here are twenty more words for you mr bot.
list of movies for each one below
quentin tarantino: 
1. kill bill vol. i
2. pulp fiction
3. inglourious basterds 
4. jackie brown 
5. true romance 
6. django unchained
7. kill bill vol. ii 
8. natural born killers 
9. once upon a time… in hollywood 
10. the hateful eight 
11. death proof 
12. reservoir dogs 
13. from dusk til dawn

christopher nolan: 
3. memento (2000) 
4. insomnia (2002) 
 batman begins
the prestige (2006) 
the dark knight (2008)
 inception (2010) 
 dark knight rises (2012
 man of steel
 interstellar
 interstellar (2014) 
 dunkirk (2017) 
tenet (2020)"
First thoughts after Barbie (no spoilers),"Just got out of the preview here in Germany and wanted to articulate some first thoughts for those who already saw it and feel like discussing.


First off I was highly entertained and very glad I saw this on the big screen with all the fuzz around it. It was a special screening with Barbie decorations, champagne and ice cream and I felt like this would be the last ""event movie"" for a long time, considering the latest blockbusters all semi-flopping and the strikes slowing down upcoming productions.


Trying to summarize the movie I'd say it is a very, very tongue-in-cheek self-aware advertisement for Mattel and Barbie that looks gorgeous, is full of creative, funny ideas and easter eggs and pulls you in with its charming protagonists while they go all in with the meta-jokes and fourth wall breaking. It feels like it's set up to be a modern popcultural feminist manifesto, which is an idea I fully support and applaude, even if the message is anything but subtle and even a bit overbearing at some points. The plot isn't unforeseeable but there are some surprises and the emotional beats are there.

My gripes with the movie are that it's a bit muddied towards the end where it seems to want to achieve a little too much at once. Also I couldn't entirely shake the feeling of watching a very long, very intricate advertisement for a million dollar company by pandering to progressives who wouldn't normally support that product. I see the merit in using the Barbie brand as a Troyan horse by teaching open mindness, gender and race equality and tolerance to the masses, I just wish it wouldn't feel as much of a marketing campaign and more like a genuine story. 

Production and set design is top notch, the soundtrack is banging and I was laughing much more than I thought I would. Overall a sweet cinematic experience with a slightly bitter taste of hypercapitalism on the side.",barbie,FILM_CRAFT_REVIEW,,FILM_CRAFT_REVIEW,"first thoughts after barbie (no spoilers). just got out of the preview here in germany and wanted to articulate some first thoughts for those who already saw it and feel like discussing.


first off i was highly entertained and very glad i saw this on the big screen with all the fuzz around it. it was a special screening with barbie decorations, champagne and ice cream and i felt like this would be the last ""event movie"" for a long time, considering the latest blockbusters all semi-flopping and the strikes slowing down upcoming productions.


trying to summarize the movie i'd say it is a very, very tongue-in-cheek self-aware advertisement for mattel and barbie that looks gorgeous, is full of creative, funny ideas and easter eggs and pulls you in with its charming protagonists while they go all in with the meta-jokes and fourth wall breaking. it feels like it's set up to be a modern popcultural feminist manifesto, which is an idea i fully support and applaude, even if the message is anything but subtle and even a bit overbearing at some points. the plot isn't unforeseeable but there are some surprises and the emotional beats are there.

my gripes with the movie are that it's a bit muddied towards the end where it seems to want to achieve a little too much at once. also i couldn't entirely shake the feeling of watching a very long, very intricate advertisement for a million dollar company by pandering to progressives who wouldn't normally support that product. i see the merit in using the barbie brand as a troyan horse by teaching open mindness, gender and race equality and tolerance to the masses, i just wish it wouldn't feel as much of a marketing campaign and more like a genuine story. 

production and set design is top notch, the soundtrack is banging and i was laughing much more than i thought i would. overall a sweet cinematic experience with a slightly bitter taste of hypercapitalism on the side."
Why do emotional moments in modern films always need to be undercut with a bad joke?,"I saw the *Barbie* movie yesterday and was really enjoying it. At the climax, America Ferrera gets this incredible speech about the conflicting rules that is part of being a woman. After everything that had happened with her character and Generic Barbie, it was a real moment of catharsis.

And then about two seconds later they had this out of nowhere joke about the Snyder cut.

In *Thor Ragnarok*, the lead's home is destroyed and it's played for comedy even though in the next two films with the character, they try to act like we should be sad about it even though they pulled a cheap punchline about ""foundations."" 

My question is, why does this happen?

Are audiences jaded by sincere emotion in films? Are studio executives forcing writers to put more comedy in certain places? Has art just changed in a way that Westerns were once popular and now they are not?

I feel like if *The Lord of the Rings* films came out today, they would be shredded as there's never a wink at the audience during all their emotional moments.

What are your thoughts?",barbie,FILM_CRAFT_REVIEW,,FILM_CRAFT_REVIEW,"why do emotional moments in modern films always need to be undercut with a bad joke?. i saw the *barbie* movie yesterday and was really enjoying it. at the climax, america ferrera gets this incredible speech about the conflicting rules that is part of being a woman. after everything that had happened with her character and generic barbie, it was a real moment of catharsis.

and then about two seconds later they had this out of nowhere joke about the snyder cut.

in *thor ragnarok*, the lead's home is destroyed and it's played for comedy even though in the next two films with the character, they try to act like we should be sad about it even though they pulled a cheap punchline about ""foundations."" 

my question is, why does this happen?

are audiences jaded by sincere emotion in films? are studio executives forcing writers to put more comedy in certain places? has art just changed in a way that westerns were once popular and now they are not?

i feel like if *the lord of the rings* films came out today, they would be shredded as there's never a wink at the audience during all their emotional moments.

what are your thoughts?"
What’s up with movies never using the correct foreign language?,"As a bit of context, just saw Oppenheimer in Belgium. In one of the scenes Oppenheimer explains his paper on atoms at the University of Leiden (the Netherlands) in Dutch. However, the actor actually spoke German. 

As I saw the movie in the Dutch speaking part of Belgium, everybody in the cinema laughed. This is an occurrence that is even memed by Netflix as this mixup between German and Dutch happens so often. 

So what gives? You would expect from a Christopher Nolan movie more research before filming.",oppenheimer,FILM_CRAFT_REVIEW,,FILM_CRAFT_REVIEW,"what’s up with movies never using the correct foreign language?. as a bit of context, just saw oppenheimer in belgium. in one of the scenes oppenheimer explains his paper on atoms at the university of leiden (the netherlands) in dutch. however, the actor actually spoke german. 

as i saw the movie in the dutch speaking part of belgium, everybody in the cinema laughed. this is an occurrence that is even memed by netflix as this mixup between german and dutch happens so often. 

so what gives? you would expect from a christopher nolan movie more research before filming."
Christopher Nolan’s “Memento” does not stand up well today compared to his later work,"I’m not sure I’m in the minority here, but I just saw Nolan’s 2000 film Memento after seeing it at the top of many Nolan lists on Reddit and I was pretty disappointed. I don’t think it’s a terrible film, and I believe it does a lot of things right, but I found it to be more frustrating to watch than not compared to his other films.
*SPOILERS AHEAD*

What I LIKE: 
1. I was constantly trying to figure out who Teddy really was. That was neat.
2. Definitely made me think “what would I do to try and live in this condition” fun kind of thought experiment

What I DONT like:
Memento begins with being introduced to the character at the end of the story and goes backwards. After the second time we jump back all I could think was “oh no, tell me this isn’t the entire movie” and it was. I respect how the film’s structure puts you in the main character’s position, but man is it a drag to watch. And by going backwards the whole time, it takes away from the sense of any real story progression. The whole film is “but how do you think about what you know given THIS context” which works well in a lot of Nolan’s other movies paired with an ongoing plot to anchor the film, but in Memento, it’s just that exact same trope all the way down. So now I’m also just immediately thinking how each scene is gonna be a twist, making the ending incredibly obvious and by the time we get there there’s no pay off. Like yeah, I got the idea of how you chose this like 10 flashbacks ago. 

Do you a share a similar experience? Do you think the film holds up today? I feel like seeing this in 2000 it might have been more mind blowing compared to watching it today after being exposed to so much of Nolan’s work which uses this trope more effectively. What do you think?

Edit 1: okay so I’m definitely in the minority haha. That’s fine! But y’all also made me realize the other reason I don’t like this film as much: every flashback is separated by a black and white timeline which is mostly the main character just talking on the phone either giving exposition or telling a long story about Sammy, which isn’t as engaging broken up and IMO kills the suspense of other scenes.

Edit 2: first off I like the discussion and appreciate it! Second, I acknowledge the cuts in the film and structure are all intentional. The hairpin story structure IS creative, and tbf I don’t know another movie that does this. I still think it’s a decent movie. I just think that no matter how you do it, the storyline structure is just not as fun to watch. We know the ending, so we’re only ever getting more context instead of driving the plot forward, and the forward storyline is shorter and much slower, and by necessity cuts the tension of scenes. And the twist from the end is predictable so the payoff doesn’t work. “A man with short term memory loss hunts down his wife’s murderer” oh no there’s no way he killed her and forgot! The setup is obvious from the Sammy story too. Everything done here to grip the audience, such as characters, twists, timeline fuckery, suspense, and mystery are all done better in his other films, which is WHY I think this film looks worse in comparison",oppenheimer,FILM_CRAFT_REVIEW,,FILM_CRAFT_REVIEW,"christopher nolan’s “memento” does not stand up well today compared to his later work. i’m not sure i’m in the minority here, but i just saw nolan’s 2000 film memento after seeing it at the top of many nolan lists on reddit and i was pretty disappointed. i don’t think it’s a terrible film, and i believe it does a lot of things right, but i found it to be more frustrating to watch than not compared to his other films.
*spoilers ahead*

what i like: 
1. i was constantly trying to figure out who teddy really was. that was neat.
2. definitely made me think “what would i do to try and live in this condition” fun kind of thought experiment

what i dont like:
memento begins with being introduced to the character at the end of the story and goes backwards. after the second time we jump back all i could think was “oh no, tell me this isn’t the entire movie” and it was. i respect how the film’s structure puts you in the main character’s position, but man is it a drag to watch. and by going backwards the whole time, it takes away from the sense of any real story progression. the whole film is “but how do you think about what you know given this context” which works well in a lot of nolan’s other movies paired with an ongoing plot to anchor the film, but in memento, it’s just that exact same trope all the way down. so now i’m also just immediately thinking how each scene is gonna be a twist, making the ending incredibly obvious and by the time we get there there’s no pay off. like yeah, i got the idea of how you chose this like 10 flashbacks ago. 

do you a share a similar experience? do you think the film holds up today? i feel like seeing this in 2000 it might have been more mind blowing compared to watching it today after being exposed to so much of nolan’s work which uses this trope more effectively. what do you think?

edit 1: okay so i’m definitely in the minority haha. that’s fine! but y’all also made me realize the other reason i don’t like this film as much: every flashback is separated by a black and white timeline which is mostly the main character just talking on the phone either giving exposition or telling a long story about sammy, which isn’t as engaging broken up and imo kills the suspense of other scenes.

edit 2: first off i like the discussion and appreciate it! second, i acknowledge the cuts in the film and structure are all intentional. the hairpin story structure is creative, and tbf i don’t know another movie that does this. i still think it’s a decent movie. i just think that no matter how you do it, the storyline structure is just not as fun to watch. we know the ending, so we’re only ever getting more context instead of driving the plot forward, and the forward storyline is shorter and much slower, and by necessity cuts the tension of scenes. and the twist from the end is predictable so the payoff doesn’t work. “a man with short term memory loss hunts down his wife’s murderer” oh no there’s no way he killed her and forgot! the setup is obvious from the sammy story too. everything done here to grip the audience, such as characters, twists, timeline fuckery, suspense, and mystery are all done better in his other films, which is why i think this film looks worse in comparison"
Question about movie villains. [Minor MI Dead Reckoning P1 Spoilers],".
.
.

So usually there are villains in movies who aren't really fleshed out, and despite doing cool stuff or being intimidating, end up not being considered interesting characters by the viewers.

One example is Gabriel, from Dead Reckoning 1. He was cool, amazing at combat and pretty intimidating too, given that every time he was on screen, the viewers feared for the lives of the IMF team.
However as of now, before part 2's release, we don't know much about him as a human, his motivation for helping the entity and other objectives etc. (Although it's most likely the Entity bullying him into doing this but this wasn't explained in the film).

And due to this, quite a few people online have been somewhat critical of that character, calling him an uninteresting villain.
There are several other examples of this too, I remember the blue bad guy (Ronin i think his name was) from Guardians of the galaxy.

However then there are instances when the same happens, but people for some reason love that villain. 

Darth Vader from A New Hope is an example of that. (Not considering Vader from the 2 sequels or the prequel trilogy).

He was scary, intimidating, but we knew nothing about him as a character, except a few bits like him being ObiWan's friend etc.
But then why was he universally loved?

P.s: I'm also a vader fan, just trying to analyse these characters further.",mission_impossible,FILM_CRAFT_REVIEW,,FILM_CRAFT_REVIEW,"question about movie villains. [minor mi dead reckoning p1 spoilers]. .
.
.

so usually there are villains in movies who aren't really fleshed out, and despite doing cool stuff or being intimidating, end up not being considered interesting characters by the viewers.

one example is gabriel, from dead reckoning 1. he was cool, amazing at combat and pretty intimidating too, given that every time he was on screen, the viewers feared for the lives of the imf team.
however as of now, before part 2's release, we don't know much about him as a human, his motivation for helping the entity and other objectives etc. (although it's most likely the entity bullying him into doing this but this wasn't explained in the film).

and due to this, quite a few people online have been somewhat critical of that character, calling him an uninteresting villain.
there are several other examples of this too, i remember the blue bad guy (ronin i think his name was) from guardians of the galaxy.

however then there are instances when the same happens, but people for some reason love that villain. 

darth vader from a new hope is an example of that. (not considering vader from the 2 sequels or the prequel trilogy).

he was scary, intimidating, but we knew nothing about him as a character, except a few bits like him being obiwan's friend etc.
but then why was he universally loved?

p.s: i'm also a vader fan, just trying to analyse these characters further."
Barbie and the PG-13 comedy,"Came back from Barbie and was very surprised at how good it was. Not just good, but incredibly funny. 

It brought back a type of comedy we don't see anymore, the PG-13 comedy. 

I was thinking about what comedy movie felt the most similar to Barbie and I kept coming to ""Wayne's World"". There's an absurdity to both movies, but also a very real self conscious look at itself. With a lot of jokes around that aspect of the film. 

With Wayne's World also being a PG-13 movie, you had a similar humor. Less raunchy. More double entendres. More physical comedy. 

Thought Barbie was great, funny, and a throwback to the old PG-13 comedies that no longer exist

Note: This post is not me putting down Joy Ride or No Hard Feelings. Think those are funny movies too. We just have not seen a successful PG-13 comedy in a LOOONNNGGGG time.",barbie,FILM_CRAFT_REVIEW,,FILM_CRAFT_REVIEW,"barbie and the pg-13 comedy. came back from barbie and was very surprised at how good it was. not just good, but incredibly funny. 

it brought back a type of comedy we don't see anymore, the pg-13 comedy. 

i was thinking about what comedy movie felt the most similar to barbie and i kept coming to ""wayne's world"". there's an absurdity to both movies, but also a very real self conscious look at itself. with a lot of jokes around that aspect of the film. 

with wayne's world also being a pg-13 movie, you had a similar humor. less raunchy. more double entendres. more physical comedy. 

thought barbie was great, funny, and a throwback to the old pg-13 comedies that no longer exist

note: this post is not me putting down joy ride or no hard feelings. think those are funny movies too. we just have not seen a successful pg-13 comedy in a looonnngggg time."
Just Saw Mission Impossible: Dead Reckoning Part 1,"I thought it was pretty good but the script was a little stilted.

It definitely improved as it went along.

I give it 8/10.

How do you think it compared to 4, 5 and 6?",mission_impossible,FILM_CRAFT_REVIEW,,FILM_CRAFT_REVIEW,"just saw mission impossible: dead reckoning part 1. i thought it was pretty good but the script was a little stilted.

it definitely improved as it went along.

i give it 8/10.

how do you think it compared to 4, 5 and 6?"
Christopher mcquarrie is a great filmmaker.,"I saw everything he's directed
The way of the gun 
Jack Reacher 
Mission Impossible rogue nation 
Mission Impossible Fallout 

he doesn't have a style but I will say this his scripts are always tight and well thought out. 
His action filmmaking even from his first film with the way of the gun is always extremely well done. He's been script doctoring everyone of cruises scripts from 2008. it's probably why the Mission Impossible films especially 4-6 feel so coherent as it's one creative vision throughout. Although directorally De Palma, Woo, Abrams, Bird and Mcquarrie all feel different from with their films but have great story consistency which is great. With Mission 5 and 6 he wrote those on the days of shooting with just the action sequences planned. That's extremely impressive. I think mcquarrie is just one of the best filmmakers out. the guy just knows how to tell well thought out interesting riveting stories.",mission_impossible,FILM_CRAFT_REVIEW,,,"christopher mcquarrie is a great filmmaker.. i saw everything he's directed
the way of the gun 
jack reacher 
mission impossible rogue nation 
mission impossible fallout 

he doesn't have a style but i will say this his scripts are always tight and well thought out. 
his action filmmaking even from his first film with the way of the gun is always extremely well done. he's been script doctoring everyone of cruises scripts from 2008. it's probably why the mission impossible films especially 4-6 feel so coherent as it's one creative vision throughout. although directorally de palma, woo, abrams, bird and mcquarrie all feel different from with their films but have great story consistency which is great. with mission 5 and 6 he wrote those on the days of shooting with just the action sequences planned. that's extremely impressive. i think mcquarrie is just one of the best filmmakers out. the guy just knows how to tell well thought out interesting riveting stories."
Best Agatha Christie style murder mystery movies?,"Hey everyone. I've been doing a small monthly podcast just for fun, and I was trying to figure out what the theme of the episode should be for the month of September (released October 1).

I like to do episodes with a certain theme based on a new movie that has come out the previous month. I just did a Nolan episode last month, and this month I'll be talking about video game movies in the wake of Gran Turismo (slow month to be sure).

I was looking ahead at the September releases, and the only themes that jumped out to me were the films of Yorgos Lanthimos with Poor Things, or a mystery movie episode with A Haunting in Venice. I'm well aware A Haunting in Venice will most likely not be very good, but it's more about picking fun topics of discussion for me.

What are some movies that come to mind in the Agatha Christie murder mystery genre? Knives Out is an all-time favorite of mine, but aside from that, in currently drawing a blank. What are your favorites? Are there any you don't necessarily like but you think would be fun to talk about? Let me know!",oppenheimer,FILM_CRAFT_REVIEW,,,"best agatha christie style murder mystery movies?. hey everyone. i've been doing a small monthly podcast just for fun, and i was trying to figure out what the theme of the episode should be for the month of september (released october 1).

i like to do episodes with a certain theme based on a new movie that has come out the previous month. i just did a nolan episode last month, and this month i'll be talking about video game movies in the wake of gran turismo (slow month to be sure).

i was looking ahead at the september releases, and the only themes that jumped out to me were the films of yorgos lanthimos with poor things, or a mystery movie episode with a haunting in venice. i'm well aware a haunting in venice will most likely not be very good, but it's more about picking fun topics of discussion for me.

what are some movies that come to mind in the agatha christie murder mystery genre? knives out is an all-time favorite of mine, but aside from that, in currently drawing a blank. what are your favorites? are there any you don't necessarily like but you think would be fun to talk about? let me know!"
I grow tired of Nolan's 'back and forth in time' editing,"I came home from watching 'Oppenhimer'. Good film. Great visuals, sound, soundtrack and acting, but I hated the editing in the first third of the film. The constant back and forth in timeline that Nolan constantly implements has given me a headache this time. Literally. Why?? Why again and again and again? Is it a sin for him to pause from that? Ugh 😩",oppenheimer,FILM_CRAFT_REVIEW,,,"i grow tired of nolan's 'back and forth in time' editing. i came home from watching 'oppenhimer'. good film. great visuals, sound, soundtrack and acting, but i hated the editing in the first third of the film. the constant back and forth in timeline that nolan constantly implements has given me a headache this time. literally. why?? why again and again and again? is it a sin for him to pause from that? ugh 😩"
Watched Mission Impossible today,My experience of the movie and a short review,mission_impossible,FILM_CRAFT_REVIEW,,,watched mission impossible today. my experience of the movie and a short review
Peter Jackson takes over the DCU,"Thoughts? I think his in depth style of storytelling would be an excellent fit to the DCU. He, for me, is a master of the epic, and the intimate. Would mesh well with DC’s combo of the two. For me, Snyder has such great vision, but it needs a rigorous editor. His choices for casting, again for me, is brilliant. Camera work is god damn awesome. His sense of emotion is unrestrained. And it should be. To an extent. It’s brilliant. But it needs reigns. Nolan was limitedly, for me, god damn brilliant. In Batman he made awesome. And I’d not rule rule him out for the head of DCU. But, for me, Jackson is proven. As Gunn comes on board, and he’s done well in previous IPs, I hope that he extends his vision to the characters I love. Cyborg is an amazingly fertile ground for development. But even as I type this, Jackson did amazing things with what are basically DCU characters. Snyder has exceptional vision. But, for me, he needs Jackson’s restraint. Thoughts?",oppenheimer,FILM_CRAFT_REVIEW,,,"peter jackson takes over the dcu. thoughts? i think his in depth style of storytelling would be an excellent fit to the dcu. he, for me, is a master of the epic, and the intimate. would mesh well with dc’s combo of the two. for me, snyder has such great vision, but it needs a rigorous editor. his choices for casting, again for me, is brilliant. camera work is god damn awesome. his sense of emotion is unrestrained. and it should be. to an extent. it’s brilliant. but it needs reigns. nolan was limitedly, for me, god damn brilliant. in batman he made awesome. and i’d not rule rule him out for the head of dcu. but, for me, jackson is proven. as gunn comes on board, and he’s done well in previous ips, i hope that he extends his vision to the characters i love. cyborg is an amazingly fertile ground for development. but even as i type this, jackson did amazing things with what are basically dcu characters. snyder has exceptional vision. but, for me, he needs jackson’s restraint. thoughts?"
Oppenheimer looks like a snooze,"Ok so this is my opinion you guys can disagree whatever, but please share your insight

Christopher Nolan has made some amazing movies in his time but that magic seems to have faded, Dunkirk was ok but I feel like it was missing something, tenet was emotionally dry, and now we have Oppenheimer which like dunkirk is another historical film, but it doesn’t appear too thrilling, watching the trailers the acting looks pretty bad, the story is not very interesting because Oppenheimer was an idiot, I dont see why that guy needs a movie, it just feels so dry compared to the really great films Nolan used to make, also biopics seem to have fallen out of style and have more recently been reserved for lower budget projects for streaming platforms, it seems pretty rare to see that genre in a feature film, also the budget for this movie was $100 million, tiny compared to previous films, Nolan possibly had its budget cut due to tenets failure?",oppenheimer,FILM_CRAFT_REVIEW,,,"oppenheimer looks like a snooze. ok so this is my opinion you guys can disagree whatever, but please share your insight

christopher nolan has made some amazing movies in his time but that magic seems to have faded, dunkirk was ok but i feel like it was missing something, tenet was emotionally dry, and now we have oppenheimer which like dunkirk is another historical film, but it doesn’t appear too thrilling, watching the trailers the acting looks pretty bad, the story is not very interesting because oppenheimer was an idiot, i dont see why that guy needs a movie, it just feels so dry compared to the really great films nolan used to make, also biopics seem to have fallen out of style and have more recently been reserved for lower budget projects for streaming platforms, it seems pretty rare to see that genre in a feature film, also the budget for this movie was $100 million, tiny compared to previous films, nolan possibly had its budget cut due to tenets failure?"
"In Mission: Impossible, what would happen if Ethan said “You know what? I’m going to skip this mission?”","I’m rewatching some of the Mission: Impossible films before Dead Reckoning. 

I just finished Fallout and in the film is a scene where Solomon Lane says “Your mission, should you choose to accept it. I wonder, Ethan, did you ever choose not to?”

And I thought “You know what? That’s a good point.” What would happen if after a whole debriefing, Ethan just went “No thanks” and walked away to take a vacation?

It’s probably Ethan’s character to never deny a mission, but could he? I suppose the “should you choose to accept it” just sounds cool, is a formality, and you’re not actually allowed to deny a mission. But then it seems kind of superfluous to seemingly give that option.

Maybe this is explained in the original TV series from the late ‘60s, although I’ve never seen it.",mission_impossible,FILM_CRAFT_REVIEW,,,"in mission: impossible, what would happen if ethan said “you know what? i’m going to skip this mission?”. i’m rewatching some of the mission: impossible films before dead reckoning. 

i just finished fallout and in the film is a scene where solomon lane says “your mission, should you choose to accept it. i wonder, ethan, did you ever choose not to?”

and i thought “you know what? that’s a good point.” what would happen if after a whole debriefing, ethan just went “no thanks” and walked away to take a vacation?

it’s probably ethan’s character to never deny a mission, but could he? i suppose the “should you choose to accept it” just sounds cool, is a formality, and you’re not actually allowed to deny a mission. but then it seems kind of superfluous to seemingly give that option.

maybe this is explained in the original tv series from the late ‘60s, although i’ve never seen it."
rank the mission impossible franchise,"my ranking would be
1. Mission impossible Fallout 
2. Mission impossible Dead Reckoning pt1 
3. Mission impossible Rogue Nation 
4. Mission impossible Ghost Protocol 
5. Mission impossible 1 
6. Mission impossible 3 
7. Mission impossible 2 

this has to be one of the best most consistent franchises. Fallout I think is an absolute masterpiece of filmmaking. 

I love how it evolved as a serialized story. so what you rank them?",mission_impossible,FILM_CRAFT_REVIEW,,,"rank the mission impossible franchise. my ranking would be
1. mission impossible fallout 
2. mission impossible dead reckoning pt1 
3. mission impossible rogue nation 
4. mission impossible ghost protocol 
5. mission impossible 1 
6. mission impossible 3 
7. mission impossible 2 

this has to be one of the best most consistent franchises. fallout i think is an absolute masterpiece of filmmaking. 

i love how it evolved as a serialized story. so what you rank them?"
Do you all find Christopher Nolan's plot explained dialogue helpful or detracting?,"I was rewatching Interstellar the other day, great movie, awesome visuals, good pacing. However, the moments in which the plot is explained to the viewer became more and more noticeably as the movie progressed. Some of it was very helpful to myself as a viewer in certain moments in the movie, other times, it came across as insulting to the viewers intelligence. How have you all felt when you come across this kind of dialogue?",oppenheimer,FILM_CRAFT_REVIEW,,,"do you all find christopher nolan's plot explained dialogue helpful or detracting?. i was rewatching interstellar the other day, great movie, awesome visuals, good pacing. however, the moments in which the plot is explained to the viewer became more and more noticeably as the movie progressed. some of it was very helpful to myself as a viewer in certain moments in the movie, other times, it came across as insulting to the viewers intelligence. how have you all felt when you come across this kind of dialogue?"
Mission Impossible Fallout is phenomenal.,"it's able to build perfectly off of Missions 3, 4 and 5. in terms of plot. the events of ghost protocol directly bleed into 5 which perfectly builds into 6 with the mi6 organization not being shut down but accompanied with the CIA. Henry Cavill is phenomenal in the film. he's the perfect blunt object to cruises unstoppable force. it finally pays off the ex wife subplot built from mission 4 that was revealed. they continue the syndicates plot from 5 very nicely too. the way its shot is even better cinematography and the fight scenes are more kinetic like a kung fu film. that bathroom fight scene is phenomenal. but the same thing with 5 is that sometimes the action sequences aren't even my favorite part of The film. it's the skydiving sequence which was just phenomenal. it does everything spectre and No time to die does but better because cruise and Mcquarrie put in the leg work to make the big pay offs matter and have personal and emotional stakes whereas spectre and no time to die fail. Mission impossible 6 is a phenomenal piece of blockbuster filmmaking and once again proves that you don't have to make lazy blockbusters",mission_impossible,FILM_CRAFT_REVIEW,,,"mission impossible fallout is phenomenal.. it's able to build perfectly off of missions 3, 4 and 5. in terms of plot. the events of ghost protocol directly bleed into 5 which perfectly builds into 6 with the mi6 organization not being shut down but accompanied with the cia. henry cavill is phenomenal in the film. he's the perfect blunt object to cruises unstoppable force. it finally pays off the ex wife subplot built from mission 4 that was revealed. they continue the syndicates plot from 5 very nicely too. the way its shot is even better cinematography and the fight scenes are more kinetic like a kung fu film. that bathroom fight scene is phenomenal. but the same thing with 5 is that sometimes the action sequences aren't even my favorite part of the film. it's the skydiving sequence which was just phenomenal. it does everything spectre and no time to die does but better because cruise and mcquarrie put in the leg work to make the big pay offs matter and have personal and emotional stakes whereas spectre and no time to die fail. mission impossible 6 is a phenomenal piece of blockbuster filmmaking and once again proves that you don't have to make lazy blockbusters"
Anyone else think that Christopher Nolan not using CGI in his recent movies is a big negative and shouldn’t be applauded?,"Many people praise him for this, but for the specific movies he’s making it’s just ridiculous. 

Take Dunkirk (2017), apparently there was “virtually no CGI”. And yeah no shit, if you’re a WW2 nerd you could tell. There was meant to be hundreds of thousands of soldiers on the beach during the Dunkirk evacuation, but because Nolan only used real life extras the beach looked relatively empty with 100s of solders at most. Not to mention you can literally see modern buildings throughout the movie, which could easily be removed/edited with CG. A completely immersion-breaking movie thanks to little to no CGI. 

 
Oppenheimer is a less dramatic example, but if you’ve seen the trinity test explosion it’s very evident it needed CGI. Looked nothing like a nuclear explosion, more like a gasoline explosion. Which is a shame because the build up was extraordinary…",oppenheimer,FILM_CRAFT_REVIEW,,,"anyone else think that christopher nolan not using cgi in his recent movies is a big negative and shouldn’t be applauded?. many people praise him for this, but for the specific movies he’s making it’s just ridiculous. 

take dunkirk (2017), apparently there was “virtually no cgi”. and yeah no shit, if you’re a ww2 nerd you could tell. there was meant to be hundreds of thousands of soldiers on the beach during the dunkirk evacuation, but because nolan only used real life extras the beach looked relatively empty with 100s of solders at most. not to mention you can literally see modern buildings throughout the movie, which could easily be removed/edited with cg. a completely immersion-breaking movie thanks to little to no cgi. 

 
oppenheimer is a less dramatic example, but if you’ve seen the trinity test explosion it’s very evident it needed cgi. looked nothing like a nuclear explosion, more like a gasoline explosion. which is a shame because the build up was extraordinary…"
“No Hard Feelings” new Jennifer Lawrence movie,"Just got back from the theater after watching the new Jennifer Lawrence movie. I made a concerted effort to see this movie because I want more movies like this to get produced. 

   I miss the days when there more movies made about regular life people. If it’s not a superhero movie these days it’s like it has to be a Nolan-esque theatrical experience.

  Painfully average in a lot of ways but also just kinda, fun. I turned off my phone when I was there and just kinda shut out everything for a few hours. It was nice. This was a movie that was honestly not about anything except a broke lady needing a car, and a kid needing to balls up. Movies that are just 3/5 stars deserve to be made.",oppenheimer,FILM_CRAFT_REVIEW,,,"“no hard feelings” new jennifer lawrence movie. just got back from the theater after watching the new jennifer lawrence movie. i made a concerted effort to see this movie because i want more movies like this to get produced. 

   i miss the days when there more movies made about regular life people. if it’s not a superhero movie these days it’s like it has to be a nolan-esque theatrical experience.

  painfully average in a lot of ways but also just kinda, fun. i turned off my phone when i was there and just kinda shut out everything for a few hours. it was nice. this was a movie that was honestly not about anything except a broke lady needing a car, and a kid needing to balls up. movies that are just 3/5 stars deserve to be made."
Saw Oppenheimer yesterday,"I will avoid spoilers as much as I can but by definition some points I’m going to mention will « spoil » the movie a little bit (pace, dialogue, etc). 

For context, the movie released yesterday in France, so that’s why I saw it earlier. I saw it in English dub. Also, English is not my first language so please bear with me. 

—

I didn’t enjoy the movie. It wasn’t an unpleasant watch either, but it wasn’t the mind blowing experience like I expected it to be. 
I believe it got overhyped and I fell for that feeling. 

Anyways, few points i’d like to argue:

- The pace is absolutely horrendous.
It feels like you’re watching a movie paced and edited like a Fast and Furious but on a biopic.

- The music
It doesn’t match the movie. Like, why would you put the most epic, soul bending, toe curling music on such a boring scene ? (It’s literally just Oppie walking, nothing else). 

- Dialogue felt unnatural to me. Everyone speaks with amazing words and the next guy replies with even more amazing words as well. Sure, it’s dynamic, but let me breathe. People think, pause, stutter a little, even geniuses do. It’s like Tenet all over again.

- By getting so much A list actors, none really stood out.
They don’t have enough screen time to. Yes, a 3 hours long movie did not give anyone, except maybe Cillian and RDJ, enough time to stand out, in my opinion. I felt unattached to all the characters, whatever tragedy or difficult times they went through. 

I have a few other points i’d like to mention but it would be heavy spoilers so I will avoid. 

I’d gladly discuss the movie with anyone and share opinions because im so disappointed I want to see what other people could have enjoyed out of it.",oppenheimer,FILM_CRAFT_REVIEW,,,"saw oppenheimer yesterday. i will avoid spoilers as much as i can but by definition some points i’m going to mention will « spoil » the movie a little bit (pace, dialogue, etc). 

for context, the movie released yesterday in france, so that’s why i saw it earlier. i saw it in english dub. also, english is not my first language so please bear with me. 

—

i didn’t enjoy the movie. it wasn’t an unpleasant watch either, but it wasn’t the mind blowing experience like i expected it to be. 
i believe it got overhyped and i fell for that feeling. 

anyways, few points i’d like to argue:

- the pace is absolutely horrendous.
it feels like you’re watching a movie paced and edited like a fast and furious but on a biopic.

- the music
it doesn’t match the movie. like, why would you put the most epic, soul bending, toe curling music on such a boring scene ? (it’s literally just oppie walking, nothing else). 

- dialogue felt unnatural to me. everyone speaks with amazing words and the next guy replies with even more amazing words as well. sure, it’s dynamic, but let me breathe. people think, pause, stutter a little, even geniuses do. it’s like tenet all over again.

- by getting so much a list actors, none really stood out.
they don’t have enough screen time to. yes, a 3 hours long movie did not give anyone, except maybe cillian and rdj, enough time to stand out, in my opinion. i felt unattached to all the characters, whatever tragedy or difficult times they went through. 

i have a few other points i’d like to mention but it would be heavy spoilers so i will avoid. 

i’d gladly discuss the movie with anyone and share opinions because im so disappointed i want to see what other people could have enjoyed out of it."
The New Barbie Movie is not what I expected,"I am not saying the movie is bad, Or whatever. I think it’s just not my personal idea of what a Barbie movie would be like as someone who’s watched lot of Barbie movie growing up.

I feel like the movie is based more on the “Doll/Toy. kids play thing” Perspective or concept rather than Barbie as a character itself, which I PERSONALLY would’ve like to see.

What really made Barbie popular apart from she takes on so many role “Mermaid, Ballerina, Fashion designer, Surfer, Princess.” That was so cool to us growing up, let’s be honest, It was also cuz of how superficially Attractive and Model like, Young, fashionable, Everyone was.

And I get that today everyone is always trying to add real life and political experience in shows and movie, but sometimes it’s okay to just make a show/movie unrealistic and out of the real world 

Most of the cast Do not look like a Barbie character and just feel too mature and is just coming off cringe. Even tho Margot Robbie is such a good Barbie,I would’ve preferred a fresh face cuz I can’t help but see Margot Robbie than Barbie, but still a good casting than Amy lol . And Ryan gosling is attractive, he’s not Barbie type attractive and feel a lil old/mature as most Barbie character comes off as teenagers or young adult, And Ken is honestly a character that caters to girls desire, The Prince Charming, Hottest boy in class or campus type of vibe, that’s what he’s popular for. He wasn’t just Ken

Shows like Mean girls, Clueless, Legally Blonde, just gives Barbie vibe.",barbie,FILM_CRAFT_REVIEW,,,"the new barbie movie is not what i expected. i am not saying the movie is bad, or whatever. i think it’s just not my personal idea of what a barbie movie would be like as someone who’s watched lot of barbie movie growing up.

i feel like the movie is based more on the “doll/toy. kids play thing” perspective or concept rather than barbie as a character itself, which i personally would’ve like to see.

what really made barbie popular apart from she takes on so many role “mermaid, ballerina, fashion designer, surfer, princess.” that was so cool to us growing up, let’s be honest, it was also cuz of how superficially attractive and model like, young, fashionable, everyone was.

and i get that today everyone is always trying to add real life and political experience in shows and movie, but sometimes it’s okay to just make a show/movie unrealistic and out of the real world 

most of the cast do not look like a barbie character and just feel too mature and is just coming off cringe. even tho margot robbie is such a good barbie,i would’ve preferred a fresh face cuz i can’t help but see margot robbie than barbie, but still a good casting than amy lol . and ryan gosling is attractive, he’s not barbie type attractive and feel a lil old/mature as most barbie character comes off as teenagers or young adult, and ken is honestly a character that caters to girls desire, the prince charming, hottest boy in class or campus type of vibe, that’s what he’s popular for. he wasn’t just ken

shows like mean girls, clueless, legally blonde, just gives barbie vibe."
Mission Impossible Dead Reckoning review. NON-SPOILER.,"This movie was fantastic. One of the best action films. From start to finish everything was perfect. Tom Cruise is the GOAT!!! Everyone in the film was great. The writing and characters were fantastic. Mission Impossible&gt;James Bond. I’ve said this since I saw Ghost Protocol and it’s been true each and every time. These films get better and better. The next one is always better. Christopher McQuarrie and Tom Cruise are great duo. Benji, Ilsa, Luther are great as usual. But the new characters they have are great as well, especially &gt;!Haley Atwell’s!&lt;character.",mission_impossible,FILM_CRAFT_REVIEW,,,"mission impossible dead reckoning review. non-spoiler.. this movie was fantastic. one of the best action films. from start to finish everything was perfect. tom cruise is the goat!!! everyone in the film was great. the writing and characters were fantastic. mission impossible&gt;james bond. i’ve said this since i saw ghost protocol and it’s been true each and every time. these films get better and better. the next one is always better. christopher mcquarrie and tom cruise are great duo. benji, ilsa, luther are great as usual. but the new characters they have are great as well, especially &gt;!haley atwell’s!&lt;character."
Oppenheimer spoilers,"Did Oppenheimer kill Jean or did she commit suicide and if so why did she do it? If he did kill her then was it more speculation from Nolan just based on the source material rather than something concrete that actually took place, I feel like if so this is why it was more of a blink and you'll miss it thing. 

Overall I loved this movie and thought it was a masterpiece definitely one of Nolan’s best and maybe even his magnum opus, the film left me with a lot to think about and ponder but this felt like the most ambiguous aspect about the movie for me and I would like to hear people’s interpretations of their relationship and her death and what it all meant.",oppenheimer,FILM_CRAFT_REVIEW,,,"oppenheimer spoilers. did oppenheimer kill jean or did she commit suicide and if so why did she do it? if he did kill her then was it more speculation from nolan just based on the source material rather than something concrete that actually took place, i feel like if so this is why it was more of a blink and you'll miss it thing. 

overall i loved this movie and thought it was a masterpiece definitely one of nolan’s best and maybe even his magnum opus, the film left me with a lot to think about and ponder but this felt like the most ambiguous aspect about the movie for me and i would like to hear people’s interpretations of their relationship and her death and what it all meant."
Has Interstellar had a re-evaluation since its release?,"I know it only released 9 years ago, but when it first released it seemed the discourse was highly divisive. A lot of people saying that it was ""proof"" that Nolan was past it as a filmmaker. However nowadays I see it ranked near the top of his filmography in a lot of lists. Anecdotally, most of the people I know who have seen it absolutely love it. With many considering it their favourite of his films. 

Back when it was released, it seemed like The Martian was more laboured. But now you don't really see many people talk about that film the way they do Interstellar.",oppenheimer,FILM_CRAFT_REVIEW,,,"has interstellar had a re-evaluation since its release?. i know it only released 9 years ago, but when it first released it seemed the discourse was highly divisive. a lot of people saying that it was ""proof"" that nolan was past it as a filmmaker. however nowadays i see it ranked near the top of his filmography in a lot of lists. anecdotally, most of the people i know who have seen it absolutely love it. with many considering it their favourite of his films. 

back when it was released, it seemed like the martian was more laboured. but now you don't really see many people talk about that film the way they do interstellar."
What is with all 2023 Hollywood summer blockbusters having the same plot structure,"There have been three movies this summer and all of them the typical Hollywood summer blockbuster and all three involve finding a MacGuffin that is split into two halves in two different parts of the world with the protagonists having to find before the antagonists gets their hands on it and save the world from impending doom.

And one more coincidence all three have a female sidekick to string along the mission with two of them being thieves playing the same type of character.

Guess what Mission: Impossible 7, Transformers 7 and Indiana Jones 5 all feature the same plot structure.

And yes Uncharted last year had the same plot with two crosses which serves as the MacGuffin and a female sidekick who once again plays a thief.

Infact this and MI7 may as well be the same movie.

So did they all rip off from the same script or Hollywood has already started using AI for its scripts.",mission_impossible,FILM_CRAFT_REVIEW,,,"what is with all 2023 hollywood summer blockbusters having the same plot structure. there have been three movies this summer and all of them the typical hollywood summer blockbuster and all three involve finding a macguffin that is split into two halves in two different parts of the world with the protagonists having to find before the antagonists gets their hands on it and save the world from impending doom.

and one more coincidence all three have a female sidekick to string along the mission with two of them being thieves playing the same type of character.

guess what mission: impossible 7, transformers 7 and indiana jones 5 all feature the same plot structure.

and yes uncharted last year had the same plot with two crosses which serves as the macguffin and a female sidekick who once again plays a thief.

infact this and mi7 may as well be the same movie.

so did they all rip off from the same script or hollywood has already started using ai for its scripts."
I think TMNT Mutant Mayhem has potential to be one of Seth Rogen’s best films in a long time,"I can see a solid coming of age story in the same vein as Superbad, just told through the Ninja Turtles story… also not as raunchy or adult.

I feel like having Seth Rogen make a story like this was smart just seeing his history into films about teens and just the youth in general. Even Good Boys was solid imo, maybe not as much so as Superbad but still decent.

I think we may have something special, if the early reviews from the Annecy Festival screening are anything to go by I think we have a solid and entertaining film to look forward to. Think this is his and Evan Goldberg’s first “kids film” they’ve produced so I’m interested to see how this goes.

Any thoughts?",tmnt,FILM_CRAFT_REVIEW,,,"i think tmnt mutant mayhem has potential to be one of seth rogen’s best films in a long time. i can see a solid coming of age story in the same vein as superbad, just told through the ninja turtles story… also not as raunchy or adult.

i feel like having seth rogen make a story like this was smart just seeing his history into films about teens and just the youth in general. even good boys was solid imo, maybe not as much so as superbad but still decent.

i think we may have something special, if the early reviews from the annecy festival screening are anything to go by i think we have a solid and entertaining film to look forward to. think this is his and evan goldberg’s first “kids film” they’ve produced so i’m interested to see how this goes.

any thoughts?"
OPPENHEIMER initial thoughts (non spoilers),"it was an incredible film. Christopher Nolan did not miss! I wasn't all aware of OPPENHEIMER's story and the film does a great job telling that story from several perspectives (you'll see during the third act). Was sad Zimmer wasn't composing the OST but the composer they used did an outstanding job. The tension could be felt thanks to the acting and the score working together. You feel the lengthy 3hrs but by the end of the film, it feels like a 2.5hr film. Yeah, I'm definitely going to watch this again on Tuesday",oppenheimer,FILM_CRAFT_REVIEW,,,"oppenheimer initial thoughts (non spoilers). it was an incredible film. christopher nolan did not miss! i wasn't all aware of oppenheimer's story and the film does a great job telling that story from several perspectives (you'll see during the third act). was sad zimmer wasn't composing the ost but the composer they used did an outstanding job. the tension could be felt thanks to the acting and the score working together. you feel the lengthy 3hrs but by the end of the film, it feels like a 2.5hr film. yeah, i'm definitely going to watch this again on tuesday"
That one Oppenheimer effect,"Of all the effects in Nolan’s films, and in Oppenheimer, there is one I am very curious about — especially if any crew folks are on here -/ and that is — the scene where oppy meets Einstein by the pond — einsteins hat blows off in a wide shot, and later in a closeup — is it a mechanical or CGI effect? If mechanical, exactly how was it made/ designed? And, did you notice any other practical/ mechanical SFX in the film?  Some trends indicate a return to practical fx — and the farm and “movieness” such effects add the the film going experience — and… any other notable practical fx you have admired in recent films? Thanks — david w, also a film maker",oppenheimer,FILM_CRAFT_REVIEW,,,"that one oppenheimer effect. of all the effects in nolan’s films, and in oppenheimer, there is one i am very curious about — especially if any crew folks are on here -/ and that is — the scene where oppy meets einstein by the pond — einsteins hat blows off in a wide shot, and later in a closeup — is it a mechanical or cgi effect? if mechanical, exactly how was it made/ designed? and, did you notice any other practical/ mechanical sfx in the film?  some trends indicate a return to practical fx — and the farm and “movieness” such effects add the the film going experience — and… any other notable practical fx you have admired in recent films? thanks — david w, also a film maker"
What are your opinions on the upcoming Oppenheimer movie?,"Personally, I think it is going to be one of his best movies, it allready looks alot better to me, then Tenet ever did.  Not that Tenet was bad, it just seemed too confusing and hard to follow for me.  Plus, it just seemed like your average terrorist movie, with time travel trappings, much like Denzel Washington's Deji vu.  Oppenheimer seems to have  a plot that is much more compelling, and easy to follow, probally because it is all true.  I know it was also filmed in New Mexico, where the Manhattan Project actually happened, and that the expolsions were actually practial effects, rather then CGI.  In your view,  how does the movie look to you, and do you think it will do well at the box office, and be a well regarded movie?",oppenheimer,FILM_CRAFT_REVIEW,,,"what are your opinions on the upcoming oppenheimer movie?. personally, i think it is going to be one of his best movies, it allready looks alot better to me, then tenet ever did.  not that tenet was bad, it just seemed too confusing and hard to follow for me.  plus, it just seemed like your average terrorist movie, with time travel trappings, much like denzel washington's deji vu.  oppenheimer seems to have  a plot that is much more compelling, and easy to follow, probally because it is all true.  i know it was also filmed in new mexico, where the manhattan project actually happened, and that the expolsions were actually practial effects, rather then cgi.  in your view,  how does the movie look to you, and do you think it will do well at the box office, and be a well regarded movie?"
Where Mission Impossible: Dead Reckoning Went Wrong,"I am a fan of the MI franchise and was stoked to see this in theaters. I don’t like a packed theater so I waited to see it during the Barbenheimer weekend because I figured everyone else would be at those showings, which they were.

Spoilers ahead:

The movie just wasn’t very good. My expectations were high coming off of Fallout. The Part 1 title is part of the problem, but the biggest issue is the dialogue and plot/pacing of the film. It failed to connect on an emotional level for me to even care about the plot. It’s very simple, much like other MI movies, but this one is different. A runaway AI? Really? It was already done better in Avengers. The worst Avengers movie. At least Avengers was able to manifest the AI with Ultron. 

That’s what this MI is missing most. A physical threat that we can identify as the main villain. Look, I realize there is a villain character in MI 7, but he’s not threatening. This movie also has a lot less screen time for Tom Cruise. At least it seems. I think that also hurt the film. People go to see these for his stunts, charisma, and humor. But this Part 1 lacked most of that, and that’s coming from a big fan of Cruise. And no, I don’t factor in his possible current affiliation with Scientology because it’s irrelevant. I couldn’t care less what he does in his private life, but I know alot of you guys love to point it out in every single thread related to him in any way. It’s dated, we get it. 

I’m sure Covid really hurt the production of this movie and that sucks. Lastly, in the exposition heavy scene where Kittrich says what IMF stands for, he very dramatically says: IMPOSSIBLE MISSION FORCE. I laughed out loud because it was the first funny joke in the film. But wait! They were being serious. That’s what their covert, super top secret, eyes only, classified, elite black ops organization is named: IMPOSSIBLE MISSION FORCE. What the hell man. 

Lastly, the dirt bike cliff jump was cool but ultimately fell super flat because I saw the BTS footage we all saw on Reddit for 6 months straight prior to release. It was just meh. When you see the movie you’ll realize it doesn’t even make sense why he needed to jump off the cliff. I originally thought that he would land with his parachute parallel to the top of the moving train and then enter the train from the roof. That’s NOT what happens. What actually happens is absurd and makes no sense. 

Ultimately, I’m sure when Part 2 releases, that is story will come together and make more sense. Maybe when we get the full picture it’ll make for a more cohesive narrative. I have hopes, but they were dampened with this Part 1.

Rating: 7/10",barbie,FILM_CRAFT_REVIEW,,,"where mission impossible: dead reckoning went wrong. i am a fan of the mi franchise and was stoked to see this in theaters. i don’t like a packed theater so i waited to see it during the barbenheimer weekend because i figured everyone else would be at those showings, which they were.

spoilers ahead:

the movie just wasn’t very good. my expectations were high coming off of fallout. the part 1 title is part of the problem, but the biggest issue is the dialogue and plot/pacing of the film. it failed to connect on an emotional level for me to even care about the plot. it’s very simple, much like other mi movies, but this one is different. a runaway ai? really? it was already done better in avengers. the worst avengers movie. at least avengers was able to manifest the ai with ultron. 

that’s what this mi is missing most. a physical threat that we can identify as the main villain. look, i realize there is a villain character in mi 7, but he’s not threatening. this movie also has a lot less screen time for tom cruise. at least it seems. i think that also hurt the film. people go to see these for his stunts, charisma, and humor. but this part 1 lacked most of that, and that’s coming from a big fan of cruise. and no, i don’t factor in his possible current affiliation with scientology because it’s irrelevant. i couldn’t care less what he does in his private life, but i know alot of you guys love to point it out in every single thread related to him in any way. it’s dated, we get it. 

i’m sure covid really hurt the production of this movie and that sucks. lastly, in the exposition heavy scene where kittrich says what imf stands for, he very dramatically says: impossible mission force. i laughed out loud because it was the first funny joke in the film. but wait! they were being serious. that’s what their covert, super top secret, eyes only, classified, elite black ops organization is named: impossible mission force. what the hell man. 

lastly, the dirt bike cliff jump was cool but ultimately fell super flat because i saw the bts footage we all saw on reddit for 6 months straight prior to release. it was just meh. when you see the movie you’ll realize it doesn’t even make sense why he needed to jump off the cliff. i originally thought that he would land with his parachute parallel to the top of the moving train and then enter the train from the roof. that’s not what happens. what actually happens is absurd and makes no sense. 

ultimately, i’m sure when part 2 releases, that is story will come together and make more sense. maybe when we get the full picture it’ll make for a more cohesive narrative. i have hopes, but they were dampened with this part 1.

rating: 7/10"
What prop took you right out of a movie with how bad it looked?,"I was recently watching the new Mission Impossible and couldn’t help roll my eyes every time they showed the “key”. It looked a cheap plastic set of car keys that had lights on it for some reason. You’d think something that controls a powerful AI would look a little more high tech. 

What other props/macguffins have looked laughably bad?  Certain ones that come to mind are the sith dagger in Rise of Skywalker or the crystal skull from Indiana Jones.",mission_impossible,FILM_CRAFT_REVIEW,,,"what prop took you right out of a movie with how bad it looked?. i was recently watching the new mission impossible and couldn’t help roll my eyes every time they showed the “key”. it looked a cheap plastic set of car keys that had lights on it for some reason. you’d think something that controls a powerful ai would look a little more high tech. 

what other props/macguffins have looked laughably bad?  certain ones that come to mind are the sith dagger in rise of skywalker or the crystal skull from indiana jones."
Am I the only person who hated Oppenheimer?,"I left thinking that had felt like a 5 hours drawn out mess, and now I’m reading all this praise and I’m so puzzled. It has really beautiful and masterful aspects, but appart from a few moments it felt like a one-note never-ending bloated discussion and had just the most unengaging dialogue and terrible female characters. Have I gone insane? Does anyone else feel like I do?",oppenheimer,FILM_CRAFT_REVIEW,,,"am i the only person who hated oppenheimer?. i left thinking that had felt like a 5 hours drawn out mess, and now i’m reading all this praise and i’m so puzzled. it has really beautiful and masterful aspects, but appart from a few moments it felt like a one-note never-ending bloated discussion and had just the most unengaging dialogue and terrible female characters. have i gone insane? does anyone else feel like i do?"
"Crazy, stupid love is such a crap movie that even Ryan Gosling's abs couldn't save it.","I've been on a Ryan Gosling bender after watching Barbie and decided to watch this movie. What a shifty plot! How creepy are the characters!? The teenager plot was do uncomfortable to watch and the movie is full of harmful stereotypes and unfunny scenes. The characters are unnecessarily rude to unassuming public, have ""main character syndrome"" (especially the last scene) and the soul mate bullshit just made the movie unwatchable.The only bit I enjoyed was when Ryan Gosling and Emma stone open up to each other. Overall yuck/yuck.  

My favorite part was when Ryan Gosling takes his shirt off and Emma goes, ""It's like you're photoshopped!""

I also watched ""The place beyond the pines"" till Ryan Gosling's character dies and honestly, please give Ryan some characters where he can properly emote. Dude is so natural at conveying suffering.",barbie,FILM_CRAFT_REVIEW,,,"crazy, stupid love is such a crap movie that even ryan gosling's abs couldn't save it.. i've been on a ryan gosling bender after watching barbie and decided to watch this movie. what a shifty plot! how creepy are the characters!? the teenager plot was do uncomfortable to watch and the movie is full of harmful stereotypes and unfunny scenes. the characters are unnecessarily rude to unassuming public, have ""main character syndrome"" (especially the last scene) and the soul mate bullshit just made the movie unwatchable.the only bit i enjoyed was when ryan gosling and emma stone open up to each other. overall yuck/yuck.  

my favorite part was when ryan gosling takes his shirt off and emma goes, ""it's like you're photoshopped!""

i also watched ""the place beyond the pines"" till ryan gosling's character dies and honestly, please give ryan some characters where he can properly emote. dude is so natural at conveying suffering."
Hi guys. This is going to be my spoiler-free review for Mission Impossible Dead Reckoning Part :1.,"Just came back after watching MI: Dead Reckoning and I had a blast. Many a times it happens that in a film Franchise that has been going on for as long as this one , it kind of gets ruined with the number of installments. But this is a film Franchise that keeps getting more bigger and more engaging. Tom Cruise gave a brilliant performance. It is really impressive that even at this age he does his stunts on his own. The stunt work for Mi 7 and John Wick Chapter 4 are so good , even I feel that Academy should actually add a category by the name ""best stunt work"". Hayley Atwell's character Grace is really entertaining. Now a days it feels like a lot of new female character's are really annoying and toxic but I am happy that Hayley 's Grace is not annoying. She has a great chemistry with Tom's Ethan. Ving's Luther ans Simon's Benji also have great chemistry. Pom is great as Paris . Christopher Macquarie did a great job as the director. It was great to have Henry Czerny as Kittridge.  Can't wait for Dead Reckoning :Part 2 . 5/5 from my side. Thanks for reading my review.",mission_impossible,FILM_CRAFT_REVIEW,,,"hi guys. this is going to be my spoiler-free review for mission impossible dead reckoning part :1.. just came back after watching mi: dead reckoning and i had a blast. many a times it happens that in a film franchise that has been going on for as long as this one , it kind of gets ruined with the number of installments. but this is a film franchise that keeps getting more bigger and more engaging. tom cruise gave a brilliant performance. it is really impressive that even at this age he does his stunts on his own. the stunt work for mi 7 and john wick chapter 4 are so good , even i feel that academy should actually add a category by the name ""best stunt work"". hayley atwell's character grace is really entertaining. now a days it feels like a lot of new female character's are really annoying and toxic but i am happy that hayley 's grace is not annoying. she has a great chemistry with tom's ethan. ving's luther ans simon's benji also have great chemistry. pom is great as paris . christopher macquarie did a great job as the director. it was great to have henry czerny as kittridge.  can't wait for dead reckoning :part 2 . 5/5 from my side. thanks for reading my review."
All the things wrong with the Dark Knight Rises,"Watched this again last night and it just sucks in comparison to both TDK and BB. It's almost like it was written and directed by someone else. The plot has so many holes in it that just make no sense and upon further rewatches just takes you out each time.

- The way Blake recognizes BW is Batman, because he saw the sadness in his eyes?? Wtf, and Wayne just confirms it without a single shred of proof?

- BW hobbling around on a crutch for 8 years but somehow has not lost any of his physical strength, stamina, and no rust, just puts on a knee brace and voila, healed! Praise Jeebus!

- Catwoman's dialogue is just atrocious, or maybe it's just the delivery but Hathaway just doeant look like she can kick anyone's ass. Zoe Kravitz is a much better CW.

- and why the fuck does Bane sound like Sean Connery??

- The fight with Bane is cool, but it just shows how easily Batman defeats him in the end. Guess he just didnt believe in himself as much first time?

- Oh your verrtabrae is protruding, let me just punch it back and hang you here like a marrionnette, and voila! Healed
Healed

- that prison looks super easy to escape from. What, no grappling hooks in there? Tom Cruise would laugh at that and escape on one leg

- and just like that Batman is back, stronger than ever, guess those prison workouts are real

- when Talia stabs him, she's doing this dramatic pose where she's not even looking at him. Looks away, stabs, then turns to face him. Wow so cool!! Wtf

- They shouldnt have shown BW in Italy at the end. Should have just been the nod from Alfred. 

-",mission_impossible,FILM_CRAFT_REVIEW,,,"all the things wrong with the dark knight rises. watched this again last night and it just sucks in comparison to both tdk and bb. it's almost like it was written and directed by someone else. the plot has so many holes in it that just make no sense and upon further rewatches just takes you out each time.

- the way blake recognizes bw is batman, because he saw the sadness in his eyes?? wtf, and wayne just confirms it without a single shred of proof?

- bw hobbling around on a crutch for 8 years but somehow has not lost any of his physical strength, stamina, and no rust, just puts on a knee brace and voila, healed! praise jeebus!

- catwoman's dialogue is just atrocious, or maybe it's just the delivery but hathaway just doeant look like she can kick anyone's ass. zoe kravitz is a much better cw.

- and why the fuck does bane sound like sean connery??

- the fight with bane is cool, but it just shows how easily batman defeats him in the end. guess he just didnt believe in himself as much first time?

- oh your verrtabrae is protruding, let me just punch it back and hang you here like a marrionnette, and voila! healed
healed

- that prison looks super easy to escape from. what, no grappling hooks in there? tom cruise would laugh at that and escape on one leg

- and just like that batman is back, stronger than ever, guess those prison workouts are real

- when talia stabs him, she's doing this dramatic pose where she's not even looking at him. looks away, stabs, then turns to face him. wow so cool!! wtf

- they shouldnt have shown bw in italy at the end. should have just been the nod from alfred. 

-"
A difference between the War of the Worlds book and the Spielberg film,"The Tim Robbins character is similar to the curate in the book, who goes mad and makes noise that could attract the aliens, but in the book the narrator only knocks him out, and he's then dragged off by the aliens. The narrator even says he chose not to kill him outright because he still had some humanity left. In the Spielberg film, however, Tom Cruise chooses to flat-out murder him to protect his daughter, which makes it a darker scene. Do you think this change was a good idea?",mission_impossible,FILM_CRAFT_REVIEW,,,"a difference between the war of the worlds book and the spielberg film. the tim robbins character is similar to the curate in the book, who goes mad and makes noise that could attract the aliens, but in the book the narrator only knocks him out, and he's then dragged off by the aliens. the narrator even says he chose not to kill him outright because he still had some humanity left. in the spielberg film, however, tom cruise chooses to flat-out murder him to protect his daughter, which makes it a darker scene. do you think this change was a good idea?"
Very belated question about the logic of Tenet,"So with Oppenheimer out I was thinking back to Nolan movies and I can't remember how Tenet worked, and it is really bugging me. 

So my recollection is that at the beginning of the film, the protag is moving forward in time, and as viewers we are watching that a fairly standard flow as well.

In the lab scene where the main mechanic is explained, they do some examples with bullets. 

When protag ""fires"" at the wall, he's dealing with inverted bullets, so from his and the viewers perspective, the bullets move ""backwards"" in time and return to the gun. 

But then what? Shouldn't those bullets *keep* moving ""backwards"" relative to the protag? Do they explain that at all? I can't remember for the life of me. 

My vague recollection is that the mechanic kind of worked but came apart if you picked at it too hard, but maybe I'm just forgetting key rules.",oppenheimer,FILM_CRAFT_REVIEW,,,"very belated question about the logic of tenet. so with oppenheimer out i was thinking back to nolan movies and i can't remember how tenet worked, and it is really bugging me. 

so my recollection is that at the beginning of the film, the protag is moving forward in time, and as viewers we are watching that a fairly standard flow as well.

in the lab scene where the main mechanic is explained, they do some examples with bullets. 

when protag ""fires"" at the wall, he's dealing with inverted bullets, so from his and the viewers perspective, the bullets move ""backwards"" in time and return to the gun. 

but then what? shouldn't those bullets *keep* moving ""backwards"" relative to the protag? do they explain that at all? i can't remember for the life of me. 

my vague recollection is that the mechanic kind of worked but came apart if you picked at it too hard, but maybe i'm just forgetting key rules."
Recently rewatched War of the Worlds (2005) and I don't understand the massive hate train,"With all the recent news about aliens and UFOs basically being confirmed real, I decided to rewatch some classic alien/alien invasion movies that I haven't seen in awhile like E.T, Alien, Signs, and War of the Worlds.   


I remember being dragged to this movie when it came out as a child because my family wanted to see it. I was 10 years old and it terrified me so badly that I remember crying and covering my ears in the theatre, especially when the Tripods made that god awful horn blowing sound. Needless to say, I never watched it again until recently.  


It's obviously not Spielberg's finest, but I thought it was a pretty decent movie. Definitely creepy, but not nearly as scary as I remember. Similar to the movie Signs, the audience doesn't see the actual aliens until very late into the film, but man those Tripods were scary as hell with how they walked, how they zapped people, how they were literally killing humans for food for the aliens and then fertilizing the planet with their blood. When they're trying to escape on the ferry and then those things come out of nowhere from the forest? Chills. Overall, pretty good alien movie! Obviously much scarier than E.T. (lol) but not as scary/creepy, at least in my opinion, as Signs.   


The only complaints I have are about the characters. The teenage son is annoying as all hell, literally runs into a war completely unarmed and somehow still survives and is waiting for Tom Cruise in Boston? Dakota Fanning's character was also awful but I'll excuse that as being a scared child. Also didn't really understand the point of Tim Robbins character completely, was he trying to recruit people to fight the aliens? Those TriPod things had literal force fields around them, the Army guys couldn't even take them down so I don't know how he thought he and Tom Cruise could win the war.",mission_impossible,FILM_CRAFT_REVIEW,,,"recently rewatched war of the worlds (2005) and i don't understand the massive hate train. with all the recent news about aliens and ufos basically being confirmed real, i decided to rewatch some classic alien/alien invasion movies that i haven't seen in awhile like e.t, alien, signs, and war of the worlds.   


i remember being dragged to this movie when it came out as a child because my family wanted to see it. i was 10 years old and it terrified me so badly that i remember crying and covering my ears in the theatre, especially when the tripods made that god awful horn blowing sound. needless to say, i never watched it again until recently.  


it's obviously not spielberg's finest, but i thought it was a pretty decent movie. definitely creepy, but not nearly as scary as i remember. similar to the movie signs, the audience doesn't see the actual aliens until very late into the film, but man those tripods were scary as hell with how they walked, how they zapped people, how they were literally killing humans for food for the aliens and then fertilizing the planet with their blood. when they're trying to escape on the ferry and then those things come out of nowhere from the forest? chills. overall, pretty good alien movie! obviously much scarier than e.t. (lol) but not as scary/creepy, at least in my opinion, as signs.   


the only complaints i have are about the characters. the teenage son is annoying as all hell, literally runs into a war completely unarmed and somehow still survives and is waiting for tom cruise in boston? dakota fanning's character was also awful but i'll excuse that as being a scared child. also didn't really understand the point of tim robbins character completely, was he trying to recruit people to fight the aliens? those tripod things had literal force fields around them, the army guys couldn't even take them down so i don't know how he thought he and tom cruise could win the war."
I have a question about production quality,"MI 7, Fast X, and The Flash all basically cost the same amount of money to make.  Around 300 to 400 Million.  So why exactly does Mission Impossible feel so much better than the other two?  Fast X filmed on location and a does a lot of practical stunts, but the stunt work in MI felt better.  The Flash and Fast X had some really bad CGI but the CGI in MI was basically invisible.  Then we have John Wick 4 which cost around 100 Million and honestly seems on the same level as MI7.  It has practical stuntwork, on location shooting and invisible CGI.  

So basically what is the deal with production values?  Shouldn't the same level of budget generally equal the same level of movie?  How does a movie that cost 200 million less than these guys even stand next to them.",mission_impossible,FILM_CRAFT_REVIEW,,,"i have a question about production quality. mi 7, fast x, and the flash all basically cost the same amount of money to make.  around 300 to 400 million.  so why exactly does mission impossible feel so much better than the other two?  fast x filmed on location and a does a lot of practical stunts, but the stunt work in mi felt better.  the flash and fast x had some really bad cgi but the cgi in mi was basically invisible.  then we have john wick 4 which cost around 100 million and honestly seems on the same level as mi7.  it has practical stuntwork, on location shooting and invisible cgi.  

so basically what is the deal with production values?  shouldn't the same level of budget generally equal the same level of movie?  how does a movie that cost 200 million less than these guys even stand next to them."
Mission Impossible Dead Reckoning Part 1 - Not good,"I guess this is an unpopular opinion, seeing as the ratings are all very high.

But I did not like the new MI, and I liked all the others.

It felt like a parody of itself and was hard to take seriously. Villian characters from Fallout were reused just because. Chase sequences were never ending and I never really felt any fear of the villians.

As an action movie, this is top tier. You will probably not find more action in any other movie. But that's not what gets me excited about a movie and that's all this movie was to me.

I'm surprised by the 8.1 IMDB rating.",mission_impossible,FILM_CRAFT_REVIEW,,,"mission impossible dead reckoning part 1 - not good. i guess this is an unpopular opinion, seeing as the ratings are all very high.

but i did not like the new mi, and i liked all the others.

it felt like a parody of itself and was hard to take seriously. villian characters from fallout were reused just because. chase sequences were never ending and i never really felt any fear of the villians.

as an action movie, this is top tier. you will probably not find more action in any other movie. but that's not what gets me excited about a movie and that's all this movie was to me.

i'm surprised by the 8.1 imdb rating."
Oppenheimer: Making History with Explosive Beginnings and a Fallout to Remember!,"Wow, I must say, Oppenheimer truly blew my mind! I know it's been said countless times by now, and I'm beating an old horse. In fact, some of you may even suspect that I'm doing this for upvotes. Still I can't hold my excitement about this film any longer. The initial hour took its time to set the stage, and the testimony setup between Oppenheimer and Strauss at different time periods had a distinct The Prestige vibe, which I found intriguing. Despite the deliberate pacing, the tension kept me on edge, eagerly awaiting the Trinity test. The actors delivered commendable performances, as expected.

&amp;#x200B;

The countdown to the Trinity explosion, after nearly 90 minutes, was an intense experience. The absence of sound during the explosion followed by the sudden, earth-shattering BOOM was worth every penny of my ticket.

&amp;#x200B;

Now, let's talk about Nolan and his characters. I'm a fan, but sometimes his characters feel kinda flat, except for Joker in The Dark Knight and, quite arguably, Leonard in Memento. However, Oppenheimer defies this notion. Nolan proves his ability to craft multidimensional characters with Oppenheimer's complex persona. The real weight of the film lies in the aftermath of the Trinity test and the consequences it brought, exposing Oppenheimer's fears and guilt, which resonates deeply with the audience. The harrowing gymnasium scene, with its blinding light and haunting imagery, like the glimpse of faces melting, walking through the ashes, hearing the wallowing of the lost families, just before he's pulled back into reality by a cheering crowd, will stay with me for a long time.

&amp;#x200B;

Robert Downey Jr.'s portrayal of Admiral Strauss was a pleasant surprise. He successfully sheds his Tony Stark persona to portray a vindictive and manipulative character. The revelation of Strauss's involvement in Oppenheimer's hearing and his attempt to discredit him adds another layer to the narrative, transforming the film into more than just a Manhattan Project origin story. Oppenheimer emerges as a multifaceted individual with ambitions and controversial beliefs, yet unwavering loyalty to his country.

&amp;#x200B;

Then it turns into a courtroom drama and man, I was on the edge, waiting to see how Oppenheimer would come out of this mess and get his security clearance back. Emily Blunt's defence at the hearing was epic, showing she's no damsel in distress. Alas, Teller's and Grover's testimonies turned the tables, and Oppenheimer's clearance got revoked, leading to the revocation of his security clearance and silencing his role as a nuclear weapons expert.

&amp;#x200B;

But wait, it's not over yet. Strauss faces his own hearing, and I'm thinking he's got this in the bag, but oh boy, was I wrong! Rami Malek nails it as David Hall, exposing Strauss for the snake he is. I never thought I'd cheer against RDJ, but there I was, grinning when he lost his shot at Secretary.

&amp;#x200B;

The movie concludes with a poignant discussion between Oppenheimer and Einstein, hinted at from the beginning. Einstein's wisdom regarding Oppenheimer's life after his fall from grace strikes a bittersweet chord, leaving a lasting impression. The final moments of the film, with Oppenheimer's contemplative expression as he envisions a world advancing in nuclear weapons, provide a powerful and chilling conclusion.

&amp;#x200B;

Okay, I know this is getting long, but let's talk about some other stuff. The sound design was top-notch, not Hans Zimmer level, but still sublime. I'm glad they didn't go all out like Tenet; they kept it restrained and it worked. That drumbeat during Oppenheimer's hearing, overpowering everything else, was a perfect reflection of his troubled mind. And the Trinity scene, no sound at first, then the explosion hit you like a freight train. Brilliant!

&amp;#x200B;

Finally, the dialogue. Nolan's films sometimes suffer from expository, dry dialogue, but not this time. Oppenheimer's chats with Einstein, Emily Blunt's defence, and her toughening up of Oppenheimer – all had some fantastic subtexts. Nolan's best dialogue yet!",oppenheimer,FILM_CRAFT_REVIEW,,,"oppenheimer: making history with explosive beginnings and a fallout to remember!. wow, i must say, oppenheimer truly blew my mind! i know it's been said countless times by now, and i'm beating an old horse. in fact, some of you may even suspect that i'm doing this for upvotes. still i can't hold my excitement about this film any longer. the initial hour took its time to set the stage, and the testimony setup between oppenheimer and strauss at different time periods had a distinct the prestige vibe, which i found intriguing. despite the deliberate pacing, the tension kept me on edge, eagerly awaiting the trinity test. the actors delivered commendable performances, as expected.

&amp;#x200b;

the countdown to the trinity explosion, after nearly 90 minutes, was an intense experience. the absence of sound during the explosion followed by the sudden, earth-shattering boom was worth every penny of my ticket.

&amp;#x200b;

now, let's talk about nolan and his characters. i'm a fan, but sometimes his characters feel kinda flat, except for joker in the dark knight and, quite arguably, leonard in memento. however, oppenheimer defies this notion. nolan proves his ability to craft multidimensional characters with oppenheimer's complex persona. the real weight of the film lies in the aftermath of the trinity test and the consequences it brought, exposing oppenheimer's fears and guilt, which resonates deeply with the audience. the harrowing gymnasium scene, with its blinding light and haunting imagery, like the glimpse of faces melting, walking through the ashes, hearing the wallowing of the lost families, just before he's pulled back into reality by a cheering crowd, will stay with me for a long time.

&amp;#x200b;

robert downey jr.'s portrayal of admiral strauss was a pleasant surprise. he successfully sheds his tony stark persona to portray a vindictive and manipulative character. the revelation of strauss's involvement in oppenheimer's hearing and his attempt to discredit him adds another layer to the narrative, transforming the film into more than just a manhattan project origin story. oppenheimer emerges as a multifaceted individual with ambitions and controversial beliefs, yet unwavering loyalty to his country.

&amp;#x200b;

then it turns into a courtroom drama and man, i was on the edge, waiting to see how oppenheimer would come out of this mess and get his security clearance back. emily blunt's defence at the hearing was epic, showing she's no damsel in distress. alas, teller's and grover's testimonies turned the tables, and oppenheimer's clearance got revoked, leading to the revocation of his security clearance and silencing his role as a nuclear weapons expert.

&amp;#x200b;

but wait, it's not over yet. strauss faces his own hearing, and i'm thinking he's got this in the bag, but oh boy, was i wrong! rami malek nails it as david hall, exposing strauss for the snake he is. i never thought i'd cheer against rdj, but there i was, grinning when he lost his shot at secretary.

&amp;#x200b;

the movie concludes with a poignant discussion between oppenheimer and einstein, hinted at from the beginning. einstein's wisdom regarding oppenheimer's life after his fall from grace strikes a bittersweet chord, leaving a lasting impression. the final moments of the film, with oppenheimer's contemplative expression as he envisions a world advancing in nuclear weapons, provide a powerful and chilling conclusion.

&amp;#x200b;

okay, i know this is getting long, but let's talk about some other stuff. the sound design was top-notch, not hans zimmer level, but still sublime. i'm glad they didn't go all out like tenet; they kept it restrained and it worked. that drumbeat during oppenheimer's hearing, overpowering everything else, was a perfect reflection of his troubled mind. and the trinity scene, no sound at first, then the explosion hit you like a freight train. brilliant!

&amp;#x200b;

finally, the dialogue. nolan's films sometimes suffer from expository, dry dialogue, but not this time. oppenheimer's chats with einstein, emily blunt's defence, and her toughening up of oppenheimer – all had some fantastic subtexts. nolan's best dialogue yet!"
Summer Drought Is Over?,"I was looking forward to many of the mainstream summer movies this year. While none of them were really big disappointments, yet none of them really stayed with me as I left the theatre. I finally watched Oppenheimer on IMAX 70MM, and it exceeded all my expectations, the direction, the acting, the visual, the score, the editing, sound design everything was as close to perfect as I have seen in a while. It was talky, cerebral, political, emotionally heightened, and ultimately a great character study with Nolan’s audio visual flair. Probably one of the best movies I have seen in years. This is Christopher Nolan’s Magnum Opus as I have heard few times already. But it is dense in content, theme and ask some unsettling questions about humanity and it’s future. And it is not for everyone. Rating: 4.5/5",oppenheimer,FILM_CRAFT_REVIEW,,,"summer drought is over?. i was looking forward to many of the mainstream summer movies this year. while none of them were really big disappointments, yet none of them really stayed with me as i left the theatre. i finally watched oppenheimer on imax 70mm, and it exceeded all my expectations, the direction, the acting, the visual, the score, the editing, sound design everything was as close to perfect as i have seen in a while. it was talky, cerebral, political, emotionally heightened, and ultimately a great character study with nolan’s audio visual flair. probably one of the best movies i have seen in years. this is christopher nolan’s magnum opus as i have heard few times already. but it is dense in content, theme and ask some unsettling questions about humanity and it’s future. and it is not for everyone. rating: 4.5/5"
Is Mission Impossible 5 - Rouge Nation a parody?,"I’m going to see the latest one in theaters tonight, and I was watching a couple before then as “suggested viewing”.  In any case I just started #5 on Paramount+ and I wasn’t sure if I was watching a spoof or not.  The opening scene(s) were so corny I was almost certain it was a spoof I pulled up on YouTube by mistake.  But then I started wondering why Cruise would make fun of his own franchise.  So to quote *My Cousin Vinny*

&gt; You were serious about dat?",mission_impossible,FILM_CRAFT_REVIEW,,,"is mission impossible 5 - rouge nation a parody?. i’m going to see the latest one in theaters tonight, and i was watching a couple before then as “suggested viewing”.  in any case i just started #5 on paramount+ and i wasn’t sure if i was watching a spoof or not.  the opening scene(s) were so corny i was almost certain it was a spoof i pulled up on youtube by mistake.  but then i started wondering why cruise would make fun of his own franchise.  so to quote *my cousin vinny*

&gt; you were serious about dat?"
Predict Oppenheimer's CinemaScore,"Assuming Oppenheimer delivers on the hype, I'm guessing that it winds up with a B+ (although A- wouldn't be surprising)  in line with Nolan's non-Batman films. 

Maybe I'm being too harsh on modern audiences, but I think a lot of folks are gonna walk into the movie unprepared for a dialogue-heavy historical drama and may be put off by the fact that nukes aren't going off every 5 minutes.

Even though a B+ seems low on the surface, I don't see it portending a disappointing B.O. The curiosity factor is there and all signs are pointing to an epic multi-month run.",oppenheimer,FILM_CRAFT_REVIEW,,,"predict oppenheimer's cinemascore. assuming oppenheimer delivers on the hype, i'm guessing that it winds up with a b+ (although a- wouldn't be surprising)  in line with nolan's non-batman films. 

maybe i'm being too harsh on modern audiences, but i think a lot of folks are gonna walk into the movie unprepared for a dialogue-heavy historical drama and may be put off by the fact that nukes aren't going off every 5 minutes.

even though a b+ seems low on the surface, i don't see it portending a disappointing b.o. the curiosity factor is there and all signs are pointing to an epic multi-month run."
Mission Impossible 7 Part 1 Near perfect movie but…. (slight spoilers ahead).,"I saw Mission Impossible 7 twice already and will probably see it a 3rd time. That movie is absolutely incredible! I do find one major flaw. There is a key that can control the entity that has the power to run the world and literally everyone just puts it in their pocket. This small tiny ass key has the power to control the world and everyone just puts it in there pocket all movie long. No secure bag, brief case or even Fanny pack. Just in the pocket. Not even a pocket with zippers. They had it on a chain earlier in the movie sure but through the rest of everyone just keep putting it loosely in their pocket. They have a huge ass fight scene on top of a train and it doesn’t fall out? You’re telling me the Entity that can do “Thousands of Quadrillions of calculations per second” didn’t tell Gabriel “Maybe let’s put it in a more secure transportation device.” Like I’m so confused lol

Also side note: this kind of feels like the Lord of The Rings plot. This all powerful being can only be destroyed by this one thing that it’s constantly searching for? Is Gandalf coming on Eagles in the 2nd film?",mission_impossible,FILM_CRAFT_REVIEW,,,"mission impossible 7 part 1 near perfect movie but…. (slight spoilers ahead).. i saw mission impossible 7 twice already and will probably see it a 3rd time. that movie is absolutely incredible! i do find one major flaw. there is a key that can control the entity that has the power to run the world and literally everyone just puts it in their pocket. this small tiny ass key has the power to control the world and everyone just puts it in there pocket all movie long. no secure bag, brief case or even fanny pack. just in the pocket. not even a pocket with zippers. they had it on a chain earlier in the movie sure but through the rest of everyone just keep putting it loosely in their pocket. they have a huge ass fight scene on top of a train and it doesn’t fall out? you’re telling me the entity that can do “thousands of quadrillions of calculations per second” didn’t tell gabriel “maybe let’s put it in a more secure transportation device.” like i’m so confused lol

also side note: this kind of feels like the lord of the rings plot. this all powerful being can only be destroyed by this one thing that it’s constantly searching for? is gandalf coming on eagles in the 2nd film?"
Oppenheimer First Reactions Following The World Premiere in Paris,"After the premiere tonight the first reactions on social media have dropped in , Here is a sample :


Totally absorbed in OPPENHEIMER, a dense, talkie, tense film partly about the bomb, mostly about how doomed we are. Happy summer! Murphy is good, but the support essential: Damon, Downey Jr &amp; Ehrenreich even bring gags. An audacious, inventive, complex film to rattle its audience


Christopher Nolan’s #Oppenheimer is truly a spectacular achievement, in its truthful, concise adaptation, inventive storytelling and nuanced performances from Cillian Murphy, Emily Blunt, Robert Downey Jr., Matt Damon and the many, many others involved —- some just for a scene.


Oppenheimer left me stunned: a character study on the grandest scale, with a sublime central performance by Cillian Murphy. An epic historical drama but with a distinctly Nolan sensibility: the tension, structure, sense of scale, startling sound design, remarkable visuals. Wow

Oppenheimer is, for me, the best Nolan. Striking, dense, intense. The film, via the main character, does not let go of you, from the first to the last second. A powerful rise and an incredible last hour. Cillian Murphy is absolutely stunning.


OPPENHEIMER could only please me, it's Nolan who does JFK x THE SOCIAL NETWORK. The story of a prophet who wanted to realize his visions of a world beyond ours but turned them into a nightmare. A meditation on power


Sacred piece Oppenheimer, biopic saturated with information and sensory effects that tell the story of a cracked hero. If academicism sometimes threatens to strike, Christopher Nolan comes out with honors thanks to an original and sharp historical point of view.


From Lawrence of Arabia to JFK, Christopher Nolan is inspired by the great classic cinema. A real success, without downtime for 3 hours, which offers what cinema should be: a work that respects it


OPPENHEIMER is...incredible. The word that keeps coming to mind is ""fearsome."" A relentlessly paced, insanely detailed, intricate historical drama that builds and builds and builds until Nolan brings the hammer down in the most astonishing, shattering way.


A sign that French audiences loved #Oppenheimer is that they stayed in front of the Grand Rex theater long after the film ended to debate about it!


Blown by #Oppenheimer!
More classic in appearance, but which fits perfectly into Nolan's work by distilling his motives according to the story: a hectic biopic on the inventor of the atomic bomb, which turns into a captivating thriller in his last crazy hour.


ChristopherNolan's #Oppenheimer is incredible. Every aspect of the film is worth talking about from the brilliant performances, to #HoytevanHoytema's amazing work behind the camera, to the way Nolan tells the story. The 3 hour run time flies by. See it in @IMAX 70mm if you can.


Christopher Nolan’s #Oppenheimer is fantastic - big &amp; bold w/ electrifying performances &amp; an incredibly visceral pacing to it. It’s both quietly intimate &amp; also a ferocious moviegoing experience at the same time. See it in IMAX 70mm &amp; it’ll be among your favorite watches of 2023 


OPPENHEIMER is one of if not Nolan’s best work. And that comes from a huge Nolan admirer. I’ve see it twice. Impeccable immersive filmmaking of the highest order. Cillian Murphy gets the role he deserves. In love with Downey’s work. This one demands your attention.


I was skeptical, but Oppenheimer has stuck with me since seeing it last week. Yes, it's 3 hours, but in a dense-Scorsese way and the last 20 minutes (why Emily Blunt clearly took the role) bring its three narrative threads to a moving conclusion.


#Oppenheimer is powerful stuff. Cillian Murphy’s flawless awards worthy performance is next level. Every player in this rich ensemble cast is at the top of their game. Christopher Nolan’s haunting opus is remarkable and Hoyte van Hoytema‘s execution of his vision is breathtaking.


#Oppenheimer Review: CHRISTOPHER NOLAN’S MASTERPIECE. A bold, tragic look inside humanity’s darkest hour. Riveting, world-class performances &amp; breathtaking imagery that blows a load of emotion inside you. Not just another biopic, it’s the best historical movie ever! A fitting end


Will Update with more to come",oppenheimer,FILM_CRAFT_REVIEW,,,"oppenheimer first reactions following the world premiere in paris. after the premiere tonight the first reactions on social media have dropped in , here is a sample :


totally absorbed in oppenheimer, a dense, talkie, tense film partly about the bomb, mostly about how doomed we are. happy summer! murphy is good, but the support essential: damon, downey jr &amp; ehrenreich even bring gags. an audacious, inventive, complex film to rattle its audience


christopher nolan’s #oppenheimer is truly a spectacular achievement, in its truthful, concise adaptation, inventive storytelling and nuanced performances from cillian murphy, emily blunt, robert downey jr., matt damon and the many, many others involved —- some just for a scene.


oppenheimer left me stunned: a character study on the grandest scale, with a sublime central performance by cillian murphy. an epic historical drama but with a distinctly nolan sensibility: the tension, structure, sense of scale, startling sound design, remarkable visuals. wow

oppenheimer is, for me, the best nolan. striking, dense, intense. the film, via the main character, does not let go of you, from the first to the last second. a powerful rise and an incredible last hour. cillian murphy is absolutely stunning.


oppenheimer could only please me, it's nolan who does jfk x the social network. the story of a prophet who wanted to realize his visions of a world beyond ours but turned them into a nightmare. a meditation on power


sacred piece oppenheimer, biopic saturated with information and sensory effects that tell the story of a cracked hero. if academicism sometimes threatens to strike, christopher nolan comes out with honors thanks to an original and sharp historical point of view.


from lawrence of arabia to jfk, christopher nolan is inspired by the great classic cinema. a real success, without downtime for 3 hours, which offers what cinema should be: a work that respects it


oppenheimer is...incredible. the word that keeps coming to mind is ""fearsome."" a relentlessly paced, insanely detailed, intricate historical drama that builds and builds and builds until nolan brings the hammer down in the most astonishing, shattering way.


a sign that french audiences loved #oppenheimer is that they stayed in front of the grand rex theater long after the film ended to debate about it!


blown by #oppenheimer!
more classic in appearance, but which fits perfectly into nolan's work by distilling his motives according to the story: a hectic biopic on the inventor of the atomic bomb, which turns into a captivating thriller in his last crazy hour.


christophernolan's #oppenheimer is incredible. every aspect of the film is worth talking about from the brilliant performances, to #hoytevanhoytema's amazing work behind the camera, to the way nolan tells the story. the 3 hour run time flies by. see it in @imax 70mm if you can.


christopher nolan’s #oppenheimer is fantastic - big &amp; bold w/ electrifying performances &amp; an incredibly visceral pacing to it. it’s both quietly intimate &amp; also a ferocious moviegoing experience at the same time. see it in imax 70mm &amp; it’ll be among your favorite watches of 2023 


oppenheimer is one of if not nolan’s best work. and that comes from a huge nolan admirer. i’ve see it twice. impeccable immersive filmmaking of the highest order. cillian murphy gets the role he deserves. in love with downey’s work. this one demands your attention.


i was skeptical, but oppenheimer has stuck with me since seeing it last week. yes, it's 3 hours, but in a dense-scorsese way and the last 20 minutes (why emily blunt clearly took the role) bring its three narrative threads to a moving conclusion.


#oppenheimer is powerful stuff. cillian murphy’s flawless awards worthy performance is next level. every player in this rich ensemble cast is at the top of their game. christopher nolan’s haunting opus is remarkable and hoyte van hoytema‘s execution of his vision is breathtaking.


#oppenheimer review: christopher nolan’s masterpiece. a bold, tragic look inside humanity’s darkest hour. riveting, world-class performances &amp; breathtaking imagery that blows a load of emotion inside you. not just another biopic, it’s the best historical movie ever! a fitting end


will update with more to come"
Thoughts on Vanilla Sky? I think this is tom cruise at his best and really makes you think about what life is and hits you emotionally.,"This is one of them films I wish I could know nothing about and rewatch for the first time, with it being 20 years old i get a mad early 2000s nostalgic feeling. the plot can be abit confusing and may have put some pepole off. I  think the message of the film is don't waste your life and live to the fullest and this is what can happen if you keep messing up we dont all get a second chance. The last ten minutes of this film is amazing  and sad would recommend to anyone.",mission_impossible,FILM_CRAFT_REVIEW,,,"thoughts on vanilla sky? i think this is tom cruise at his best and really makes you think about what life is and hits you emotionally.. this is one of them films i wish i could know nothing about and rewatch for the first time, with it being 20 years old i get a mad early 2000s nostalgic feeling. the plot can be abit confusing and may have put some pepole off. i  think the message of the film is don't waste your life and live to the fullest and this is what can happen if you keep messing up we dont all get a second chance. the last ten minutes of this film is amazing  and sad would recommend to anyone."
Question about the forth Mission Impossible movie..,"So.. i watched the movie now the first time and the biggest question in my head is the following: The terrorits can launch an russian nuke missles. But the US didnt reacted? Shouldnt the USA know when a nuke is flying straight to them? Doesnt make sense whatsoever.

Especially with the tech they are showing in the MI movies.",mission_impossible,FILM_CRAFT_REVIEW,,,"question about the forth mission impossible movie... so.. i watched the movie now the first time and the biggest question in my head is the following: the terrorits can launch an russian nuke missles. but the us didnt reacted? shouldnt the usa know when a nuke is flying straight to them? doesnt make sense whatsoever.

especially with the tech they are showing in the mi movies."
[No Story Details] I Enjoyed Dead Reckoning Part 1,"After Fallout and Top Gun: Maverick, I was excited to see what Tom, the cast and crew could pull off next, but not going insane to see this next one.

Maybe some of the set-pieces feel a bit on a smaller-scale, but I thought each one was exciting, and more importantly, creative in some way, as you’d expect. 

Nothing beats being in a packed theater now when Tom Cruise does some crazy stunt, and everyone knows he did it. Hayley Atwell plays a perfect character for the franchise also.

If you’ve been disappointed by 2023 movies so far, maybe you’ll find a little bit to not like here (mostly with the plot), I will say. I think it would be worth it as theater experience, however, for more people, compared to a lot of the movies since Top Gun or Avatar. (Was there one other massive movie I forgot between them?)

Also one warning, if you usually go to IMAX screens with bad seats when movies like this are promoted in IMAX, you may as well pick something like Dolby with nicer seats and a comparably big, but wide screen. The film doesn’t open up to full IMAX aspect ratio at all and looks perfect on a wide screen without any black bars. Dolby sound is great for some of the set pieces.",mission_impossible,FILM_CRAFT_REVIEW,,,"[no story details] i enjoyed dead reckoning part 1. after fallout and top gun: maverick, i was excited to see what tom, the cast and crew could pull off next, but not going insane to see this next one.

maybe some of the set-pieces feel a bit on a smaller-scale, but i thought each one was exciting, and more importantly, creative in some way, as you’d expect. 

nothing beats being in a packed theater now when tom cruise does some crazy stunt, and everyone knows he did it. hayley atwell plays a perfect character for the franchise also.

if you’ve been disappointed by 2023 movies so far, maybe you’ll find a little bit to not like here (mostly with the plot), i will say. i think it would be worth it as theater experience, however, for more people, compared to a lot of the movies since top gun or avatar. (was there one other massive movie i forgot between them?)

also one warning, if you usually go to imax screens with bad seats when movies like this are promoted in imax, you may as well pick something like dolby with nicer seats and a comparably big, but wide screen. the film doesn’t open up to full imax aspect ratio at all and looks perfect on a wide screen without any black bars. dolby sound is great for some of the set pieces."
Is there another Franchise in movie history that continued to improve as much as Mission Impossible?,"With consistently higher marks on every movie (except 2), could this be the most improved franchise in movie history? What other pile of movies had this much of a turn-around as it continued to evolve?  

**Rotten Tomato Ratings:**

MI: Dead Reckoning Pt. 1 - 98%  
MI: Fallout  - 97%  
MI: Rogue Nation - 94%  
MI: Ghost Protocol - 93%  
MI:3 - 71%  
MI:2 - 56%  
MI:1 66%

 \--------

I can't remember the last time I could say I've seen such a drastic increase in reviews for a series this long.   


* The last two Fast movies averaged just around 50%
* Die Hard's last movie was.. *not great,* 
* The Last 2 Dirty Harry movies were pretty low, 
* Scream was inconsistent (80s and 70s)
* Pirates of the Caribbean ended with a 30%
* Harry Potter's last movie was 96, the previous were significantly lower
* Creed gets pretty close (95/83/88)
* Planet of the Apes is the closest: (82/91/94)

&amp;#x200B;

Edit: People mentioned the John Wick movies (86/89/89/94) and I'm a goof for forgetting them.

Edit 2: I've just finished watching Dead Reckoning and would say that it didn't hold me as much as the last 2 for excitement. Although because it's a part 1 I'm assuming they work well together?

It felt kinda flat at the end. No sense of urgency.",mission_impossible,FILM_CRAFT_REVIEW,,,"is there another franchise in movie history that continued to improve as much as mission impossible?. with consistently higher marks on every movie (except 2), could this be the most improved franchise in movie history? what other pile of movies had this much of a turn-around as it continued to evolve?  

**rotten tomato ratings:**

mi: dead reckoning pt. 1 - 98%  
mi: fallout  - 97%  
mi: rogue nation - 94%  
mi: ghost protocol - 93%  
mi:3 - 71%  
mi:2 - 56%  
mi:1 66%

 \--------

i can't remember the last time i could say i've seen such a drastic increase in reviews for a series this long.   


* the last two fast movies averaged just around 50%
* die hard's last movie was.. *not great,* 
* the last 2 dirty harry movies were pretty low, 
* scream was inconsistent (80s and 70s)
* pirates of the caribbean ended with a 30%
* harry potter's last movie was 96, the previous were significantly lower
* creed gets pretty close (95/83/88)
* planet of the apes is the closest: (82/91/94)

&amp;#x200b;

edit: people mentioned the john wick movies (86/89/89/94) and i'm a goof for forgetting them.

edit 2: i've just finished watching dead reckoning and would say that it didn't hold me as much as the last 2 for excitement. although because it's a part 1 i'm assuming they work well together?

it felt kinda flat at the end. no sense of urgency."
What's with the lack of human peril in Oppenheimer?,"The way this was advertised with a controversial R rating, multiple people walking out because they were just so moved and boasting no cgi, I was blown away not to see any examples of what the atomic bomb can actually do to people. 

As something that seems to be a cautionary tale against such destructive tools I was more than a little surprised when the suffering of so many at Hiroshima and Nagasaki (not to mention countless others throughout testing and development) seemed to fall by the wayside as a passing footnote. 

I'm not saying this needs to be the main focus and maybe I need to watch again, but the effects shown for the one white lady they tried hinting at this with during his speech seemed incredibly simple and underwhelming. Anyone else have this thought? Or perhaps an explanation as to why they went this direction?",oppenheimer,FILM_CRAFT_REVIEW,,,"what's with the lack of human peril in oppenheimer?. the way this was advertised with a controversial r rating, multiple people walking out because they were just so moved and boasting no cgi, i was blown away not to see any examples of what the atomic bomb can actually do to people. 

as something that seems to be a cautionary tale against such destructive tools i was more than a little surprised when the suffering of so many at hiroshima and nagasaki (not to mention countless others throughout testing and development) seemed to fall by the wayside as a passing footnote. 

i'm not saying this needs to be the main focus and maybe i need to watch again, but the effects shown for the one white lady they tried hinting at this with during his speech seemed incredibly simple and underwhelming. anyone else have this thought? or perhaps an explanation as to why they went this direction?"
Why you should see Oppenheimer,"I just watched Oppenheimer. 

If you're a student of history, you must see this.

If you're a student of people - If you understand how small, cascading choices by individuals shape their reality, from the smallest scale to the greatest- you must see this.

If you understand that those choices, and the echoes of their consequences,  are to be lived with always and will forever shape the individual, and the world, you must see this.

If you want to see screenwriting, cinematography, acting, the craft of film making at its highest,  you should see this.

If you want your brain and your spirit and your emotions to be simultaneously challenged in the dark, you need to see this.

I have a little bit of each of these in me, and I think this is Christopher Nolan's masterpiece, and one of the best movies of this century. See it.

Now I'm off home to open a smoky Islay malt.",oppenheimer,FILM_CRAFT_REVIEW,,,"why you should see oppenheimer. i just watched oppenheimer. 

if you're a student of history, you must see this.

if you're a student of people - if you understand how small, cascading choices by individuals shape their reality, from the smallest scale to the greatest- you must see this.

if you understand that those choices, and the echoes of their consequences,  are to be lived with always and will forever shape the individual, and the world, you must see this.

if you want to see screenwriting, cinematography, acting, the craft of film making at its highest,  you should see this.

if you want your brain and your spirit and your emotions to be simultaneously challenged in the dark, you need to see this.

i have a little bit of each of these in me, and i think this is christopher nolan's masterpiece, and one of the best movies of this century. see it.

now i'm off home to open a smoky islay malt."
I think Mission Impossible: Dead Reckoning would have been better had they not revealed so much about the antagonist so early on in the film (spoilers),"And by that I mean, I don't think they should have revealed ""the entity"" was an artificial intelligence program so early on. 

That scene in the government conference room was the only scene I really did not like because it was all of the various advisors explaining, in great detail, what the entity was, what it could do, what it had already done, and what it could be used for. That totally killed any and all mystery or mystique around the entity. 

There were so many scenes after that where I kept thinking to myself that it would have been cooler if I didn't know exactly what the entity was (sort of like the rabbit's foot in MI3). That would have left me guessing that it was maybe the codename for a cult or cyberterrorist group rather before eventually revealing it was an AI. I think that would have been better than dumping all of that information right at the beginning of the movie. I also think that, emotionally, the story would have been more compelling had it been Ethan Hunt slowly realizing that the thing he's going after is far more advanced than he ever thought possible. 

Part of me thinks this actually *was* the original intention of the story but someone higher up thought that audiences would be too dumb to understand it and shoehorned the explanation in early on.",mission_impossible,FILM_CRAFT_REVIEW,,,"i think mission impossible: dead reckoning would have been better had they not revealed so much about the antagonist so early on in the film (spoilers). and by that i mean, i don't think they should have revealed ""the entity"" was an artificial intelligence program so early on. 

that scene in the government conference room was the only scene i really did not like because it was all of the various advisors explaining, in great detail, what the entity was, what it could do, what it had already done, and what it could be used for. that totally killed any and all mystery or mystique around the entity. 

there were so many scenes after that where i kept thinking to myself that it would have been cooler if i didn't know exactly what the entity was (sort of like the rabbit's foot in mi3). that would have left me guessing that it was maybe the codename for a cult or cyberterrorist group rather before eventually revealing it was an ai. i think that would have been better than dumping all of that information right at the beginning of the movie. i also think that, emotionally, the story would have been more compelling had it been ethan hunt slowly realizing that the thing he's going after is far more advanced than he ever thought possible. 

part of me thinks this actually *was* the original intention of the story but someone higher up thought that audiences would be too dumb to understand it and shoehorned the explanation in early on."
What's the biggest quality discrepancy between a movie's main set pieces?,"Recently watched the first Mission:Impossible for the very first time (after watching Dead Reckoning in the theater, oh well) and was pleasantly surprised at how much emphasis they put on the *spy* in *spy action thriller*.

The iconic vault infiltration scene totally lived up to the hype after all these years and was genuinely gripping even though 80% of it was dead silent. But then I got to the train sequence at the end and woo boy it was rough. Fast X type of physics at work with the helicopter somehow perfectly working inside the tunnel, to the explosion that sends Ethan flying into the train, then somehow does the same to the helicopter without separating it from the cable?

So that got me thinking - what's another example of 2 vastly different set pieces, quality-wise?",mission_impossible,FILM_CRAFT_REVIEW,,,"what's the biggest quality discrepancy between a movie's main set pieces?. recently watched the first mission:impossible for the very first time (after watching dead reckoning in the theater, oh well) and was pleasantly surprised at how much emphasis they put on the *spy* in *spy action thriller*.

the iconic vault infiltration scene totally lived up to the hype after all these years and was genuinely gripping even though 80% of it was dead silent. but then i got to the train sequence at the end and woo boy it was rough. fast x type of physics at work with the helicopter somehow perfectly working inside the tunnel, to the explosion that sends ethan flying into the train, then somehow does the same to the helicopter without separating it from the cable?

so that got me thinking - what's another example of 2 vastly different set pieces, quality-wise?"
Just got home from seeing Mission Impossible Dead Reckoning Part 1 and my review of it is below.,Tom Cruise has done it again. First Top Gun Maverick and now Mission Impossible Dead Reckoning Part 1. Both absolutely brilliant masterpieces. I don't have any flaws for Dead Reckoning Part 1. I thought you couldn't get any better than Fallout but my word! The action was top notch. I don't have he does it at 61! There was actually a lot less dialogue in this film and I actually enjoyed it. The AI being the main villain was a brilliant idea. But it's also scary because the way they portrayed the AI as an all knowing know everything about everyone and everything because at some point AI will get to that point and that's scary to think about. I highly recommend this movie. This was my favorite in the franchise.,mission_impossible,FILM_CRAFT_REVIEW,,,just got home from seeing mission impossible dead reckoning part 1 and my review of it is below.. tom cruise has done it again. first top gun maverick and now mission impossible dead reckoning part 1. both absolutely brilliant masterpieces. i don't have any flaws for dead reckoning part 1. i thought you couldn't get any better than fallout but my word! the action was top notch. i don't have he does it at 61! there was actually a lot less dialogue in this film and i actually enjoyed it. the ai being the main villain was a brilliant idea. but it's also scary because the way they portrayed the ai as an all knowing know everything about everyone and everything because at some point ai will get to that point and that's scary to think about. i highly recommend this movie. this was my favorite in the franchise.
The new Mission Impossible movie,"I just saw the new Mission Impossible movie with Tom Cruise, with my daughter and my dad, and what can I say? I was blown away. The scenes which I especially loved were the Russian Submarine scene at the beginning, the Arabian horse scene and sniper rifle/gun play battle both in the desert, with an honourable mention of the steam train scene near the end of the movie. Which was filmed in the Derbyshire Dales, which is actually near to where I live.

It's a great film, great action scenes, with SFX, and acting, and some great set piece moments as I said above. I actually walked away from the cinema with a big smile on my face, and the last time I did that was on one of the new Star Wars films. It really is that good.

I recommend you catch it, if you get the chance. John.",mission_impossible,FILM_CRAFT_REVIEW,,,"the new mission impossible movie. i just saw the new mission impossible movie with tom cruise, with my daughter and my dad, and what can i say? i was blown away. the scenes which i especially loved were the russian submarine scene at the beginning, the arabian horse scene and sniper rifle/gun play battle both in the desert, with an honourable mention of the steam train scene near the end of the movie. which was filmed in the derbyshire dales, which is actually near to where i live.

it's a great film, great action scenes, with sfx, and acting, and some great set piece moments as i said above. i actually walked away from the cinema with a big smile on my face, and the last time i did that was on one of the new star wars films. it really is that good.

i recommend you catch it, if you get the chance. john."
Bait-&amp;-switch: Movies that are secretly courtrooms dramas,"Watching Oppenheimer I was faced with something that has repeatedly annoyed me in other movies: when I see a movie that has at least 1/3 of the film (usually the last 1/3) take place in a courtroom or something like a courtroom. When that’s gonna happen, I want full disclosure beforehand. When it happens I pretty much always feel tricked. 

Don’t get me wrong, I love a good courtroom drama: A Few Good Men, The Verdict, 12 Angry Men, and so on. But don’t sell me one thing and then give me another. 

As I mentioned, I was dismayed to find that this was true of Oppenheimer. And it was an even bigger insult because the last 1/3 of the movie, the courtroom stuff, felt utterly superfluous to the story I came to see. 

I can think of another couple off the top of my head, like Quiz Show, or the most surprising and confusing of all, Bee Movie. Who thought that would be a good idea? “You know what kids like? Courtroom drama!”

What other movies are secretly courtroom dramas? And did anyone do it well?",oppenheimer,FILM_CRAFT_REVIEW,,,"bait-&amp;-switch: movies that are secretly courtrooms dramas. watching oppenheimer i was faced with something that has repeatedly annoyed me in other movies: when i see a movie that has at least 1/3 of the film (usually the last 1/3) take place in a courtroom or something like a courtroom. when that’s gonna happen, i want full disclosure beforehand. when it happens i pretty much always feel tricked. 

don’t get me wrong, i love a good courtroom drama: a few good men, the verdict, 12 angry men, and so on. but don’t sell me one thing and then give me another. 

as i mentioned, i was dismayed to find that this was true of oppenheimer. and it was an even bigger insult because the last 1/3 of the movie, the courtroom stuff, felt utterly superfluous to the story i came to see. 

i can think of another couple off the top of my head, like quiz show, or the most surprising and confusing of all, bee movie. who thought that would be a good idea? “you know what kids like? courtroom drama!”

what other movies are secretly courtroom dramas? and did anyone do it well?"
