title,text,movie,final_annotation,Unnamed: 4,round1,combined
Top ten favorite male actors of all time? Go!,"Who are some of your favorite male actors in Hollywood? Also what are your favorite performances by them?



I’ll start.




1.) Daniel Day-Lewis - There Will Be Blood

2.) Marlon Brando - A Streetcar Named Desire

3.) Jack Nicholson - One Flew Over the Cuckoo’s Nest

4.) Al Pacino - Dog Day Afternoon 

5.) Robert De Niro - Raging Bull

6.) Joaquin Phoenix - The Master 

7.) Peter O’Toole - Lawrence of Arabia 

8.) Leonardo DiCaprio - The Wolf of Wall Street 

9.) Denzel Washington - Malcolm X 

10.) Tom Hanks - Cast Away 




There are plenty of other male actors who I think are just as amazing, but the ones at the top are simply just my personal favorites. What are yours?




(Edit: Here are some honorable mentions, 

Philip Seymour Hoffman - Capote 

Gary Oldman - Sid &amp; Nancy

Orson Welles - Citizen Kane 

John Wayne - The Searchers 

Anthony Hopkins - The Silence of the Lambs

Toshiro Mifune - Seven Samurai 

Marcello Mastroianni - 8½ 

Johnny Depp - Ed Wood 

Sidney Poitier - A Raisin in the Sun 

Edward Norton - American History X

Ian McKellen - 
The Lord of the Rings: The Fellowship of the Ring

Geoffrey Rush - Shine 

Alec Guinness - The Bridge on the River Kwai 

William Holden - Sunset Boulevard 

Gene Wilder - Willy Wonka &amp; the Chocolate Factory 

Ernest Borgnine - Marty 

Lee J. Cobb - 12 Angry Men 

Matt Damon - Good Will Hunting

Colin Firth - A Single Man 

Paul Newman - The Hustler 

Brad Pitt - Seven 

George C. Scott - Patton 

Henry Fonda - The Grapes of Wrath

Burt Lancaster - Elmer Gantry 

Peter Sellers - Dr. Strangelove or: How I Learned to Stop Worrying and Love the Bomb

Robert Duvall - The Apostle 

Kevin Spacey - The Usual Suspects

Jeff Bridges - Crazy Heart 

Tom Cruise - Born on the Fourth of July 

Broderick Crawford - All the King’s Men  

Jack Lemmon - The Apartment 

Robin Williams - Good Will Hunting 

Laurence Olivier - Hamlet 

Jackie Chan - Police Story

Gene Hackman - The French Connection 

Dustin Hoffman - The Graduate 

Gregory Peck - To Kill a Mockingbird 

Hugh Jackman - Logan 

James Cagney - White Heat 

Eddie Murphy - Beverly Hills Cop

Peter Weller - RoboCop 

Humphrey Bogart - The Treasure of the Sierra Madre 

James Stewart - Mr. Smith Goes to Washington 

Heath Ledger - Brokeback Mountain

Clint Eastwood - Unforgiven 

Harrison Ford - The Fugitive 

Nick Nolte - 48 Hrs. 

Jake Gyllenhaal - Nightcrawler 

Steve Carell - Little Miss Sunshine 

Javier Bardem - No Country for Old Men 

Ed Harris - The Abyss

Nicolas Cage - Leaving Las Vegas

Sean Penn - Dead Man Walking

Ray Liotta - Goodfellas 

Paul Giamatti - Sideways 

Tim Robbins - The Shawshank Redemption 

Jim Carrey - Eternal Sunshine of the Spotless Mind 

William Hurt - Kiss of the Spider Woman 

Morgan Freeman - The Shawshank Redemption

James Gandolfini - The Sopranos 

Ethan Hawke - First Reformed 

Bryan Cranston - Breaking Bad 

Joe Pesci - Casino 

Warren Beatty - Reds 

Casey Affleck - Manchester by the Sea",x,ACTOR_DIRECTOR_DISCOURSE,CULTURE_IDEOLOGY,ACTOR_DIRECTOR_DISCOURSE,"top ten favorite male actors of all time? go!. who are some of your favorite male actors in hollywood? also what are your favorite performances by them?



i’ll start.




1.) daniel day-lewis - there will be blood

2.) marlon brando - a streetcar named desire

3.) jack nicholson - one flew over the cuckoo’s nest

4.) al pacino - dog day afternoon 

5.) robert de niro - raging bull

6.) joaquin phoenix - the master 

7.) peter o’toole - lawrence of arabia 

8.) leonardo dicaprio - the wolf of wall street 

9.) denzel washington - malcolm x 

10.) tom hanks - cast away 




there are plenty of other male actors who i think are just as amazing, but the ones at the top are simply just my personal favorites. what are yours?




(edit: here are some honorable mentions, 

philip seymour hoffman - capote 

gary oldman - sid &amp; nancy

orson welles - citizen kane 

john wayne - the searchers 

anthony hopkins - the silence of the lambs

toshiro mifune - seven samurai 

marcello mastroianni - 8½ 

johnny depp - ed wood 

sidney poitier - a raisin in the sun 

edward norton - american history x

ian mckellen - 
the lord of the rings: the fellowship of the ring

geoffrey rush - shine 

alec guinness - the bridge on the river kwai 

william holden - sunset boulevard 

gene wilder - willy wonka &amp; the chocolate factory 

ernest borgnine - marty 

lee j. cobb - 12 angry men 

matt damon - good will hunting

colin firth - a single man 

paul newman - the hustler 

brad pitt - seven 

george c. scott - patton 

henry fonda - the grapes of wrath

burt lancaster - elmer gantry 

peter sellers - dr. strangelove or: how i learned to stop worrying and love the bomb

robert duvall - the apostle 

kevin spacey - the usual suspects

jeff bridges - crazy heart 

tom cruise - born on the fourth of july 

broderick crawford - all the king’s men  

jack lemmon - the apartment 

robin williams - good will hunting 

laurence olivier - hamlet 

jackie chan - police story

gene hackman - the french connection 

dustin hoffman - the graduate 

gregory peck - to kill a mockingbird 

hugh jackman - logan 

james cagney - white heat 

eddie murphy - beverly hills cop

peter weller - robocop 

humphrey bogart - the treasure of the sierra madre 

james stewart - mr. smith goes to washington 

heath ledger - brokeback mountain

clint eastwood - unforgiven 

harrison ford - the fugitive 

nick nolte - 48 hrs. 

jake gyllenhaal - nightcrawler 

steve carell - little miss sunshine 

javier bardem - no country for old men 

ed harris - the abyss

nicolas cage - leaving las vegas

sean penn - dead man walking

ray liotta - goodfellas 

paul giamatti - sideways 

tim robbins - the shawshank redemption 

jim carrey - eternal sunshine of the spotless mind 

william hurt - kiss of the spider woman 

morgan freeman - the shawshank redemption

james gandolfini - the sopranos 

ethan hawke - first reformed 

bryan cranston - breaking bad 

joe pesci - casino 

warren beatty - reds 

casey affleck - manchester by the sea"
"I was thinking about Sam Rockwell movies, and came up with a list of mixed up movie titles from his filmography.","Hitchhiker's Guide to the Galaxy Quest 


Clownhouse Drunks


Jerry and Tom; Louis &amp; Frank 


13 Moons Moon


Choke Joshua


Frost/Nixon Gentlemen Broncos 


Everybody's Fine Pete Smalls is Dead


The Bad Guys Blaze


Jack and His Friends Seven Psychopaths 


Richard Jewell A Single Shot


Trolls World Tour See How They Run


Mr. Right The One and Only Ivan 


Iron Man 2 The Sitter


Made Snow Angels


Last Exit To Brooklyn Happy Hell Night


Teenage Mutant Ninja Turtles In The Soup 


Basquiat Somebody To Love


Charlie's Angels Arresting Gena


Pretzel Heist


The Green Mile Seeking For Justice Children


G-Force Digging For Fire


JoJo Rabbit Poltergeist 


A Single Shot Better Living Through Chemistry 


Lawn Dogs Safe Men


Celebrity Mercy


Stella Light Sleeper


Strictly Business Confessions of a Dangerous Mind",tmnt,ACTOR_DIRECTOR_DISCOURSE,ACTOR_DIRECTOR_DISCOURSE,ACTOR_DIRECTOR_DISCOURSE,"i was thinking about sam rockwell movies, and came up with a list of mixed up movie titles from his filmography.. hitchhiker's guide to the galaxy quest 


clownhouse drunks


jerry and tom; louis &amp; frank 


13 moons moon


choke joshua


frost/nixon gentlemen broncos 


everybody's fine pete smalls is dead


the bad guys blaze


jack and his friends seven psychopaths 


richard jewell a single shot


trolls world tour see how they run


mr. right the one and only ivan 


iron man 2 the sitter


made snow angels


last exit to brooklyn happy hell night


teenage mutant ninja turtles in the soup 


basquiat somebody to love


charlie's angels arresting gena


pretzel heist


the green mile seeking for justice children


g-force digging for fire


jojo rabbit poltergeist 


a single shot better living through chemistry 


lawn dogs safe men


celebrity mercy


stella light sleeper


strictly business confessions of a dangerous mind"
Memento is one of Nolan's best,"Rewatching Memento made me realize how much I missed the first time. Not gonna talk about any spoilers here but damn Guy Pearce is such an underrated actor &amp; the twist still gets me. If you still haven't watched the movie add it to your watchlist RIGHT NOW!!! Such an incredible movie.


Btw your favorite Christopher Nolan movie? Mine's Inception, Memento is a close second.",oppenheimer,ACTOR_DIRECTOR_DISCOURSE,MISC_GENERAL_FILM,FILM_CRAFT_REVIEW,"memento is one of nolan's best. rewatching memento made me realize how much i missed the first time. not gonna talk about any spoilers here but damn guy pearce is such an underrated actor &amp; the twist still gets me. if you still haven't watched the movie add it to your watchlist right now!!! such an incredible movie.


btw your favorite christopher nolan movie? mine's inception, memento is a close second."
Who was the best female lead from the Mission Impossible movies (and the worst)?,"I will always say Rebecca Ferguson because she wasn't just a incredible fighter, she was a master spy and I still believe she revitalized the series with her introduction in ROGUE NATION. I remember how hyped the fans were by her character and how good a chemistry she and Tom Cruise had when they worked together. She was strong but also sexy and feminine as well as flawed. 

Worst is probably Thandie Newton in MI 2. I just find her to be useless and only exists merely as a love interest. Emmanuelle Beart might have been underwritten but I did enjoy her spying scenes, which were subtle but spry, and  Michelle Monaghan started out as a generic girlfriend to someone fighting for her survival in a powerful way in MIII. Paula Patton had that cool fight scene where she beats up Lea Seydoux and actually had a strong arc of her own.",mission_impossible,ACTOR_DIRECTOR_DISCOURSE,,ACTOR_DIRECTOR_DISCOURSE,"who was the best female lead from the mission impossible movies (and the worst)?. i will always say rebecca ferguson because she wasn't just a incredible fighter, she was a master spy and i still believe she revitalized the series with her introduction in rogue nation. i remember how hyped the fans were by her character and how good a chemistry she and tom cruise had when they worked together. she was strong but also sexy and feminine as well as flawed. 

worst is probably thandie newton in mi 2. i just find her to be useless and only exists merely as a love interest. emmanuelle beart might have been underwritten but i did enjoy her spying scenes, which were subtle but spry, and  michelle monaghan started out as a generic girlfriend to someone fighting for her survival in a powerful way in miii. paula patton had that cool fight scene where she beats up lea seydoux and actually had a strong arc of her own."
Nolan Should Direct the War of the Worlds Musical film,"Does it even class as a proper musical ? I'm watching clips of the show on youtube now and like does it not just feel right to say ? I can just see him pulling it off .

Adding more words here, but i feel like he'd ace the setting and tone i don't think hed go too musical in tone but far enough for it to work, and the worlds been begging for a victorian era War of the Worlds after BBC failed.",oppenheimer,ACTOR_DIRECTOR_DISCOURSE,,CREATORS_CAREERS,"nolan should direct the war of the worlds musical film. does it even class as a proper musical ? i'm watching clips of the show on youtube now and like does it not just feel right to say ? i can just see him pulling it off .

adding more words here, but i feel like he'd ace the setting and tone i don't think hed go too musical in tone but far enough for it to work, and the worlds been begging for a victorian era war of the worlds after bbc failed."
Being Remembered As Barbie Is The Biggest Compliment Ever. Margot Robbie As Barbie!,An article i wrote about how Margot Robbie being remembered as Barbie is one of the biggest compliments ever.,barbie,ACTOR_DIRECTOR_DISCOURSE,,ACTOR_DIRECTOR_DISCOURSE,being remembered as barbie is the biggest compliment ever. margot robbie as barbie!. an article i wrote about how margot robbie being remembered as barbie is one of the biggest compliments ever.
Favourite Ryan Gosling Performance,"Just saw Barbie last night. Ryan Gosling stole the movie. 

He’s one of my favourite actors. He’s willing to make himself look ridiculous for the sake of the movie (Barbie, The Nice Guys). He can play quiet and brooding (Drive, The Place Beyond The Pines, First Man). He can be a romantic lead (The Notebook, Crazy Stupid Love). He can learn to sing, dance, and play the piano (La La Land). And I’m sure I’ve forgotten a few.",barbie,ACTOR_DIRECTOR_DISCOURSE,,ACTOR_DIRECTOR_DISCOURSE,"favourite ryan gosling performance. just saw barbie last night. ryan gosling stole the movie. 

he’s one of my favourite actors. he’s willing to make himself look ridiculous for the sake of the movie (barbie, the nice guys). he can play quiet and brooding (drive, the place beyond the pines, first man). he can be a romantic lead (the notebook, crazy stupid love). he can learn to sing, dance, and play the piano (la la land). and i’m sure i’ve forgotten a few."
"The original MISSION: IMPOSSIBLE is still a good movie but they should have given Kristin Scott Thomas the female lead role. Emmanuelle Beart is, by far, the weakest link in the movie.","It's disappointing because Emmanuelle Beart is a good actress and she had the look but in this movie, I found her wooden and forgettable. Kristin Scott Thomas is only in the first act but she made a much stronger impression and her kiss scene with Tom Cruise showed greater chemistry than Beart in her wah wah role.

I love Mission: Impossible but if there is a big flaw, aside from Vanessa Redgrave not getting to truly sink her teeth as the main villain, it is Beart. Scott Thomasd would have done the most if she had got to play that part. Beart just looked lost and I never even believed she was a two-faced baddie. I could definitely buy that Scott Thomas could go from loving and loyal to glam bitch killer. Missed opportunity.",mission_impossible,ACTOR_DIRECTOR_DISCOURSE,,CREATORS_CAREERS,"the original mission: impossible is still a good movie but they should have given kristin scott thomas the female lead role. emmanuelle beart is, by far, the weakest link in the movie.. it's disappointing because emmanuelle beart is a good actress and she had the look but in this movie, i found her wooden and forgettable. kristin scott thomas is only in the first act but she made a much stronger impression and her kiss scene with tom cruise showed greater chemistry than beart in her wah wah role.

i love mission: impossible but if there is a big flaw, aside from vanessa redgrave not getting to truly sink her teeth as the main villain, it is beart. scott thomasd would have done the most if she had got to play that part. beart just looked lost and i never even believed she was a two-faced baddie. i could definitely buy that scott thomas could go from loving and loyal to glam bitch killer. missed opportunity."
I think Tom cruise should be considered on the same level as dicaprio and pitt.,"Cruise is a phenomenal performer. Some of his best films Magnolia, Eyes wide shut, Top Gun, Risky Business, Collateral, Mission impossible. The dude never turns out a bad performance. his dedication to the craft of acting learning how to fly jets, ride helicopters,sky diving etc. the dude is just phenomenal. I think he absolutely should be in the conversations with dicaprio and pitt",mission_impossible,ACTOR_DIRECTOR_DISCOURSE,,ACTOR_DIRECTOR_DISCOURSE,"i think tom cruise should be considered on the same level as dicaprio and pitt.. cruise is a phenomenal performer. some of his best films magnolia, eyes wide shut, top gun, risky business, collateral, mission impossible. the dude never turns out a bad performance. his dedication to the craft of acting learning how to fly jets, ride helicopters,sky diving etc. the dude is just phenomenal. i think he absolutely should be in the conversations with dicaprio and pitt"
I think TMNT Mutant Mayhem has potential to be one of Seth Rogen’s best films in a long time,"I can see a solid coming of age story in the same vein as Superbad, just told through the Ninja Turtles story… also not as raunchy or adult.

I feel like having Seth Rogen make a story like this was smart just seeing his history into films about teens and just the youth in general. Even Good Boys was solid imo.

I think we may have something special, if the early reviews from the Film Festival screening (don’t remember which one) are anything to go by I think we have a solid and entertaining film to look forward to. Think this is his first “kids film” he and Evan Goldberg have produced so I’m interested to see how this goes.",tmnt,ACTOR_DIRECTOR_DISCOURSE,,FILM_CRAFT_REVIEW,"i think tmnt mutant mayhem has potential to be one of seth rogen’s best films in a long time. i can see a solid coming of age story in the same vein as superbad, just told through the ninja turtles story… also not as raunchy or adult.

i feel like having seth rogen make a story like this was smart just seeing his history into films about teens and just the youth in general. even good boys was solid imo.

i think we may have something special, if the early reviews from the film festival screening (don’t remember which one) are anything to go by i think we have a solid and entertaining film to look forward to. think this is his first “kids film” he and evan goldberg have produced so i’m interested to see how this goes."
Ranking the films of Christopher Nolan,"1. The Dark Knight
2. Dunkirk
3. The Prestige
4. Inception
5. Memento
6. Oppenheimer
7. Batman Begins
8. Interstellar
9. The Dark Knight Rises
10. Tenet
11. Insomnia

The first five films are among the 25 best films of this century imo. I liked Oppenheimer but personally found it a little frustrating with how some of the historical characters were handled (namely Harry Truman and Edward Teller, whose portrayals weren't all that fair imo).",oppenheimer,ACTOR_DIRECTOR_DISCOURSE,,FILM_CRAFT_REVIEW,"ranking the films of christopher nolan. 1. the dark knight
2. dunkirk
3. the prestige
4. inception
5. memento
6. oppenheimer
7. batman begins
8. interstellar
9. the dark knight rises
10. tenet
11. insomnia

the first five films are among the 25 best films of this century imo. i liked oppenheimer but personally found it a little frustrating with how some of the historical characters were handled (namely harry truman and edward teller, whose portrayals weren't all that fair imo)."
Tom Sizemore might be the ultimate 6 degrees connection,"He links directly with 

Al Pacino

Robert De Niro

Tom Hanks

Matt Damon

Wesley Snipes

Denzel Washington

Brad Pitt

James Gandolfini

Christopher Walken

Don Cheadle

Eric Bana 

Ewan McGregor 

Natalie Portman

Woody Harrelson

Juliette Lewis

Don Johnson

Mickey Rourke

Keanu Reeves

Gary Busey 

Patrick Swayze

Christian Slater

Kevin Costner

Danny Trejo

Will Smith

Jon Voight

Tom Cruise

Gene Hackman

Nic Cage

Sylvester Stallone

Orlando Bloom

Jason Lee

Morgan Freeman

Barry Pepper

Thomas Jane

Donnie Wahlberg

Antonio Banderas

Lucy Liu

…

I mean, if you never want to get stumped at 6 Degrees ever again, just memorize all the ensemble casts Tom Sizemore has been a part of.",mission_impossible,ACTOR_DIRECTOR_DISCOURSE,,ACTOR_DIRECTOR_DISCOURSE,"tom sizemore might be the ultimate 6 degrees connection. he links directly with 

al pacino

robert de niro

tom hanks

matt damon

wesley snipes

denzel washington

brad pitt

james gandolfini

christopher walken

don cheadle

eric bana 

ewan mcgregor 

natalie portman

woody harrelson

juliette lewis

don johnson

mickey rourke

keanu reeves

gary busey 

patrick swayze

christian slater

kevin costner

danny trejo

will smith

jon voight

tom cruise

gene hackman

nic cage

sylvester stallone

orlando bloom

jason lee

morgan freeman

barry pepper

thomas jane

donnie wahlberg

antonio banderas

lucy liu

…

i mean, if you never want to get stumped at 6 degrees ever again, just memorize all the ensemble casts tom sizemore has been a part of."
Twenty Stand-Out Directors from 2000-2019,"If you had to pick 20  (American, mainstream) directors who defined 2000-2019 in film, who would they be? I'd honestly want to include TV directors/writers/producers, but to make this not complicated, I'll exclude them from here. David Chase, Alan Taylor, Tim Van Patten, and Vince Gilligan would be on that list, for what it's worth.   


Peter Jackson, Gore Verbinski , Russo Brothers, Joss Whedon, JJ Abrams , Guillermo Del Toro, Alfonso Cuaron, Christopher Nolan, Alejandro Inarritu, Paul Thomas Anderson, The Coen Brothers, Ridley Scott, Ron Howard, Lord and Miller, Barry Jenkins, Damian Chazelle, Tarantino, Scorcese, Fincher, and Ang Lee.   


Clearly a lot of franchise directors, but that's just what the industry has mostly been making on the mainstream side of things! Scorcese, Innaritu, and Anderson seem to be able to get stuff made and seen in spite of that, however.   


Who would you include? Anyone missing? Seems like I missed Soderbergh!   


&amp;#x200B;",oppenheimer,ACTOR_DIRECTOR_DISCOURSE,,ACTOR_DIRECTOR_DISCOURSE,"twenty stand-out directors from 2000-2019. if you had to pick 20  (american, mainstream) directors who defined 2000-2019 in film, who would they be? i'd honestly want to include tv directors/writers/producers, but to make this not complicated, i'll exclude them from here. david chase, alan taylor, tim van patten, and vince gilligan would be on that list, for what it's worth.   


peter jackson, gore verbinski , russo brothers, joss whedon, jj abrams , guillermo del toro, alfonso cuaron, christopher nolan, alejandro inarritu, paul thomas anderson, the coen brothers, ridley scott, ron howard, lord and miller, barry jenkins, damian chazelle, tarantino, scorcese, fincher, and ang lee.   


clearly a lot of franchise directors, but that's just what the industry has mostly been making on the mainstream side of things! scorcese, innaritu, and anderson seem to be able to get stuff made and seen in spite of that, however.   


who would you include? anyone missing? seems like i missed soderbergh!   


&amp;#x200b;"
Can Oppenheimer be the start of a great relationship between Universal and Christopher Nolan?,"With Oppenheimer earning the best review in Nolan’s career and having a solid box office, should Universal become Nolan’s new studio?

I hope this happens because given Universal’s the only major willing to take risks with filmmakers these days, I would love to see Nolan at Universal.",oppenheimer,ACTOR_DIRECTOR_DISCOURSE,,INDUSTRY_STRATEGY,"can oppenheimer be the start of a great relationship between universal and christopher nolan?. with oppenheimer earning the best review in nolan’s career and having a solid box office, should universal become nolan’s new studio?

i hope this happens because given universal’s the only major willing to take risks with filmmakers these days, i would love to see nolan at universal."
"Halo effect, Nolan and Oppenheimer","Peaking early in one's career can be a challenge for a director. Christopher Nolan is a prime example of this phenomenon, having produced an array of masterpieces early on that set the bar exceedingly high for both himself and others. Movies like ""The Prestige,"" the Batman trilogy, and ""Inception"" built an unparalleled aura around Nolan, contributing to what is known as the halo effect. However, some of his later movies have been commendable, but they struggled to reach the high standards he had established for himself. 
Take, for instance, today released ""Oppenheimer,"" a good movie without a doubt, but it doesn't quite achieve the same level of excellence as Nolan's earlier works. The halo effect surrounding the director can sometimes deceive us into perceiving any new release as an instant masterpiece.",oppenheimer,ACTOR_DIRECTOR_DISCOURSE,,FILM_CRAFT_REVIEW,"halo effect, nolan and oppenheimer. peaking early in one's career can be a challenge for a director. christopher nolan is a prime example of this phenomenon, having produced an array of masterpieces early on that set the bar exceedingly high for both himself and others. movies like ""the prestige,"" the batman trilogy, and ""inception"" built an unparalleled aura around nolan, contributing to what is known as the halo effect. however, some of his later movies have been commendable, but they struggled to reach the high standards he had established for himself. 
take, for instance, today released ""oppenheimer,"" a good movie without a doubt, but it doesn't quite achieve the same level of excellence as nolan's earlier works. the halo effect surrounding the director can sometimes deceive us into perceiving any new release as an instant masterpiece."
Which actor and actress do you think is having a great year so far in 2023?,"For me, Pedro Pascal even though he's been industry for a quite a while but the last of us hbo series which came out back in January 2023 has pretty much made him a household name. Now he's getting even more roles for movies and shows. Even Ayo Edebiri who has five films that is being released in one year 2023 like Theater Camp, Across the Spider Verse, Bottoms, Teenage Mutant Ninja Turtles Mutant Mayhem, and The Sweet East. I know we are are halfway throughout the year right now and it got me thinking which actor and actress do you think is having the best year in 2023 so far?",tmnt,ACTOR_DIRECTOR_DISCOURSE,,ACTOR_DIRECTOR_DISCOURSE,"which actor and actress do you think is having a great year so far in 2023?. for me, pedro pascal even though he's been industry for a quite a while but the last of us hbo series which came out back in january 2023 has pretty much made him a household name. now he's getting even more roles for movies and shows. even ayo edebiri who has five films that is being released in one year 2023 like theater camp, across the spider verse, bottoms, teenage mutant ninja turtles mutant mayhem, and the sweet east. i know we are are halfway throughout the year right now and it got me thinking which actor and actress do you think is having the best year in 2023 so far?"
Tom Cruise and Scientology. Thoughts?,"To get this out of the way- if this topic is out of bounds for this subreddit, I can delete it, no biggie. I find it kinda interesting personally though.

For starters- I think Tom Cruise is one of the best action film stars at this point in time. How many actors actually do their own crazy stunts at this level now?


My one gripe with Tom though- like many have as well is his contributions to Scientology- as possibly the highest profile figure there. I don't care what people do in their private lives but like it's been documented in many places- Scientology actively ruins people's lives, especially anyone that dares speak out on them.

So with all that preamble- I wonder if some point maybe when Tom is too old to keep doing movies like he does today- that reporters should start calling him put and asking about it interviews?  (Not sure what else you can do)

It might seem silly but I remember one of the Smallville actresses ended up getting into trouble for being involved in a sex cult. Not saying this is as bad- but it's certainly a cult to say the least.

Anyway, what do you think- none of our business, Tom should face some sort of public backlash at some point for his pro option of the cult group, think this topic is stupid, etc?",mission_impossible,ACTOR_DIRECTOR_DISCOURSE,,ACTOR_DIRECTOR_DISCOURSE,"tom cruise and scientology. thoughts?. to get this out of the way- if this topic is out of bounds for this subreddit, i can delete it, no biggie. i find it kinda interesting personally though.

for starters- i think tom cruise is one of the best action film stars at this point in time. how many actors actually do their own crazy stunts at this level now?


my one gripe with tom though- like many have as well is his contributions to scientology- as possibly the highest profile figure there. i don't care what people do in their private lives but like it's been documented in many places- scientology actively ruins people's lives, especially anyone that dares speak out on them.

so with all that preamble- i wonder if some point maybe when tom is too old to keep doing movies like he does today- that reporters should start calling him put and asking about it interviews?  (not sure what else you can do)

it might seem silly but i remember one of the smallville actresses ended up getting into trouble for being involved in a sex cult. not saying this is as bad- but it's certainly a cult to say the least.

anyway, what do you think- none of our business, tom should face some sort of public backlash at some point for his pro option of the cult group, think this topic is stupid, etc?"
"Tom Cruise has worked with just about every high profile and well regarded director in Hollywood minus Quentin Tarantino, Christopher Nolan, Steven Soderbergh, David Fincher, Spike Lee and Clint Eastwood. Why is that?","He worked with Francis Ford Coppola before he was 21. He's worked with Steven Spielberg on two occasions. He's starred in a Paul Thomas Anderson film. He's also worked twice for the following directors Spielberg, Edward Zwick and Tony Scott. He's even worked with Stanley Kubrick. John Woo, Barry Levinson, Ron Howard, Michael Mann, Robert Redford are other filmmakers who Cruise has worked with.",oppenheimer,ACTOR_DIRECTOR_DISCOURSE,,ACTOR_DIRECTOR_DISCOURSE,"tom cruise has worked with just about every high profile and well regarded director in hollywood minus quentin tarantino, christopher nolan, steven soderbergh, david fincher, spike lee and clint eastwood. why is that?. he worked with francis ford coppola before he was 21. he's worked with steven spielberg on two occasions. he's starred in a paul thomas anderson film. he's also worked twice for the following directors spielberg, edward zwick and tony scott. he's even worked with stanley kubrick. john woo, barry levinson, ron howard, michael mann, robert redford are other filmmakers who cruise has worked with."
Christopher Nolan Says ‘No’ to Directing Another Superhero Movie,"Christopher Nolan Says ‘No’ to Directing Another Superhero Movie, Criticizes Studios for Viewing Films as Plot and Not an ‘Audiovisual Experience’",oppenheimer,ACTOR_DIRECTOR_DISCOURSE,,CREATORS_CAREERS,"christopher nolan says ‘no’ to directing another superhero movie. christopher nolan says ‘no’ to directing another superhero movie, criticizes studios for viewing films as plot and not an ‘audiovisual experience’"
The new Tarantino-Waltz duo of Hollywood ?,"Kenneth Branagh in Chris Nolan's last three films

&amp;#x200B;

British in Dunkirk

&amp;#x200B;

Russian in TENET

&amp;#x200B;

Danish in Oppenheimer ;

&amp;#x200B;

 when I first saw Oppenheimer, My mind did relate between Branagh speaking different European accents in Nolan films to Christoph Waltz mastering different European languages in Tarantino movies.

&amp;#x200B;

Did yours? and what accent do you think Branagh would be speaking in the next Nolan film?",oppenheimer,ACTOR_DIRECTOR_DISCOURSE,,ACTOR_DIRECTOR_DISCOURSE,"the new tarantino-waltz duo of hollywood ?. kenneth branagh in chris nolan's last three films

&amp;#x200b;

british in dunkirk

&amp;#x200b;

russian in tenet

&amp;#x200b;

danish in oppenheimer ;

&amp;#x200b;

 when i first saw oppenheimer, my mind did relate between branagh speaking different european accents in nolan films to christoph waltz mastering different european languages in tarantino movies.

&amp;#x200b;

did yours? and what accent do you think branagh would be speaking in the next nolan film?"
ridley scott is one of the most influential filmmakers.,"when you look at scott it's plain as day his dry science fiction serious tone with the visuals were clearly huge inspirations for Denis Villeneuve, Christopher Nolan and David Fincher. I often refer to these 3 filmmakers as Ridley babies. because they all riff off of Scott's work with Blade Runner and Alien and its very evident that storytelling and stylistically are very much like Ridley scott.",oppenheimer,ACTOR_DIRECTOR_DISCOURSE,,ACTOR_DIRECTOR_DISCOURSE,"ridley scott is one of the most influential filmmakers.. when you look at scott it's plain as day his dry science fiction serious tone with the visuals were clearly huge inspirations for denis villeneuve, christopher nolan and david fincher. i often refer to these 3 filmmakers as ridley babies. because they all riff off of scott's work with blade runner and alien and its very evident that storytelling and stylistically are very much like ridley scott."
American vs. English directors,"Let's go quality over quantity here and choose the top 5 from each side. Pound for pound.Who will come at the top and why?

My take will be:

C. Chaplin          S. SpielbergA.       Hitchkok       Martin Scorsese.     C.Nolan            Francis Ford Coppola.   David Lean       John Ford.  Ridley Scott      Joel Coen

The English ones won for me based on ... versatility.",oppenheimer,ACTOR_DIRECTOR_DISCOURSE,,ACTOR_DIRECTOR_DISCOURSE,"american vs. english directors. let's go quality over quantity here and choose the top 5 from each side. pound for pound.who will come at the top and why?

my take will be:

c. chaplin          s. spielberga.       hitchkok       martin scorsese.     c.nolan            francis ford coppola.   david lean       john ford.  ridley scott      joel coen

the english ones won for me based on ... versatility."
"Wife and I went to ""Barbie"". Her complaint: why everyone so old? Where did all young actors go?","My wife and I went to see Barbie yesterday, and her informed complaint this morning was that everyone was way older than she thought they would be. The complaint, in order of appearance, applied to:
- Gosling (She saw him in particular as someone over 40 who goes to lengths to look younger)
- His main Ken counterpart
- All other Kens
- Barbies (well, perhaps not the titular one, she actually was OK)

Her reasoning was that when she played Barbies, she imagined them from late teens to mid-20es, as, as a kid, people after 30 felt ancient. I didn't quite know what to say; true, I used an argument that Gosling is an established actor and the producers didn't want to take risks, but other Kens?

 Is Hollywood so badly out of young actors that they couldn't find enough beach bum type actors to fill a beach?",barbie,ACTOR_DIRECTOR_DISCOURSE,,ACTOR_DIRECTOR_DISCOURSE,"wife and i went to ""barbie"". her complaint: why everyone so old? where did all young actors go?. my wife and i went to see barbie yesterday, and her informed complaint this morning was that everyone was way older than she thought they would be. the complaint, in order of appearance, applied to:
- gosling (she saw him in particular as someone over 40 who goes to lengths to look younger)
- his main ken counterpart
- all other kens
- barbies (well, perhaps not the titular one, she actually was ok)

her reasoning was that when she played barbies, she imagined them from late teens to mid-20es, as, as a kid, people after 30 felt ancient. i didn't quite know what to say; true, i used an argument that gosling is an established actor and the producers didn't want to take risks, but other kens?

 is hollywood so badly out of young actors that they couldn't find enough beach bum type actors to fill a beach?"
"Hypothesis: Playing ""Iron Man"" marvel-ized Robert Downey Jr.'s acting. Discuss!","Two things:

1. I love the guy
2. I think in recent years his acting lacks a certain subtlety and nuance. It feels like his bonvivant-image seeps into his roles. In some he is typecast and it doesn't matter so much (e.g. ""The Judge""), but when he is not typecast (like in ""Oppenheimer"") he seems a bit over-the-top and comic-booky. I get, that he shall be the adversary to the tranquil portrayal of Oppenheimer. But he could have played that with much less goofiness in his expressions etc.

I'm not sure, maybe I am being unfair. It's just that I liked his acting pre-Iron Man way more and am interested in your opinions. Cheers!",oppenheimer,ACTOR_DIRECTOR_DISCOURSE,,ACTOR_DIRECTOR_DISCOURSE,"hypothesis: playing ""iron man"" marvel-ized robert downey jr.'s acting. discuss!. two things:

1. i love the guy
2. i think in recent years his acting lacks a certain subtlety and nuance. it feels like his bonvivant-image seeps into his roles. in some he is typecast and it doesn't matter so much (e.g. ""the judge""), but when he is not typecast (like in ""oppenheimer"") he seems a bit over-the-top and comic-booky. i get, that he shall be the adversary to the tranquil portrayal of oppenheimer. but he could have played that with much less goofiness in his expressions etc.

i'm not sure, maybe i am being unfair. it's just that i liked his acting pre-iron man way more and am interested in your opinions. cheers!"
Nolan’s film rankings (top 10),"Oppenheimer was an absolutely incredible and visceral experience. Another perfected piece of cinema by the living legend Christopher Nolan. Those who have seen Oppenheimer already, in what order would you now rank Nolan’s movies? 

My list: 
1. The Dark Knight (of course) 2.Interstellar 3. Inception 4. Oppenheimer 5. The Prestige 6. The Dark Knight Rises 7. Batman Begins 8. Momento 9. Dunkirk 10. Tenet",oppenheimer,ACTOR_DIRECTOR_DISCOURSE,,FILM_CRAFT_REVIEW,"nolan’s film rankings (top 10). oppenheimer was an absolutely incredible and visceral experience. another perfected piece of cinema by the living legend christopher nolan. those who have seen oppenheimer already, in what order would you now rank nolan’s movies? 

my list: 
1. the dark knight (of course) 2.interstellar 3. inception 4. oppenheimer 5. the prestige 6. the dark knight rises 7. batman begins 8. momento 9. dunkirk 10. tenet"
Does r/movies hate Christopher Nolan?,"I feel like everytime there’s a discussion on Nolan or Nolan movies, people fall all over themselves trying to shit on them and bring his filmography down as much as possible. Also, I have never seen another director whose works get nitpicked down to the littlest details like I have with Nolan’s. It almost feels like people have some kind of personal vendetta against this guy lol. It’s weird because I swear it feels like some time ago he was very widely loved on here.

Is it because he’s too mainstream popular and successful now to be deemed cool to love by Reddit?",oppenheimer,ACTOR_DIRECTOR_DISCOURSE,,,"does r/movies hate christopher nolan?. i feel like everytime there’s a discussion on nolan or nolan movies, people fall all over themselves trying to shit on them and bring his filmography down as much as possible. also, i have never seen another director whose works get nitpicked down to the littlest details like i have with nolan’s. it almost feels like people have some kind of personal vendetta against this guy lol. it’s weird because i swear it feels like some time ago he was very widely loved on here.

is it because he’s too mainstream popular and successful now to be deemed cool to love by reddit?"
Christopher Nolan is not super liked in Japan. Which is interesting to me. Tom Cruise is loved in Japan. So I don’t see Oppenheimer doing well at all in Japan(and yes I believe it is getting released in Japan),"Here’s an interesting comparison between Nolan and Cruise. Cruise 

Dunkirk- $14.8M Batman Begins- $12,375,128 The Dark Knight- $14,697,309 Dark Knight Rises- $24,115,087

MI:6- $42,439,160M Rogue Nation- $42,091,079 Top Gun Maverick- $101,667,103

So not great. Tom Cruise is loved in Japan",oppenheimer,ACTOR_DIRECTOR_DISCOURSE,,,"christopher nolan is not super liked in japan. which is interesting to me. tom cruise is loved in japan. so i don’t see oppenheimer doing well at all in japan(and yes i believe it is getting released in japan). here’s an interesting comparison between nolan and cruise. cruise 

dunkirk- $14.8m batman begins- $12,375,128 the dark knight- $14,697,309 dark knight rises- $24,115,087

mi:6- $42,439,160m rogue nation- $42,091,079 top gun maverick- $101,667,103

so not great. tom cruise is loved in japan"
What was the scene like in 2004-05 when you found out Christopher Nolan was going to direct a Batman series?,"Hey guys so I was 8 when The dark knight was released and remember watching it on TV, the sheer respect and anticipation for Nolan for Oppenheimer (because we know what he's done with his works) is a given , how was it back then? Were people as excited about batman as a superhero movie as much as they get excited now? Was Nolan criticized for taking on a superhero movie ?please  Let me know",oppenheimer,ACTOR_DIRECTOR_DISCOURSE,,,"what was the scene like in 2004-05 when you found out christopher nolan was going to direct a batman series?. hey guys so i was 8 when the dark knight was released and remember watching it on tv, the sheer respect and anticipation for nolan for oppenheimer (because we know what he's done with his works) is a given , how was it back then? were people as excited about batman as a superhero movie as much as they get excited now? was nolan criticized for taking on a superhero movie ?please  let me know"
I love Sam Mendes,"I think he's a phenomenal filmmaker. I became a fan of his through skyfall which was a movie I didn't really appreciate until subsequent viewings and it's tied with on her majesty's secret service as my favorite bond film. from there I watched road to perdition, Jarhead, 1917, Away we go, Revolutionary Road side note Kate Winslet and Leo were incredible in it. American Beauty and Empire of light. He's only made 1 bad movie which was spectre but that's because Barbra didn't want to wait until the script was finished and so the third act was written fast and on the day without any actual thought put into it and it shows. it made Mendes start writing his scripts after the experience he had on Spectre. which is a shame because the first 2/3rds were great. on a technical level on terms of camera movement with films like Spectre and 1917 directorally he's phenomenal and has evolved significantly over the years I think he should be put in the same conversation as the best of his era with Villeneuve, Nolan Fincher etc

sam mendes ranked 
1. Road to Perdition 
2. Skyfall 
3. American Beauty
4. Revolutionary Road 
5. Empire of light 
6. Jarhead 
7. Away we go 
8. Spectre",oppenheimer,ACTOR_DIRECTOR_DISCOURSE,,,"i love sam mendes. i think he's a phenomenal filmmaker. i became a fan of his through skyfall which was a movie i didn't really appreciate until subsequent viewings and it's tied with on her majesty's secret service as my favorite bond film. from there i watched road to perdition, jarhead, 1917, away we go, revolutionary road side note kate winslet and leo were incredible in it. american beauty and empire of light. he's only made 1 bad movie which was spectre but that's because barbra didn't want to wait until the script was finished and so the third act was written fast and on the day without any actual thought put into it and it shows. it made mendes start writing his scripts after the experience he had on spectre. which is a shame because the first 2/3rds were great. on a technical level on terms of camera movement with films like spectre and 1917 directorally he's phenomenal and has evolved significantly over the years i think he should be put in the same conversation as the best of his era with villeneuve, nolan fincher etc

sam mendes ranked 
1. road to perdition 
2. skyfall 
3. american beauty
4. revolutionary road 
5. empire of light 
6. jarhead 
7. away we go 
8. spectre"
Ridley Scott vs Christopher Nolan,"Nice debate going on in the box office sub about whose films have been more influential, with most siding with Nolan, stating he's just a bigger brand who can open a movie on his name...the only director apart from maybe Spielberg and Tarantino. But Ridley has been a player for so long and even influenced so many others, including Nolan. 

Whose films you like more? Ridley Scott's or Chris Nolans? My favorite film of all time is Alien and I just prefer Scott's films more but I think Nolan has a more solid filmography. 

Your thoughts?",oppenheimer,ACTOR_DIRECTOR_DISCOURSE,,,"ridley scott vs christopher nolan. nice debate going on in the box office sub about whose films have been more influential, with most siding with nolan, stating he's just a bigger brand who can open a movie on his name...the only director apart from maybe spielberg and tarantino. but ridley has been a player for so long and even influenced so many others, including nolan. 

whose films you like more? ridley scott's or chris nolans? my favorite film of all time is alien and i just prefer scott's films more but i think nolan has a more solid filmography. 

your thoughts?"
After the success of Oppenheimer...what's next for Nolan?,"I always am curious how big-name directors react after their movies bomb/succeed on the box office.

Nolan had massive success with the Batman trilogy and that allowed him to do movies like Inception and Interstellar. Sci-fi movies with big budgets that usually wouldnt' have been made unless the studio trusts the director (we've seen way too many sci-bi bombs)

So when Tenet hit during the pandemic and his entire falling off with WB, to me it felt that Oppenheimer will be his last chance at showing that he is still a big name director and that people will watch anything he made, even if it's a 3 hour drama about a historical figure.

If Oppenheimer flopped, I think that he wouldn't have gotten a chance to make another big budget movie that he always wanted to make such as Interstellar or Tenet or Inception for example.

BUT, now that Oppenheimer is a big success, do you think studios would give him free reign to do whatever he wants with his next movie? Or will he go back to basics and make something ""more indy"" so to speak. Or, will he stick around doing more historical dramas? Or maybe, he'll go back to WB?

To me this is a very interesting angle of this success as I genuinely believe that if Oppenheimer ended it's worldwide run with underwhelming (or just whelming lol) numbers, then the studios might've been iffy for whatever is his next project.But now, I can see studios bidding and giving him great offers for his next project, whatever that might be",oppenheimer,ACTOR_DIRECTOR_DISCOURSE,,,"after the success of oppenheimer...what's next for nolan?. i always am curious how big-name directors react after their movies bomb/succeed on the box office.

nolan had massive success with the batman trilogy and that allowed him to do movies like inception and interstellar. sci-fi movies with big budgets that usually wouldnt' have been made unless the studio trusts the director (we've seen way too many sci-bi bombs)

so when tenet hit during the pandemic and his entire falling off with wb, to me it felt that oppenheimer will be his last chance at showing that he is still a big name director and that people will watch anything he made, even if it's a 3 hour drama about a historical figure.

if oppenheimer flopped, i think that he wouldn't have gotten a chance to make another big budget movie that he always wanted to make such as interstellar or tenet or inception for example.

but, now that oppenheimer is a big success, do you think studios would give him free reign to do whatever he wants with his next movie? or will he go back to basics and make something ""more indy"" so to speak. or, will he stick around doing more historical dramas? or maybe, he'll go back to wb?

to me this is a very interesting angle of this success as i genuinely believe that if oppenheimer ended it's worldwide run with underwhelming (or just whelming lol) numbers, then the studios might've been iffy for whatever is his next project.but now, i can see studios bidding and giving him great offers for his next project, whatever that might be"
What’s a Creepy performance from a non creepy Actor,"First one that comes to mind is Robin Williams in One Hour Photo as we all know Williams is know for his more heart warming performances so it’s crazy he’s able to realistically portray this disturbing stocker 

Also Tom Cruise in Collateral as he plays an assassin who treats it like ordinary work meaningless and his outlook on life is disturbing

Edit: I mean creepy in terms of the performances they normally give not creepy in terms of being people",mission_impossible,ACTOR_DIRECTOR_DISCOURSE,,,"what’s a creepy performance from a non creepy actor. first one that comes to mind is robin williams in one hour photo as we all know williams is know for his more heart warming performances so it’s crazy he’s able to realistically portray this disturbing stocker 

also tom cruise in collateral as he plays an assassin who treats it like ordinary work meaningless and his outlook on life is disturbing

edit: i mean creepy in terms of the performances they normally give not creepy in terms of being people"
"In my opinion, Christopher Nolan is in a slump.","Let me start by saying this is based on my opinion and movie preferences, obviously some people will vehemently disagree.

But after seeing Oppenheimer, I gotta say that Nolan is in a slump.   I'm not saying Nolan is having an M Night Shyamalan fall from grace, but I have been disappointed in his last 3 movies.

Like many others, Christopher Nolan became my favorite director by the movies he put out earlier in his career.  He made movies that really made you think, often required in depth analysis and Youtube video breakdowns to explain all the different things going on.  I absolutely love those type of movies and loved doing all the research/discussions/theories that came from his movies.

I absolutely love Memento (2000) ,The Prestige (2006), Inception (2010), and Interstellar(2014).  Those are my favorites of his.

Batman Beings (2005) and The Dark Knight (2008) are also very entertaining.

But in the past decade, he's released (in my opinion) 3 duds.  

- Dunkirk (2017) was ""ok"".  There's been much better war movies made, and I thought it was average at best.  I saw it once and don't really have a desire to watch it again.  


- Tenet (2020) I was extremely excited about since it goes back to his roots of crazy sci-fi/time stuff.  However, I was pretty disappointed with it.  While the concept was unique and some of the effects were cool, the story became overly convoluted, the dialogue was inaudible a lot of the time, and the last 30 minute battle scene was an absolute mess.  I have watched this movie a second time, but my opinion didn't change much.


- Oppenheimer (2023):  I went in not expecting this to be a stereotypical Nolan movie, but I was hoping for more than 95% of the movie being people just talking to each other.  There were so many characters introduced, and I felt no connection to any of them, besides Oppenheimer I guess.  I thought the acting and score was good, but besides that it felt like watching a bunch of random clips spliced together. 


So that's 3 movies in the past (*almost*) 10 years that I watched once and never really care to see again.  And if you add in The Dark Knight Rises (2012), which I thought was below-average, I've only enjoyed one of his movies since Interstellar.

Here's my high-level personal breakdown of his movies and whether I enjoyed them or not.

Year| Movie | Liked
---|--- | ---
1998 | Following  | N/A
2000 | Memento | Yes
2002 | Insomnia | No
2005 | Batman Begins | Yes
2006 | The Prestige | Yes
2008 | The Dark Knight | Yes
2010 | Inception | Yes
2012 | The Dark Knight Rises | No
2014 | Interstellar | Yes
2017 | Dunkirk | No
2020 | Tenet | No
2023 | Oppenheimer | No",oppenheimer,ACTOR_DIRECTOR_DISCOURSE,,,"in my opinion, christopher nolan is in a slump.. let me start by saying this is based on my opinion and movie preferences, obviously some people will vehemently disagree.

but after seeing oppenheimer, i gotta say that nolan is in a slump.   i'm not saying nolan is having an m night shyamalan fall from grace, but i have been disappointed in his last 3 movies.

like many others, christopher nolan became my favorite director by the movies he put out earlier in his career.  he made movies that really made you think, often required in depth analysis and youtube video breakdowns to explain all the different things going on.  i absolutely love those type of movies and loved doing all the research/discussions/theories that came from his movies.

i absolutely love memento (2000) ,the prestige (2006), inception (2010), and interstellar(2014).  those are my favorites of his.

batman beings (2005) and the dark knight (2008) are also very entertaining.

but in the past decade, he's released (in my opinion) 3 duds.  

- dunkirk (2017) was ""ok"".  there's been much better war movies made, and i thought it was average at best.  i saw it once and don't really have a desire to watch it again.  


- tenet (2020) i was extremely excited about since it goes back to his roots of crazy sci-fi/time stuff.  however, i was pretty disappointed with it.  while the concept was unique and some of the effects were cool, the story became overly convoluted, the dialogue was inaudible a lot of the time, and the last 30 minute battle scene was an absolute mess.  i have watched this movie a second time, but my opinion didn't change much.


- oppenheimer (2023):  i went in not expecting this to be a stereotypical nolan movie, but i was hoping for more than 95% of the movie being people just talking to each other.  there were so many characters introduced, and i felt no connection to any of them, besides oppenheimer i guess.  i thought the acting and score was good, but besides that it felt like watching a bunch of random clips spliced together. 


so that's 3 movies in the past (*almost*) 10 years that i watched once and never really care to see again.  and if you add in the dark knight rises (2012), which i thought was below-average, i've only enjoyed one of his movies since interstellar.

here's my high-level personal breakdown of his movies and whether i enjoyed them or not.

year| movie | liked
---|--- | ---
1998 | following  | n/a
2000 | memento | yes
2002 | insomnia | no
2005 | batman begins | yes
2006 | the prestige | yes
2008 | the dark knight | yes
2010 | inception | yes
2012 | the dark knight rises | no
2014 | interstellar | yes
2017 | dunkirk | no
2020 | tenet | no
2023 | oppenheimer | no"
Is Greta Gerwig the next James Cameron?,All the stars are aligning,barbie,ACTOR_DIRECTOR_DISCOURSE,,,is greta gerwig the next james cameron?. all the stars are aligning
Is Tom Cruise's career in danger now?,"After Mission Impossible flopping at the box office, Paramount might put an end to this franchise after Part 2, given they would lose money after investing 1 billion in production budget and marketing. Apart from MI, the only franchise Cruise has is Top Gun. He will definitely make Top Gun 3 in the next 3-4 years. The problem with Cruise is that no A-list directors wants to work with him post-2005, the year where he went absolutely crazy. He would have to rely on his trio of directors, Doug Liman, Joe Kosinski and Chris McQ, who are decent directors. However, in this market, it is next to impossible to make a hit original film. Also, Cruise's track record with original films have been really bad in the last 17 years.

What do you think Cruise should do next ? Should he make streaming only films ?",mission_impossible,ACTOR_DIRECTOR_DISCOURSE,,,"is tom cruise's career in danger now?. after mission impossible flopping at the box office, paramount might put an end to this franchise after part 2, given they would lose money after investing 1 billion in production budget and marketing. apart from mi, the only franchise cruise has is top gun. he will definitely make top gun 3 in the next 3-4 years. the problem with cruise is that no a-list directors wants to work with him post-2005, the year where he went absolutely crazy. he would have to rely on his trio of directors, doug liman, joe kosinski and chris mcq, who are decent directors. however, in this market, it is next to impossible to make a hit original film. also, cruise's track record with original films have been really bad in the last 17 years.

what do you think cruise should do next ? should he make streaming only films ?"
Is Oppenheimer the end of contrarian Nolan haters?,"Since Tenet, it's been cool to hate on Nolan online. The anti nolan circle jerk rose up after years of Nolan being circle jerked post TDK. 

With Tenet, the Nolan haters had their day to say he js past it. Now with oppenheimer receiving very high acclaim (90/100 metacritic etc), it is being hailed as a masterpiece. 

Is this the end of the anti Nolan circle jerk?",oppenheimer,ACTOR_DIRECTOR_DISCOURSE,,,"is oppenheimer the end of contrarian nolan haters?. since tenet, it's been cool to hate on nolan online. the anti nolan circle jerk rose up after years of nolan being circle jerked post tdk. 

with tenet, the nolan haters had their day to say he js past it. now with oppenheimer receiving very high acclaim (90/100 metacritic etc), it is being hailed as a masterpiece. 

is this the end of the anti nolan circle jerk?"
Did Tom Cruise really get permission to shut down the entire Times Square?,"Did Tom Cruise's movie ""Vanilla Sky"" really got the permission to shut down the entire Times Square for 3 hours or its just fake news flying around???? 

How come no other films got the permission to do the same thing? 

Wouldn't shutting down the Times Square cause trouble for the daily commuters? 

Ngl it does sounds really interesting that he managed to pull it off :/",mission_impossible,ACTOR_DIRECTOR_DISCOURSE,,,"did tom cruise really get permission to shut down the entire times square?. did tom cruise's movie ""vanilla sky"" really got the permission to shut down the entire times square for 3 hours or its just fake news flying around???? 

how come no other films got the permission to do the same thing? 

wouldn't shutting down the times square cause trouble for the daily commuters? 

ngl it does sounds really interesting that he managed to pull it off :/"
Jackie Chan and Tom Cruise,"I’m watching Rush Hour and Jackie Chan is doing all his super awesome stunts - Mission Impossible is in theaters again and I’m sure Tom Cruise is doing something wicked 

Have the two of them done anything together?! I want to see this.

It’s gotta be something where they’re competing against each other - but neither one of them can be the “bad guy” - and it has to play on the age-old “who would win” battle!! 🤣🤣",mission_impossible,ACTOR_DIRECTOR_DISCOURSE,,,"jackie chan and tom cruise. i’m watching rush hour and jackie chan is doing all his super awesome stunts - mission impossible is in theaters again and i’m sure tom cruise is doing something wicked 

have the two of them done anything together?! i want to see this.

it’s gotta be something where they’re competing against each other - but neither one of them can be the “bad guy” - and it has to play on the age-old “who would win” battle!! 🤣🤣"
Potential Hot Ryan Gosling Take,"Ryan Gosling's performance as Ken is up there among the greats. I'm putting it in the same category as Heath Ledgers Joker and Tom Hanks Forrest Gump. His portrayal as Ken is amazing, and as a bonus, he even had an incredible voice. Let me know your thoughts. The movie as a whole was not that great in my opinion, and Margot Robbie did an amazing job as Barbie, but Ryan Gosling really stood out to me. His adaptability is incredible, and he showed it with this movie! He can play serious roles, such as him in Drive, and now he can even play Ken. This takes him to the next level in the GOAT actor debate. Seriously, he could be top 10 all time.",barbie,ACTOR_DIRECTOR_DISCOURSE,,,"potential hot ryan gosling take. ryan gosling's performance as ken is up there among the greats. i'm putting it in the same category as heath ledgers joker and tom hanks forrest gump. his portrayal as ken is amazing, and as a bonus, he even had an incredible voice. let me know your thoughts. the movie as a whole was not that great in my opinion, and margot robbie did an amazing job as barbie, but ryan gosling really stood out to me. his adaptability is incredible, and he showed it with this movie! he can play serious roles, such as him in drive, and now he can even play ken. this takes him to the next level in the goat actor debate. seriously, he could be top 10 all time."
"How much different would live-action films like Transformers or Avatar be if they were written and directed by Christopher Nolan? Do you think they would be better, worse, or similar?","I was thinking about how a director like him would approach these films when most of his films attempt to be as grounded as possible in terms of CGI and storytelling, even when dealing with far-out stories like in Inception, The Prestige, or Interstellar. It’s interesting to consider how he would balance the use of special effects with his desire to create a realistic and immersive experience like with his other IMAX films. Would he rely more on practical effects or push the boundaries of what can be achieved with CGI to tackle these films? I don’t know, but it is a fun thought and conversation.",oppenheimer,ACTOR_DIRECTOR_DISCOURSE,,,"how much different would live-action films like transformers or avatar be if they were written and directed by christopher nolan? do you think they would be better, worse, or similar?. i was thinking about how a director like him would approach these films when most of his films attempt to be as grounded as possible in terms of cgi and storytelling, even when dealing with far-out stories like in inception, the prestige, or interstellar. it’s interesting to consider how he would balance the use of special effects with his desire to create a realistic and immersive experience like with his other imax films. would he rely more on practical effects or push the boundaries of what can be achieved with cgi to tackle these films? i don’t know, but it is a fun thought and conversation."
Christopher Nolan's disdain for CG hinders his work rather than elevate it.,"Nolan's distaste for CG actually affects his work adversely in my humble opinion. Post Inception, none of his films's set pieces have ever filled me with awe or felt spectacular to me, Interstellar being the sole exception.

CG works great in accentuating the impact of a set piece, even if it is mostly practical ( George Miller himself has admitted to used a lot of CG to heighten the impact of the stunts in Mad Max: Fury Road ) but most of Nolan's set pieces post Inception have fell flat to me. Not least of which was the much hyped Trinity Test sequence. 

The build up to the test was more exciting than the actual test itself. In fact, if anyone here has seen Twin Peaks Season 7, I wager you can attest to the fact that same test sequence in that film ( done with CG I might add ) conveyed way more of the dread, awe and sheer terror of an atomic bomb blast.",oppenheimer,ACTOR_DIRECTOR_DISCOURSE,,,"christopher nolan's disdain for cg hinders his work rather than elevate it.. nolan's distaste for cg actually affects his work adversely in my humble opinion. post inception, none of his films's set pieces have ever filled me with awe or felt spectacular to me, interstellar being the sole exception.

cg works great in accentuating the impact of a set piece, even if it is mostly practical ( george miller himself has admitted to used a lot of cg to heighten the impact of the stunts in mad max: fury road ) but most of nolan's set pieces post inception have fell flat to me. not least of which was the much hyped trinity test sequence. 

the build up to the test was more exciting than the actual test itself. in fact, if anyone here has seen twin peaks season 7, i wager you can attest to the fact that same test sequence in that film ( done with cg i might add ) conveyed way more of the dread, awe and sheer terror of an atomic bomb blast."
Any contenders for the next big action stars?,"Keanu Reeves and Tom Cruise are getting up there in age. Once they retire are there any good replacements? Any young and coming actors who you could see becoming action stars that do their own stunts and can push forward American action films the same way they did? I know we have people like Scott Adkins but he’s not making big budget spectacles with 100 million dollar budgets. I’m afraid when Keanu and Tom retire we’re gonna be left sadly wanting for quality American action films.

Curious what y’all think.",mission_impossible,ACTOR_DIRECTOR_DISCOURSE,,,"any contenders for the next big action stars?. keanu reeves and tom cruise are getting up there in age. once they retire are there any good replacements? any young and coming actors who you could see becoming action stars that do their own stunts and can push forward american action films the same way they did? i know we have people like scott adkins but he’s not making big budget spectacles with 100 million dollar budgets. i’m afraid when keanu and tom retire we’re gonna be left sadly wanting for quality american action films.

curious what y’all think."
Oppenheimer: Where History Meets Filmography - 30 Spoiler Free Fascinating Facts Before the Premiere (Part 1),"I'm thrilled about ""Oppenheimer"" as it combines two subjects I'm passionate about: the history of the Manhattan Project and Christopher Nolan's filmography. To build anticipation for the premiere, I've compiled 30 spoiler free facts that I'll be sharing daily until the theatrical release. Half of these facts (even numbers) delve into Oppenheimer's life, offering glimpses into his character. The other half (odd numbers) shed light on Nolan's production process for the film.  In my history classes, I honed my summarization skills, condensing information to the essential elements with as few words as possible, and I can now apply that exercise here.

&amp;#x200B;

&amp;#x200B;

&amp;#x200B;

\*\*1/30\*\* - Oppenheimer marks Nolan's first movie without Warner Brother’s since his 2nd film Memento back in the year 2000. After Memento, Warner Brothers distributed all 9 of his next films. Nolan became unhappy with Warner Bros when right before the 2020 opening of blockbuster, Tenet, the studio suddenly announced that their movies would simultaneously release both in cinemas and on HBO Max. In light of this, Nolan chose Universal Pictures to produce Oppenheimer, as they were the only studio willing to meet all his requirements: a production budget of $100 million, an additional $100 million for marketing, complete creative control, 20 percent of the gross revenue, and an exclusive theatrical release window of 100 days. Warner Bros responded by scheduling, Barbie, a $100 million budget film of their own to premiere on the exact same day as Oppenheimer for a big budget showdown.

&amp;#x200B;

\*\*2/30\*\* - Oppenheimer's exceptional intelligence showed early on. From ages 7 to 11, Robert’s sole obsessions in life became mineral research and poetry. By the age of twelve, he began utilizing the family typewriter to correspond with renowned geologists regarding rock formations he had discovered in Central Park, New York. Unaware of his age, one of the recipients nominated Robert for membership in the esteemed New York Mineralogical Club. A letter even arrived inviting him to deliver a lecture before the club. Robert begged his father not to have him go, but his father found the entire scenario greatly amusing and accompanied Robert to the event. Upon his introduction to the podium, the startled audience erupted in a roar of laughter. Nevertheless, Robert read through his prepared remarks that was received with a standing ovation.

&amp;#x200B;

\*\*3/30\*\* - Though Oppenheimer is technically Nolan’s first biographical feature, he had planned to make a film about Howard Hughes in the early 2000s, with Jim Carey as the lead actor. “I think it’s the best script I’ve ever written”, reflected Nolan in 2014, “and I had a really wonderful experience writing it. The frustrating part came when the other movie got made first”. Nolan referred to Martin Scorsese making his own Howard Hughes film, The Aviator, before Nolan could begin production. Rather than compete with Scorsese on the same subject, Nolan decided to pivot to another project: Batman Begins. Similar themes from the Howard Hughes script trickled into the character of Bruce Wayne. Nolan’s unmade feature also prepared him to tackle Oppenheimer. Nolan stated, ""I think having written the Howard Hughes script was very important to having the confidence to take this on, particularly structurally, and just knowing that if I could find the right approach, then I would be able to just dive into the guy's life”. Both Hughes and Oppenheimer exhibited striking similarities. They possessed eccentric personalities within their respective fields and grappled with personal struggles in later years, despite their remarkable achievements. This is best summarized in the Oppenheimer trailer, ""You're a dilettante, you're a womanizer, unstable, theatrical, neurotic.""

&amp;#x200B;

\*\*4/30\*\* - Oppenheimer grew up in a privileged Jewish household in New York City where his parents owned a textile business. They spoiled Robert and his brother Frank, granting their every wish and providing them with the best education money could buy. Robert often displaying his intelligence in a boastful manner, making him unpopular with his peers. He once famously told a classmate, “Ask me a question in Latin, and I shall answer you in Greek”. Due to his unapologetic arrogance combined with his rigid, awkward physique, he found it difficult to relate to others and endured severe bullying. One incident at a summer camp involved his annoyed fellow campers stripping him naked and locking him in an icehouse overnight. Reflecting on his childhood experiences, Robert would reflect much later in life, “my luxurious childhood did not prepare me for the fact that the world is full of cruel and bitter things”. Feeling isolated and unloved, he became increasingly withdrawn and turned to his studies, stating to his brother, ""I need physics more than I need friends."" Immersing himself into academics, he excelled in high school, graduating at the top of his class and gaining admission to the best universities in the country. Opting for Harvard, Oppenheimer took full advantage of the available courses, exploring additional subjects such as mathematics, European literature, Eastern religion, and philosophy. His independent study efforts were so remarkable that he was admitted to the graduate physics program as a first-year undergraduate. It was during a thermodynamics graduate course that Oppenheimer developed his fascination with theoretical physics. After only three years at Harvard, Robert graduated Summa Cum Laude with a Bachelor’s in chemistry. Yet, Physics was that subject that captivated him and he yearned to study it with the best. With the help of ambivalent references from Harvard professors, he got admitted to Ernest Rutherford’s laboratory at Cambridge.

&amp;#x200B;

\*\*5/30\*\* - Producer Charles Raven, who had collaborated with Nolan on the Batman trilogy, approached him with the idea of making a movie about an atomic bomb, based on the Pulitzer Prize-winning biography ""American Prometheus."" Enthralled by the idea, Nolan began writing the script for a movie as soon as he completed the book. He found the complexities of Oppenheimer's character, along with the profound weight of the implications to be one of the most challenging scripts he had ever tackled. Plus, the book's many meticulous details along with the possibility of multiple movies within the book itself added to the test. Despite these perimeters, Nolan adhered to the factual accounts presented in the 722-page biography while simultaneously integrating his definite creative style. To approach the project, Nolan decided to adopt a new perspective by writing the script from a first-person point of view, something he had never before attempted. By placing himself in Oppenheimer's shoes, Nolan aimed to capture the immensity of the moment stating, “The idea was to witness how Oppenheimer envisioned this revolutionary transformation of physics. Cinema has often struggled to portray intelligence or genius in a way that truly engages audiences. I wanted to go on this journey alongside Oppenheimer, experiencing the story rather than passing judgment on him. You are faced with these irreconcilable ethical dilemmas with him.”

&amp;#x200B;

\*\*6/30\*\* - Robert lived through a rough emotional state while at Cambridge, where he missed the structured routine of lectures he experienced at Harvard. He disliked the monotonous experimental physics work required for the grad program and preferred theoretical study, which he unfortunately didn’t have time for after long days in the lab. The lack of book theory contributed to his emotional decline. He would often be found motionless in a classroom staring at an empty blackboard, repeating the phrase ""The point is..."" for hours. Fellow grads recollected seeing him lying on the floor, groaning, and muttering incoherently about unsolved science problems leading some to believe he was severely depressed. There were more incidents that indicated Robert was losing control emotionally. Witnesses reported an incident on a train where he was unable to concentrate on his thermodynamics studies due to a nearby couple engaging in intimate behavior. When the man left the car, Robert suddenly attempted to kiss the woman, but was in an instant so overcome with remorse that he fell on his knees, tears streaming, begging for forgiveness. He then again abruptly changed temperament and hurled a suitcase at the woman that missed her head by inches. Yet another incident occurred when Robert traveled to visit a former high school classmate in Paris. Noticing that Oppenheimer was feeling depressed, his friend tried to cheer him by breaking the news that he was to marry his girlfriend. This unexpected news triggered Robert and he hurled himself onto Fergusson and tried to suffocate him. Although Fergusson easily fended off the attack (with Oppenheimer weighing 130 lbs at the time), the episode cemented Robert as a person with deep psychological troubles. This incident further highlighted Robert's deep psychological troubles. Reflecting on that specific stage of life years later, Robert admitted that his inability to process his inner turmoil led to him contemplating ending his life.

&amp;#x200B;

\*\*7/30\*\* - In line with previous projects, Nolan aimed to minimize the use of CGI, especially with the task of visually representing the titular scientists’ inner thoughts on an atomic level. When sharing the completed screenplay with his visual effects supervisor, Andrew Jackson, Nolan emphasized the need to delve into Oppenheimer’s mind. Nolan stressed, “we have to find a way into this guy’s head. We’ve gotta see the world the way he sees it. We’ve gotta see the atoms moving. We’ve gotta see the way he’s imagining waves of energy, the quantum world. And then we have to see how that translates into the Trinity test. We must feel the danger, feel the threat of all of this. Let’s do all these things, but without any computer graphics.”

&amp;#x200B;

\*\*8/30\*\* - Things reached a climax with Robert’s emotional state in an incident with Robert’s tutor. Like most Cambridge students, Oppenheimer had an official counselor, Patrick Blackett. He was popular, good at lab experiments, and functional at systematic science - everything Robert was not. Blackett would later win the Nobel peace prize in 1948 for his work on Cosmic Rays. Patrick hoped to instill in Robert positive habits for better lab results. What developed in Robert, however, was hatred. During a school break, Robert traveled to Corsica with some fellow classmates to take a break from the his lab duties. During the expedition, his peers sensed that Robert seemed more agitated than normal. One night during dinner, a waiter informed Robert about the next ferry that was returning to the mainland. When his friends asked why he was suddenly leaving so early, Robert said he couldn’t bear to tell them. But after drinking more wine, he revealed everything. He vetted about his tutor. In detail he revealed how he loathed the man. Before leaving on the vacation, Robert confessed to injected poisonous chemicals into an apple where he left it on Blackett’s desk. Robert’s companions swiftly notified the Cambridge administration. Blackett had not eaten the apple, but once Cambridge got word that the alleged “poison” used was lethal, they amounted it to attempted murder. Fortunately for Robert, his father happened to be visiting campus that very week and successfully intervened convincing the university to not press criminal charges. Instead, Oppenheimer was put on probation and required to see a psychiatrist in London. Robert was diagnosed with dementia praecox with symptoms that now most closely associate with schizophrenia.

&amp;#x200B;

\*\*9/30\*\* - This movie holds the record for being the longest runtime among Nolan films, with an official duration of just over 3 hours. It surpasses his second longest film, Interstellar, by a 13-minute margin. “The film is so emotional, and it feels like a thriller,” added Emily Blunt, who stars as biologist and Oppenheimer’s wife Katherine. “It’s almost like he’s Trojan-Horsed a biopic into a thriller. It’s a pulse-racing experience, the whole thing really. I was just completely arrested by the story, the portrait of this man, and, I guess, the trauma of a brain like that. When it was over, I could not believe it clocked at three hours”.

&amp;#x200B;

\*\*10/30\*\* - During his four months in London, Oppenheimer sought help from three psychoanalysts. However, he attributed his recovery from depression to two significant factors: the bicycle tour of Corsica that he experienced with his friends, and the reading of Marcel Proust's novel *In Search of Lost Time*. In 1926, Oppenheimer left Cambridge after being invited by the renowned physicist Max Born to study at the University of Göttingen, the world's leading center for theoretical physics in Germany. While at Göttingen, Oppenheimer had the opportunity to interact with colleagues who would later collaborate with him on future projects. These successful individuals included Niels Bohr, Paul Dirac, Enrico Fermi, Edward Teller, and Werner Heisenberg. Oppenheimer's enthusiastic participation in discussions sometimes became overwhelming, leading him to take over seminar sessions with long orations that annoyed many other students. As a result, the students signed a petition to request Robert quiet down or be kicked out of class. Born left the signed letter out on his desk where Oppenheimer could read it, and as a result, Robert’s in class contribution minimized without a word being said by Born. Oppenheimer earned his Philosophy degree at the age of 23 and his PhD just a year later. During his time at Göttingen, he published numerous papers related to physics, making significant contributions to the emerging field of quantum mechanics. One of his most cited works was a paper co-authored with Max Born, known as the Born-Oppenheimer approximation: a groundbreaking advancement in using quantum mechanics to understand molecular behavior and advance precise calculations. Oppenheimer thrived during his time at Göttingen, and by the end of his stay there, he had become one of the leading figures in theoretical physics worldwide.",barbie,ACTOR_DIRECTOR_DISCOURSE,,,"oppenheimer: where history meets filmography - 30 spoiler free fascinating facts before the premiere (part 1). i'm thrilled about ""oppenheimer"" as it combines two subjects i'm passionate about: the history of the manhattan project and christopher nolan's filmography. to build anticipation for the premiere, i've compiled 30 spoiler free facts that i'll be sharing daily until the theatrical release. half of these facts (even numbers) delve into oppenheimer's life, offering glimpses into his character. the other half (odd numbers) shed light on nolan's production process for the film.  in my history classes, i honed my summarization skills, condensing information to the essential elements with as few words as possible, and i can now apply that exercise here.

&amp;#x200b;

&amp;#x200b;

&amp;#x200b;

\*\*1/30\*\* - oppenheimer marks nolan's first movie without warner brother’s since his 2nd film memento back in the year 2000. after memento, warner brothers distributed all 9 of his next films. nolan became unhappy with warner bros when right before the 2020 opening of blockbuster, tenet, the studio suddenly announced that their movies would simultaneously release both in cinemas and on hbo max. in light of this, nolan chose universal pictures to produce oppenheimer, as they were the only studio willing to meet all his requirements: a production budget of $100 million, an additional $100 million for marketing, complete creative control, 20 percent of the gross revenue, and an exclusive theatrical release window of 100 days. warner bros responded by scheduling, barbie, a $100 million budget film of their own to premiere on the exact same day as oppenheimer for a big budget showdown.

&amp;#x200b;

\*\*2/30\*\* - oppenheimer's exceptional intelligence showed early on. from ages 7 to 11, robert’s sole obsessions in life became mineral research and poetry. by the age of twelve, he began utilizing the family typewriter to correspond with renowned geologists regarding rock formations he had discovered in central park, new york. unaware of his age, one of the recipients nominated robert for membership in the esteemed new york mineralogical club. a letter even arrived inviting him to deliver a lecture before the club. robert begged his father not to have him go, but his father found the entire scenario greatly amusing and accompanied robert to the event. upon his introduction to the podium, the startled audience erupted in a roar of laughter. nevertheless, robert read through his prepared remarks that was received with a standing ovation.

&amp;#x200b;

\*\*3/30\*\* - though oppenheimer is technically nolan’s first biographical feature, he had planned to make a film about howard hughes in the early 2000s, with jim carey as the lead actor. “i think it’s the best script i’ve ever written”, reflected nolan in 2014, “and i had a really wonderful experience writing it. the frustrating part came when the other movie got made first”. nolan referred to martin scorsese making his own howard hughes film, the aviator, before nolan could begin production. rather than compete with scorsese on the same subject, nolan decided to pivot to another project: batman begins. similar themes from the howard hughes script trickled into the character of bruce wayne. nolan’s unmade feature also prepared him to tackle oppenheimer. nolan stated, ""i think having written the howard hughes script was very important to having the confidence to take this on, particularly structurally, and just knowing that if i could find the right approach, then i would be able to just dive into the guy's life”. both hughes and oppenheimer exhibited striking similarities. they possessed eccentric personalities within their respective fields and grappled with personal struggles in later years, despite their remarkable achievements. this is best summarized in the oppenheimer trailer, ""you're a dilettante, you're a womanizer, unstable, theatrical, neurotic.""

&amp;#x200b;

\*\*4/30\*\* - oppenheimer grew up in a privileged jewish household in new york city where his parents owned a textile business. they spoiled robert and his brother frank, granting their every wish and providing them with the best education money could buy. robert often displaying his intelligence in a boastful manner, making him unpopular with his peers. he once famously told a classmate, “ask me a question in latin, and i shall answer you in greek”. due to his unapologetic arrogance combined with his rigid, awkward physique, he found it difficult to relate to others and endured severe bullying. one incident at a summer camp involved his annoyed fellow campers stripping him naked and locking him in an icehouse overnight. reflecting on his childhood experiences, robert would reflect much later in life, “my luxurious childhood did not prepare me for the fact that the world is full of cruel and bitter things”. feeling isolated and unloved, he became increasingly withdrawn and turned to his studies, stating to his brother, ""i need physics more than i need friends."" immersing himself into academics, he excelled in high school, graduating at the top of his class and gaining admission to the best universities in the country. opting for harvard, oppenheimer took full advantage of the available courses, exploring additional subjects such as mathematics, european literature, eastern religion, and philosophy. his independent study efforts were so remarkable that he was admitted to the graduate physics program as a first-year undergraduate. it was during a thermodynamics graduate course that oppenheimer developed his fascination with theoretical physics. after only three years at harvard, robert graduated summa cum laude with a bachelor’s in chemistry. yet, physics was that subject that captivated him and he yearned to study it with the best. with the help of ambivalent references from harvard professors, he got admitted to ernest rutherford’s laboratory at cambridge.

&amp;#x200b;

\*\*5/30\*\* - producer charles raven, who had collaborated with nolan on the batman trilogy, approached him with the idea of making a movie about an atomic bomb, based on the pulitzer prize-winning biography ""american prometheus."" enthralled by the idea, nolan began writing the script for a movie as soon as he completed the book. he found the complexities of oppenheimer's character, along with the profound weight of the implications to be one of the most challenging scripts he had ever tackled. plus, the book's many meticulous details along with the possibility of multiple movies within the book itself added to the test. despite these perimeters, nolan adhered to the factual accounts presented in the 722-page biography while simultaneously integrating his definite creative style. to approach the project, nolan decided to adopt a new perspective by writing the script from a first-person point of view, something he had never before attempted. by placing himself in oppenheimer's shoes, nolan aimed to capture the immensity of the moment stating, “the idea was to witness how oppenheimer envisioned this revolutionary transformation of physics. cinema has often struggled to portray intelligence or genius in a way that truly engages audiences. i wanted to go on this journey alongside oppenheimer, experiencing the story rather than passing judgment on him. you are faced with these irreconcilable ethical dilemmas with him.”

&amp;#x200b;

\*\*6/30\*\* - robert lived through a rough emotional state while at cambridge, where he missed the structured routine of lectures he experienced at harvard. he disliked the monotonous experimental physics work required for the grad program and preferred theoretical study, which he unfortunately didn’t have time for after long days in the lab. the lack of book theory contributed to his emotional decline. he would often be found motionless in a classroom staring at an empty blackboard, repeating the phrase ""the point is..."" for hours. fellow grads recollected seeing him lying on the floor, groaning, and muttering incoherently about unsolved science problems leading some to believe he was severely depressed. there were more incidents that indicated robert was losing control emotionally. witnesses reported an incident on a train where he was unable to concentrate on his thermodynamics studies due to a nearby couple engaging in intimate behavior. when the man left the car, robert suddenly attempted to kiss the woman, but was in an instant so overcome with remorse that he fell on his knees, tears streaming, begging for forgiveness. he then again abruptly changed temperament and hurled a suitcase at the woman that missed her head by inches. yet another incident occurred when robert traveled to visit a former high school classmate in paris. noticing that oppenheimer was feeling depressed, his friend tried to cheer him by breaking the news that he was to marry his girlfriend. this unexpected news triggered robert and he hurled himself onto fergusson and tried to suffocate him. although fergusson easily fended off the attack (with oppenheimer weighing 130 lbs at the time), the episode cemented robert as a person with deep psychological troubles. this incident further highlighted robert's deep psychological troubles. reflecting on that specific stage of life years later, robert admitted that his inability to process his inner turmoil led to him contemplating ending his life.

&amp;#x200b;

\*\*7/30\*\* - in line with previous projects, nolan aimed to minimize the use of cgi, especially with the task of visually representing the titular scientists’ inner thoughts on an atomic level. when sharing the completed screenplay with his visual effects supervisor, andrew jackson, nolan emphasized the need to delve into oppenheimer’s mind. nolan stressed, “we have to find a way into this guy’s head. we’ve gotta see the world the way he sees it. we’ve gotta see the atoms moving. we’ve gotta see the way he’s imagining waves of energy, the quantum world. and then we have to see how that translates into the trinity test. we must feel the danger, feel the threat of all of this. let’s do all these things, but without any computer graphics.”

&amp;#x200b;

\*\*8/30\*\* - things reached a climax with robert’s emotional state in an incident with robert’s tutor. like most cambridge students, oppenheimer had an official counselor, patrick blackett. he was popular, good at lab experiments, and functional at systematic science - everything robert was not. blackett would later win the nobel peace prize in 1948 for his work on cosmic rays. patrick hoped to instill in robert positive habits for better lab results. what developed in robert, however, was hatred. during a school break, robert traveled to corsica with some fellow classmates to take a break from the his lab duties. during the expedition, his peers sensed that robert seemed more agitated than normal. one night during dinner, a waiter informed robert about the next ferry that was returning to the mainland. when his friends asked why he was suddenly leaving so early, robert said he couldn’t bear to tell them. but after drinking more wine, he revealed everything. he vetted about his tutor. in detail he revealed how he loathed the man. before leaving on the vacation, robert confessed to injected poisonous chemicals into an apple where he left it on blackett’s desk. robert’s companions swiftly notified the cambridge administration. blackett had not eaten the apple, but once cambridge got word that the alleged “poison” used was lethal, they amounted it to attempted murder. fortunately for robert, his father happened to be visiting campus that very week and successfully intervened convincing the university to not press criminal charges. instead, oppenheimer was put on probation and required to see a psychiatrist in london. robert was diagnosed with dementia praecox with symptoms that now most closely associate with schizophrenia.

&amp;#x200b;

\*\*9/30\*\* - this movie holds the record for being the longest runtime among nolan films, with an official duration of just over 3 hours. it surpasses his second longest film, interstellar, by a 13-minute margin. “the film is so emotional, and it feels like a thriller,” added emily blunt, who stars as biologist and oppenheimer’s wife katherine. “it’s almost like he’s trojan-horsed a biopic into a thriller. it’s a pulse-racing experience, the whole thing really. i was just completely arrested by the story, the portrait of this man, and, i guess, the trauma of a brain like that. when it was over, i could not believe it clocked at three hours”.

&amp;#x200b;

\*\*10/30\*\* - during his four months in london, oppenheimer sought help from three psychoanalysts. however, he attributed his recovery from depression to two significant factors: the bicycle tour of corsica that he experienced with his friends, and the reading of marcel proust's novel *in search of lost time*. in 1926, oppenheimer left cambridge after being invited by the renowned physicist max born to study at the university of göttingen, the world's leading center for theoretical physics in germany. while at göttingen, oppenheimer had the opportunity to interact with colleagues who would later collaborate with him on future projects. these successful individuals included niels bohr, paul dirac, enrico fermi, edward teller, and werner heisenberg. oppenheimer's enthusiastic participation in discussions sometimes became overwhelming, leading him to take over seminar sessions with long orations that annoyed many other students. as a result, the students signed a petition to request robert quiet down or be kicked out of class. born left the signed letter out on his desk where oppenheimer could read it, and as a result, robert’s in class contribution minimized without a word being said by born. oppenheimer earned his philosophy degree at the age of 23 and his phd just a year later. during his time at göttingen, he published numerous papers related to physics, making significant contributions to the emerging field of quantum mechanics. one of his most cited works was a paper co-authored with max born, known as the born-oppenheimer approximation: a groundbreaking advancement in using quantum mechanics to understand molecular behavior and advance precise calculations. oppenheimer thrived during his time at göttingen, and by the end of his stay there, he had become one of the leading figures in theoretical physics worldwide."
Who do y’all think should voice you know who in the Mutant Mayhem sequel?,"For those that have seen the movie you know who shows up in the mid credit scene, so the question is who would y’all wanna see voice him?

I can’t lie if he wasn’t already Baxter in this movie I would’ve easily said Giancarlo Esposito would’ve been an amazing choice for Shredder. Oddly though I could even see Morgan Freeman playing him too.

As for Casey Jones if Seth and James Franco were still cool I could definitely see Franco playing him.

What do y’all wanna see?",tmnt,ACTOR_DIRECTOR_DISCOURSE,,,"who do y’all think should voice you know who in the mutant mayhem sequel?. for those that have seen the movie you know who shows up in the mid credit scene, so the question is who would y’all wanna see voice him?

i can’t lie if he wasn’t already baxter in this movie i would’ve easily said giancarlo esposito would’ve been an amazing choice for shredder. oddly though i could even see morgan freeman playing him too.

as for casey jones if seth and james franco were still cool i could definitely see franco playing him.

what do y’all wanna see?"
"At the time of its release in 1986, Wisdom made Emilio Estevez the youngest actor to write, direct and star in a major motion picture","&amp;#x200B;

I was impressed by that when I was younger. When I was a kid, he was mostly known for the Mighty Ducks and I guess his cameo in Mission Impossible but I know for my mom's generation he was known for Repo Man, The Breakfast Club and St. Elmo's Fire.

I respect that for his directorial debut he was doing a crime film that had some social issue themes. Looking at the reviews, his movie got savaged by critics. Probably didn't help that he was seen as ""The Brat Pack.""

Ultimately, he directed more and more like Men at Work, The War at Home, Bobby, The Way, The Public while he acted far less.",mission_impossible,ACTOR_DIRECTOR_DISCOURSE,,,"at the time of its release in 1986, wisdom made emilio estevez the youngest actor to write, direct and star in a major motion picture. &amp;#x200b;

i was impressed by that when i was younger. when i was a kid, he was mostly known for the mighty ducks and i guess his cameo in mission impossible but i know for my mom's generation he was known for repo man, the breakfast club and st. elmo's fire.

i respect that for his directorial debut he was doing a crime film that had some social issue themes. looking at the reviews, his movie got savaged by critics. probably didn't help that he was seen as ""the brat pack.""

ultimately, he directed more and more like men at work, the war at home, bobby, the way, the public while he acted far less."
So Is Greta Gerwig The Biggest Director Under 50 After This Weekend?,"She's had a critically lauded career, and *Barbie* is not only genuinely good, but it was a really difficult film to pull off without being super generic.  She not only did it, but she did it while being genuinely funny and zigging when you expect it to zag.  It seems weird to say about a movie with a $150 opening, but it really feels like it's going to be one of those cult classic comedies that people are going to return to for years to come.

She's been vocal recently about how she wants to get out of indies and do blockbusters.  She's  currently attached to a Narnia revival at Netflix, but with *Barbie* as big as it is, I don't see how she doesn't have a blank check to basically do whatever she wants, at least until she does a major flop.  Which is kind of exciting as she started in microbudget Mumblecore and has the Baumbach  connection, but I think has done enough that she's proven herself on her own, so it'd be interesting to see what she'll do with a blank check.",barbie,ACTOR_DIRECTOR_DISCOURSE,,,"so is greta gerwig the biggest director under 50 after this weekend?. she's had a critically lauded career, and *barbie* is not only genuinely good, but it was a really difficult film to pull off without being super generic.  she not only did it, but she did it while being genuinely funny and zigging when you expect it to zag.  it seems weird to say about a movie with a $150 opening, but it really feels like it's going to be one of those cult classic comedies that people are going to return to for years to come.

she's been vocal recently about how she wants to get out of indies and do blockbusters.  she's  currently attached to a narnia revival at netflix, but with *barbie* as big as it is, i don't see how she doesn't have a blank check to basically do whatever she wants, at least until she does a major flop.  which is kind of exciting as she started in microbudget mumblecore and has the baumbach  connection, but i think has done enough that she's proven herself on her own, so it'd be interesting to see what she'll do with a blank check."
It surprises me that Christopher Nolan being a literature graduate doesn’t have much subtext in his films,"It surprises me that Christopher Nolan being a literature graduate doesn’t know how to do subtext in his films

I recently read in an interview that Nolan studied literature, I can see how that translates into his writing which helps him structure the concepts he want to convey in films so effectively. But I’m surprised that he is not able to do subtext effectively in his films, or rather not so interested in it. 

This is not necessarily a bad thing, but his writing seems to be straightforward thematically, even his latest film Oppenheimer which I think is his most human doesn’t have much underlying themes to look for, best he does is raindrops to be metaphor for nuclear bombs.

Again I love his films but what I think is lacking in his films is more deeper subtext to be considering him among the greats. I’m curious to see what sort literature he was interested in during his graduate years",oppenheimer,ACTOR_DIRECTOR_DISCOURSE,,,"it surprises me that christopher nolan being a literature graduate doesn’t have much subtext in his films. it surprises me that christopher nolan being a literature graduate doesn’t know how to do subtext in his films

i recently read in an interview that nolan studied literature, i can see how that translates into his writing which helps him structure the concepts he want to convey in films so effectively. but i’m surprised that he is not able to do subtext effectively in his films, or rather not so interested in it. 

this is not necessarily a bad thing, but his writing seems to be straightforward thematically, even his latest film oppenheimer which i think is his most human doesn’t have much underlying themes to look for, best he does is raindrops to be metaphor for nuclear bombs.

again i love his films but what i think is lacking in his films is more deeper subtext to be considering him among the greats. i’m curious to see what sort literature he was interested in during his graduate years"
What writer/director do you want to see do something totally different?,"When it came out Taika was directing Thor/Nolan was doing Batman, I was surprised and a little skeptical both times. Both ended up reinvigorating the characters (let’s forget Love and Thunder). The Tarantino/Star Trek rumors were weird and exciting for a while until they got shot down (I think that’s over now?)


As a result, I’ve been interested in seeing gifted directors try weird stuff recently. Mine are Fincher doing fantasy or maybe a Wes Anderson zombie thriller, even though they might suck. Anyone else have directors they want to see try something out of the box?

Edit: Also, superhero fatigue be damned. I want to see Nolan join the MCU too",oppenheimer,ACTOR_DIRECTOR_DISCOURSE,,,"what writer/director do you want to see do something totally different?. when it came out taika was directing thor/nolan was doing batman, i was surprised and a little skeptical both times. both ended up reinvigorating the characters (let’s forget love and thunder). the tarantino/star trek rumors were weird and exciting for a while until they got shot down (i think that’s over now?)


as a result, i’ve been interested in seeing gifted directors try weird stuff recently. mine are fincher doing fantasy or maybe a wes anderson zombie thriller, even though they might suck. anyone else have directors they want to see try something out of the box?

edit: also, superhero fatigue be damned. i want to see nolan join the mcu too"
"While everyone is praising Nolan for shooting Oppenheimer in 100 percent IMAX, something no one is talking about is that Gareth Edwards and Greg Fraser shot their newest film entirely on a Sony FX3 which is a $4,000 prosumer camera. That to me is far more impressive.","I was watching the trailers for the Creator, which are awesome, and I was talking to a buddy about how great Gareth Edwards is with scale and how he shot his debut with camcorders. Apparently he shot his entirely new movie on a Sony FX3. If that's true and this movie does semi well then that's going to be an absolute gamechanger for the indie filmmaking community. Obviously, he had an elite DP in Greg Fraser and expensive lenses, sets, etc, but still to achieve this level of quality  from prosumer camera shows insane skill and capability of what digital filmmaking is capable of.",oppenheimer,ACTOR_DIRECTOR_DISCOURSE,,,"while everyone is praising nolan for shooting oppenheimer in 100 percent imax, something no one is talking about is that gareth edwards and greg fraser shot their newest film entirely on a sony fx3 which is a $4,000 prosumer camera. that to me is far more impressive.. i was watching the trailers for the creator, which are awesome, and i was talking to a buddy about how great gareth edwards is with scale and how he shot his debut with camcorders. apparently he shot his entirely new movie on a sony fx3. if that's true and this movie does semi well then that's going to be an absolute gamechanger for the indie filmmaking community. obviously, he had an elite dp in greg fraser and expensive lenses, sets, etc, but still to achieve this level of quality  from prosumer camera shows insane skill and capability of what digital filmmaking is capable of."
"At their respective peaks of acting, who is a better actor: Nicholas Cage or Tom Cruise?","I’m in a debate with a friend of mine and without revealing our sides, these are the main points on either side: 

Cage
- wider range of quality, but his upper third of acting outpaces cruise’s upper third 
- greater range from drama to comedy 
- won an Oscar, two nominations 


Cruise
- gross earnings is much higher 
- no Oscar, but four nominations 
- quality of film is consistently higher


Obvisouly they are two very different actors with different goals and sensibilities, but head to head, who do you think is better?",mission_impossible,ACTOR_DIRECTOR_DISCOURSE,,,"at their respective peaks of acting, who is a better actor: nicholas cage or tom cruise?. i’m in a debate with a friend of mine and without revealing our sides, these are the main points on either side: 

cage
- wider range of quality, but his upper third of acting outpaces cruise’s upper third 
- greater range from drama to comedy 
- won an oscar, two nominations 


cruise
- gross earnings is much higher 
- no oscar, but four nominations 
- quality of film is consistently higher


obvisouly they are two very different actors with different goals and sensibilities, but head to head, who do you think is better?"
What would you like to see Nolan do next?,"So after the pretty clear success of Oppenheimer what would you like to see him do next?

Back to original sci-fi like Inception and Interstellar or maybe even back to a more grounded style of film like Memento?

After seeing what he was able to do with Oppenheimer’s visions and PTSD/anxiety I would love to see him do a full on psychological thriller similar to Memento but really leaning into visuals he was able to create in Oppenheimer.",oppenheimer,ACTOR_DIRECTOR_DISCOURSE,,,"what would you like to see nolan do next?. so after the pretty clear success of oppenheimer what would you like to see him do next?

back to original sci-fi like inception and interstellar or maybe even back to a more grounded style of film like memento?

after seeing what he was able to do with oppenheimer’s visions and ptsd/anxiety i would love to see him do a full on psychological thriller similar to memento but really leaning into visuals he was able to create in oppenheimer."
Which do you prefer? Christopher Nolan or David Fincher,"I will admit often find myself confusing the two because they make movies with similar dark, gritty, psychological thriller tones. Obviously there are more similarities but it made me curious to hear other opinions on which is the superior filmmaker.

It is tough but personally I'd go Fincher just because I think his sense of humor resonates with me more. Specifically, the Winklevoss twins from Social Network. No disrespect to Zimmer but I also love the Trent Reznor + Fincher partnership as well.

It also may come down to which had the highest high and lowest low. Personally, Dark Knight blew my wig back the first time I saw it but I was supremely disappointed in Inception.",oppenheimer,ACTOR_DIRECTOR_DISCOURSE,,,"which do you prefer? christopher nolan or david fincher. i will admit often find myself confusing the two because they make movies with similar dark, gritty, psychological thriller tones. obviously there are more similarities but it made me curious to hear other opinions on which is the superior filmmaker.

it is tough but personally i'd go fincher just because i think his sense of humor resonates with me more. specifically, the winklevoss twins from social network. no disrespect to zimmer but i also love the trent reznor + fincher partnership as well.

it also may come down to which had the highest high and lowest low. personally, dark knight blew my wig back the first time i saw it but i was supremely disappointed in inception."
Where would you rank male leading men who were born in the 1960s,"Off the top of my head, i'm naming some leading men that happened to be born in the 60s

Tom Cruise, Brad Pitt, Sean Penn, Ed Norton, Russell Crowe, John Cusack, Don Cheadle, Johnny Depp, James Spader, Robert Downey Jr, Colin Firth, Hugh Grant, George Clooney and even more

how would you rank them or how would you place your top 5 of leading men born in that decade

For me, it'd be

1) Ed Norton

2) Russell Crowe

3) Sean Penn

4) Don Cheadle

5) Tom Cruise",mission_impossible,ACTOR_DIRECTOR_DISCOURSE,,,"where would you rank male leading men who were born in the 1960s. off the top of my head, i'm naming some leading men that happened to be born in the 60s

tom cruise, brad pitt, sean penn, ed norton, russell crowe, john cusack, don cheadle, johnny depp, james spader, robert downey jr, colin firth, hugh grant, george clooney and even more

how would you rank them or how would you place your top 5 of leading men born in that decade

for me, it'd be

1) ed norton

2) russell crowe

3) sean penn

4) don cheadle

5) tom cruise"
What are the differences between Ryan Gosling and Ryan Reynolds?,"I keep getting them mixed up and with this Barbie movie coming out I want to end this confusion once and for all.  

Which one played in The Notebook? Which one owns the telecom company? Which one played in Blade Runner? Which one is married to Blake Lively? Which one is in the “hey girl” meme? Which one is funnier? Which one is more handsome? Are there any similarities between the two?",barbie,ACTOR_DIRECTOR_DISCOURSE,,,"what are the differences between ryan gosling and ryan reynolds?. i keep getting them mixed up and with this barbie movie coming out i want to end this confusion once and for all.  

which one played in the notebook? which one owns the telecom company? which one played in blade runner? which one is married to blake lively? which one is in the “hey girl” meme? which one is funnier? which one is more handsome? are there any similarities between the two?"
Directors that don’t get the credit for their movies?,"This came to me as I decided to watch Steamboat Bill Jr and saw it wasn’t directed by Buster Keaton in the opening credits but Charles Reisner (though looking at IMDb it seems Keaton my have co-directed, uncredited.)

I think the most common example is The Nightmare Before Christmas being commonly credited to Tim Burton (who wrote and produced) rather than Henry Selick. 

I also think of Tom Cruise films recently, I don’t think anyone mistakes him for the director of the recent M:I films or Maverick but he does seem to get a lot of credit for pushing those films to their technical limits. 

Any others?",mission_impossible,ACTOR_DIRECTOR_DISCOURSE,,,"directors that don’t get the credit for their movies?. this came to me as i decided to watch steamboat bill jr and saw it wasn’t directed by buster keaton in the opening credits but charles reisner (though looking at imdb it seems keaton my have co-directed, uncredited.)

i think the most common example is the nightmare before christmas being commonly credited to tim burton (who wrote and produced) rather than henry selick. 

i also think of tom cruise films recently, i don’t think anyone mistakes him for the director of the recent m:i films or maverick but he does seem to get a lot of credit for pushing those films to their technical limits. 

any others?"
Denzel &amp; John David Washington will both have movies in theaters at the same time this September. Forget about Barbenheimer. The Equalizer 3 + The Creator = THE EQUALATOR,"Double Denzel Double Feature.

Too bad they don't come out on the same day!  Apparently this isn't even the first time this has happened.

The Equalizer 2 came out at the same time as BlacKkKlansman in 2018!

Denzel Washington is probably one of only a handful of actors left whose name alone will get me to buy a ticket to see the movie.  I loved both Equalizer movies.  I loved his more recent COVID-era movie The Little Things.  I'll be there opening night no matter what.

John David Washington's name doesn't exactly carry the same weight.  (I'm not sure any actor in this era ever will ever again to be honest).  But, The Creator looks like it may be a fantastic original film so I'm definitely going to give it a shot unless the reviews come back the same way the reviews for 65 did (another original film with a lot of promise that absolutely bombed and forced me to go see Cocaine Bear instead).

Would like to see these two team up in a father &amp; son action buddy-comedy.",barbie,ACTOR_DIRECTOR_DISCOURSE,,,"denzel &amp; john david washington will both have movies in theaters at the same time this september. forget about barbenheimer. the equalizer 3 + the creator = the equalator. double denzel double feature.

too bad they don't come out on the same day!  apparently this isn't even the first time this has happened.

the equalizer 2 came out at the same time as blackkklansman in 2018!

denzel washington is probably one of only a handful of actors left whose name alone will get me to buy a ticket to see the movie.  i loved both equalizer movies.  i loved his more recent covid-era movie the little things.  i'll be there opening night no matter what.

john david washington's name doesn't exactly carry the same weight.  (i'm not sure any actor in this era ever will ever again to be honest).  but, the creator looks like it may be a fantastic original film so i'm definitely going to give it a shot unless the reviews come back the same way the reviews for 65 did (another original film with a lot of promise that absolutely bombed and forced me to go see cocaine bear instead).

would like to see these two team up in a father &amp; son action buddy-comedy."
Famous Actors doing voice work for animated movies,"Does anyone care that an actor is voicing an animated character?  The new Teenage Mutant Ninja Turtles movie names the actors voicing the characters in the commercials; and all I can think is...""Who Cares?""   Are people really going to decide to see it because Jackie Chan, and John Cena are voicing mutants?

I just don't see the point in it.  The actor isn't in the movie, just their voice.  Is that really enough to be worth the price of hiring the actor and making their name part of the marketing?",tmnt,ACTOR_DIRECTOR_DISCOURSE,,,"famous actors doing voice work for animated movies. does anyone care that an actor is voicing an animated character?  the new teenage mutant ninja turtles movie names the actors voicing the characters in the commercials; and all i can think is...""who cares?""   are people really going to decide to see it because jackie chan, and john cena are voicing mutants?

i just don't see the point in it.  the actor isn't in the movie, just their voice.  is that really enough to be worth the price of hiring the actor and making their name part of the marketing?"
What’s your favorite Cillian Murphy performance,"With Oppenheimer about to come out I think one’s a good time to look back at Cillian Murphy’s career and his best performances 

Anyway I’ll probably always remember him as the Scarecrow in TDK trilogy and I really wish he got to be the main villain for one as he was incredibly unnerving even when just having a casual conversation",oppenheimer,ACTOR_DIRECTOR_DISCOURSE,,,"what’s your favorite cillian murphy performance. with oppenheimer about to come out i think one’s a good time to look back at cillian murphy’s career and his best performances 

anyway i’ll probably always remember him as the scarecrow in tdk trilogy and i really wish he got to be the main villain for one as he was incredibly unnerving even when just having a casual conversation"
Ryan Gosling- Why Isn't He a Superstar?,"The reviews for ""Barbie"" are mixed but one thing I'm reading over and over is how good Ryan Gosling is in. Some reviews say he steals the picture. And I'm not surprised. Gosling is enormously talented and extremely good looking. So why isn't he a Big Star? 

Is it because in the current entertainment environment Big Stars like Robert Redford, Paul Newman, Bruce Willis, Harrison Ford, et al can't be made anymore? Is it because Gosling himself chose to be selective about the work he does? A combination of the two?

I'm really interested in what people think. I myself pick up a reluctance on his part to become ""just another pretty face"" or do things just to earn a paycheck. And I know he's got a family. He's just so damn good that I don't understand why he's not a bigger star than he is.",barbie,ACTOR_DIRECTOR_DISCOURSE,,,"ryan gosling- why isn't he a superstar?. the reviews for ""barbie"" are mixed but one thing i'm reading over and over is how good ryan gosling is in. some reviews say he steals the picture. and i'm not surprised. gosling is enormously talented and extremely good looking. so why isn't he a big star? 

is it because in the current entertainment environment big stars like robert redford, paul newman, bruce willis, harrison ford, et al can't be made anymore? is it because gosling himself chose to be selective about the work he does? a combination of the two?

i'm really interested in what people think. i myself pick up a reluctance on his part to become ""just another pretty face"" or do things just to earn a paycheck. and i know he's got a family. he's just so damn good that i don't understand why he's not a bigger star than he is."
What happened to Chris Nolan and Hans Zimmer's partnership?,"They used to be the most dynamic director/composer duo in Hollywood.  It felt like they were unstoppable, creating one iconic moment after another.  The Joker music in The Dark Knight, the invention of the BWAAAAMP in Inception (remember this was an idea that came from the script!).  Obviously the Interstellar score was instantly iconic.  

Such a bummer they're no longer working together.",oppenheimer,ACTOR_DIRECTOR_DISCOURSE,,,"what happened to chris nolan and hans zimmer's partnership?. they used to be the most dynamic director/composer duo in hollywood.  it felt like they were unstoppable, creating one iconic moment after another.  the joker music in the dark knight, the invention of the bwaaaamp in inception (remember this was an idea that came from the script!).  obviously the interstellar score was instantly iconic.  

such a bummer they're no longer working together."
