title,text,movie,final_annotation,Unnamed: 4,round1,combined
Barbie releases at the perfect moment in time,"Barbie is gonna be the no.1 or even the no.2 movie of the year and there are several reasons for it. Most people, even if big parts of Reddit try to deny it, but it is undeniable, that currently the tides are swaying and Moviegoers are tired of the typical girlboss lead character without flaws and Barbie is the perfect counterprogramming. 

Current trends like bimboism, where women aren't afraid of just enjoying shopping, being ditzy and typical female stuff are becoming huge on social media and Barbie is that basically personified. It's gonna be a safe, nice and fun movie and that is just everything it needs to be. For that reason I do think that movie is gonna have monster legs and Captain Marvel will underperform massively. We're past the age of deconstructing our heroes and make them sad and old and suicidal and we're past the age of serious, stoic, mary sue female protagonists. The masses want human, positive, hopeful characters to follow, not robots and they don't wanna be lectured in every movie

Sometimes I feel when estimating box office, most people on this sub forget the current mindset of the audience and think too small or too much about how they would wand the world to respond, not how it actually is",barbie,CULTURE_IDEOLOGY,AUDIENCE_EXPERIENCE,CULTURE_IDEOLOGY,"barbie releases at the perfect moment in time. barbie is gonna be the no.1 or even the no.2 movie of the year and there are several reasons for it. most people, even if big parts of reddit try to deny it, but it is undeniable, that currently the tides are swaying and moviegoers are tired of the typical girlboss lead character without flaws and barbie is the perfect counterprogramming. 

current trends like bimboism, where women aren't afraid of just enjoying shopping, being ditzy and typical female stuff are becoming huge on social media and barbie is that basically personified. it's gonna be a safe, nice and fun movie and that is just everything it needs to be. for that reason i do think that movie is gonna have monster legs and captain marvel will underperform massively. we're past the age of deconstructing our heroes and make them sad and old and suicidal and we're past the age of serious, stoic, mary sue female protagonists. the masses want human, positive, hopeful characters to follow, not robots and they don't wanna be lectured in every movie

sometimes i feel when estimating box office, most people on this sub forget the current mindset of the audience and think too small or too much about how they would wand the world to respond, not how it actually is"
Snow White 2023 remake info,"Here's everything you should know about the new Disney Live Action remake of their classic Snow White for the next generation of youth and fans:

Rachel Ziegler is portraying the titular character. 

Marc Webb is directing the film. 

Greta Gerwig wrote the screenplay. 

After Peter Dinklages comments about how he was offended by the portrayal of the dwarves, Disney has gone ahead and changed them in the story to make it more modern by removing the mine working and them being actual dwarves as well. 

The ""Dwarves"" are said to be her friends now instead of what they were originally and diverse so they can avoid stereotypes in our climate now. 

Prince Charming is no longer a character in the story, and instead replaced by a character named Johnathon who will serve the same purpose in it.

The kiss to awaken Snow White is being replaced for the movie, because it's been deemed offensive. 

Gal Gadot will be playing the Evil Queen who's jealous of Snow Whites beauty and her own vanity. 

The movie is being described as a ""modern"" take on the story.",barbie,CULTURE_IDEOLOGY,,CULTURE_IDEOLOGY,"snow white 2023 remake info. here's everything you should know about the new disney live action remake of their classic snow white for the next generation of youth and fans:

rachel ziegler is portraying the titular character. 

marc webb is directing the film. 

greta gerwig wrote the screenplay. 

after peter dinklages comments about how he was offended by the portrayal of the dwarves, disney has gone ahead and changed them in the story to make it more modern by removing the mine working and them being actual dwarves as well. 

the ""dwarves"" are said to be her friends now instead of what they were originally and diverse so they can avoid stereotypes in our climate now. 

prince charming is no longer a character in the story, and instead replaced by a character named johnathon who will serve the same purpose in it.

the kiss to awaken snow white is being replaced for the movie, because it's been deemed offensive. 

gal gadot will be playing the evil queen who's jealous of snow whites beauty and her own vanity. 

the movie is being described as a ""modern"" take on the story."
"Barbie 2023 is unironically my most anticipated movie of the year, and here's why.","A question that is asked by many every year, and that question is ""What is Your Most Anticipated Movie of this Year?"" Which in reality, is a hard question many people have many different taste, and the outcome of the movie is always unknown. Sometimes you lucky and it ends up being good, if not great, others....well, not so much. 

And this year is no exception, if you were to ask anyone last December or the beginning of 2023 what there most anticipated movies of 2023 was, they probably give an answer like Oppenheimer, or Dune Part 2, or David Finchers The Killer, or that Creator movie with John David Washington, or even something more fanboyish like Mission Impossible: Dead Reckoning Part One, or John Wick Chapter 4, or Guardians of the Galaxy Vol. 3, or Across the Spider-verse, or Indiana Jones and the Dial of Destiny.

All reasonable answers, at least for the time in Indy 5's case. But for me, it may sound weird. But I have had the exact same answer, ever since I saw the teaser trailer for Greta Gerwigs, Barbie, Starring Margot Robbie and Ryan Gosling. This is my most anticipated movie of 2023. But why? Why is this seemingly run of the mill by the numbers summer blockbuster, based on a property i was honestly never the biggest fan of to begin with? Why this movie? Well....for a few reasons.

The first reason is, well, obviously, the teaser trailer. Which is literally just a parody of 2001: A Space Oddesy, with footage from the film only being shown in short snippets at the end. It does everything a teaser trailer, not give away the movies plot, if not show little to nothing from the actual film, while still giving an idea of what the tone, feel, and style is going for, in this case, a zanny, colorful, upbeat, and over the top yet still very much lighthearted and in some ways feel good comedy, and while I've been trying to avoid later advertisements to keep myself as surprised as humanly possible going in, from what I've heard, the later ads only confirm what I thought from the first teaser trailer.

The set photos and official stills prior to the first teaser trailer, also helped alot. I mean, going back at looking at them, they were just so colorful and yet gave very little away. They peaked my interests, especially the ones with Barbie and Ken on the Rollerblades wearing that technicolor jump suits. The other reason I am hyped is just how colorful it looks, and do I even need to explain why, just look at it. Everything about not only screams Barbie, but the colors pop, and you can tell they put a lot of effort in the set design, especially for Barbieland.

Another thing, is that the premise sounds like the crazy and over the top type of films I like, and let me just say...I love me some over the top concepts, it's the same reason why Barb &amp; Starr is in my top ten favorite movies of 2021, same with The Unbearable Weight of Massive Talent for 2022, and the same reasons why films like The Big Lebowski and Fear and Loathing in Las Vegas are some of my favorite movies of all time. I appreciate films that just have really weird concepts and ideas, and are able to turn them into something truly special, as well something that still resembles a cohesive film, as well as a great film, and Barbie from the looks of it is not different.

The idea of Barbie leaving to the human learn the truth of her existence and the real world as well as possibly save Barbieland if the Cinemacon description is to be believed sounds so crazy it just make work. Yeah it also seems like a fish out of water, but honestly I'm okay with that, most of of the film from the small glimpses I've seen on the commercials for it on TV seem to still be mostly set in Barbieland anyways, and even if it isn't, just because it's a fish out of water story, doesn't automatically mean it'll be bad or generic or run of the mill/by the numbers. For example, Elf and Enchanted are fish out of water stories, and there still great films in there own right. Barbie looks like it'll be up the same alley as that, and I have faith that it will be good, and the reason is my next point...

Greta Gerwig. Greta Gerwig, for a premise like this, is the perfect director. Gerwigs films like Lady Bird and Little Women were stories about women. Not just that, but the relationships between women and the struggles they face of trying to adapt to our world and she brings depth to her roles in front of the camera, always finding a balance between dramatic and comedic. This already makes her the perfect director for this type of films premise, a story about Barbie and by extension Ken leaving Barbieland and discovering the real world, only to discover its not as glamorous as she once thought, and the ideas of women now being very different to what it was when Mattel first introduced Barbie, which I think could make an interesting character study.

Now yes, it will obviously still be played up for laughs, but I imagine it could be a lot like Elf, where it is a family comedy, yes, but it can still be seen as a character study about a person thrown from a almost dream like fantasy land, into our real world and seeing what they get up too. Ironically, Will Ferrell, buddy the Elf himself, will be in this as the CEO of Mattel which I honestly think is pretty funny. Not to mention Gerwig character writing a directing could work wonders for this film. Plus, after Lego Movie proved that you can a movie about almost anything and everything as long as you have passion, love, heart, effort, and care put into it, there's no reason why this movie can't be great, and knowing She directing it, I think it will be.

Overall, for these reasons, on top of the stellar cast, the fact that we really need happy movies again in times like these, the colorful visuals and set design and wardrobe, and Ryan Gosling playing a character who isn't a sad and depressing loner male. Barbie is my number 1 most anticipated movie of 2023. An unorthodox choice, yes, but for an unorthodox movie that looks so damn good. I say, come on Barbie let's go party.",barbie,CULTURE_IDEOLOGY,MARKETING_HYPE,MARKETING_HYPE,"barbie 2023 is unironically my most anticipated movie of the year, and here's why.. a question that is asked by many every year, and that question is ""what is your most anticipated movie of this year?"" which in reality, is a hard question many people have many different taste, and the outcome of the movie is always unknown. sometimes you lucky and it ends up being good, if not great, others....well, not so much. 

and this year is no exception, if you were to ask anyone last december or the beginning of 2023 what there most anticipated movies of 2023 was, they probably give an answer like oppenheimer, or dune part 2, or david finchers the killer, or that creator movie with john david washington, or even something more fanboyish like mission impossible: dead reckoning part one, or john wick chapter 4, or guardians of the galaxy vol. 3, or across the spider-verse, or indiana jones and the dial of destiny.

all reasonable answers, at least for the time in indy 5's case. but for me, it may sound weird. but i have had the exact same answer, ever since i saw the teaser trailer for greta gerwigs, barbie, starring margot robbie and ryan gosling. this is my most anticipated movie of 2023. but why? why is this seemingly run of the mill by the numbers summer blockbuster, based on a property i was honestly never the biggest fan of to begin with? why this movie? well....for a few reasons.

the first reason is, well, obviously, the teaser trailer. which is literally just a parody of 2001: a space oddesy, with footage from the film only being shown in short snippets at the end. it does everything a teaser trailer, not give away the movies plot, if not show little to nothing from the actual film, while still giving an idea of what the tone, feel, and style is going for, in this case, a zanny, colorful, upbeat, and over the top yet still very much lighthearted and in some ways feel good comedy, and while i've been trying to avoid later advertisements to keep myself as surprised as humanly possible going in, from what i've heard, the later ads only confirm what i thought from the first teaser trailer.

the set photos and official stills prior to the first teaser trailer, also helped alot. i mean, going back at looking at them, they were just so colorful and yet gave very little away. they peaked my interests, especially the ones with barbie and ken on the rollerblades wearing that technicolor jump suits. the other reason i am hyped is just how colorful it looks, and do i even need to explain why, just look at it. everything about not only screams barbie, but the colors pop, and you can tell they put a lot of effort in the set design, especially for barbieland.

another thing, is that the premise sounds like the crazy and over the top type of films i like, and let me just say...i love me some over the top concepts, it's the same reason why barb &amp; starr is in my top ten favorite movies of 2021, same with the unbearable weight of massive talent for 2022, and the same reasons why films like the big lebowski and fear and loathing in las vegas are some of my favorite movies of all time. i appreciate films that just have really weird concepts and ideas, and are able to turn them into something truly special, as well something that still resembles a cohesive film, as well as a great film, and barbie from the looks of it is not different.

the idea of barbie leaving to the human learn the truth of her existence and the real world as well as possibly save barbieland if the cinemacon description is to be believed sounds so crazy it just make work. yeah it also seems like a fish out of water, but honestly i'm okay with that, most of of the film from the small glimpses i've seen on the commercials for it on tv seem to still be mostly set in barbieland anyways, and even if it isn't, just because it's a fish out of water story, doesn't automatically mean it'll be bad or generic or run of the mill/by the numbers. for example, elf and enchanted are fish out of water stories, and there still great films in there own right. barbie looks like it'll be up the same alley as that, and i have faith that it will be good, and the reason is my next point...

greta gerwig. greta gerwig, for a premise like this, is the perfect director. gerwigs films like lady bird and little women were stories about women. not just that, but the relationships between women and the struggles they face of trying to adapt to our world and she brings depth to her roles in front of the camera, always finding a balance between dramatic and comedic. this already makes her the perfect director for this type of films premise, a story about barbie and by extension ken leaving barbieland and discovering the real world, only to discover its not as glamorous as she once thought, and the ideas of women now being very different to what it was when mattel first introduced barbie, which i think could make an interesting character study.

now yes, it will obviously still be played up for laughs, but i imagine it could be a lot like elf, where it is a family comedy, yes, but it can still be seen as a character study about a person thrown from a almost dream like fantasy land, into our real world and seeing what they get up too. ironically, will ferrell, buddy the elf himself, will be in this as the ceo of mattel which i honestly think is pretty funny. not to mention gerwig character writing a directing could work wonders for this film. plus, after lego movie proved that you can a movie about almost anything and everything as long as you have passion, love, heart, effort, and care put into it, there's no reason why this movie can't be great, and knowing she directing it, i think it will be.

overall, for these reasons, on top of the stellar cast, the fact that we really need happy movies again in times like these, the colorful visuals and set design and wardrobe, and ryan gosling playing a character who isn't a sad and depressing loner male. barbie is my number 1 most anticipated movie of 2023. an unorthodox choice, yes, but for an unorthodox movie that looks so damn good. i say, come on barbie let's go party."
‘Barbie’ Banned In Vietnam Over Map Showing China’s Claims In South China Sea,Vietnam has banned commercial screenings of Warner Bros’ Barbie due to a scene that depicts a map of the South China Sea with the “nine-dash line” that is contested by the Vietnamese government.,barbie,CULTURE_IDEOLOGY,,CULTURE_IDEOLOGY,‘barbie’ banned in vietnam over map showing china’s claims in south china sea. vietnam has banned commercial screenings of warner bros’ barbie due to a scene that depicts a map of the south china sea with the “nine-dash line” that is contested by the vietnamese government.
Can someone please explain the obsession and fan base around “sound of freedom?”,"I’m really not getting it. In the last week any movie related article I see on Facebook, especially any about Barbie or Oppenheimer the comment section is flooded with people commenting all about sound of freedom and how it’s the superior film in box office and the most important film in history blah blah blah. I’ve never seen such a belligerent die hard fan base for a movie especially one about child sex trafficking, I got called a legit pedophile and attacked online for calling the movie overhyped. I’m just really confused why so many people are massively fan boying over this movie to the point of labelling any non fans pedos?",barbie,CULTURE_IDEOLOGY,,CULTURE_IDEOLOGY,"can someone please explain the obsession and fan base around “sound of freedom?”. i’m really not getting it. in the last week any movie related article i see on facebook, especially any about barbie or oppenheimer the comment section is flooded with people commenting all about sound of freedom and how it’s the superior film in box office and the most important film in history blah blah blah. i’ve never seen such a belligerent die hard fan base for a movie especially one about child sex trafficking, i got called a legit pedophile and attacked online for calling the movie overhyped. i’m just really confused why so many people are massively fan boying over this movie to the point of labelling any non fans pedos?"
Cue the Outrage: 'Barbie' is the Gayest Film of the Year,"And I thought Nimona was going to be the gayest film I saw this year...

I saw Barbie earlier today in a theater packed with every single white woman and gay man that live in my city. I haven't seen a crowd this hyped up for a movie since Endgame. The audience fucking loved this movie and I was right there with them. Barbie as a film is doing so much that it's hard to really take it in. The film is clunky at times especially towards the middle of the film but this actually works to it's benefit in a weird way. Barbie is so flamboyant and over the top that it instantly falls into camp. So the awkward delivery of its central films works because everything else is so direct and in your face, why not this? I have so many thoughts on the film so I'll try to organize them as best as possible here:

-The Kens collective journey in the film feels like a coming out story. In the beginning, they distilled their identities into obtaining affection from women and then being noticed by other men for having the women. There is this undercurrent of sexual angst and confusion the Kens seem to collectively have that results in them constantly competing for each other or meekly craving for another Ken's approval in the background. Ken bringing patriarchy to Barbieland is the campiest most over the top portrayal of masculinity. It very much feels like what a closeted gay man trying to fit into heterosexual society thinks straight men are like.  Kingsley Ben-Adir's shy twink character always holding sports balls but having zero idea what they're for heightens this affect. Finally the Kens give into their feelings for other Kens, demonstrated by rage that turns into the erotic. Kens are now doing ballet with each other and embracing one other. Stereotypical Ken finally stops tying his worth to possessing women and resolves to discover who he really is. He bequeaths the symbol of the patriarchy to another man, the Ken not so secretly obsessed with him. This is not the only reading of the film and I'm quite sure other people will have less queercentric takes on this, those are valid too. But damn this movie was really gay. 

-The homoeroticism was inherent to the Kens, both in the movie and the actual doll, from the start and honestly has always been a part of Ken's public image so it would seem strange not to include it. The Kens make threats to 'beach' each other off. One Ken is constantly cowering behind and silently adoring Stereotypical Ken. The Kens seem to care more about showing off for each other and winning the approval and attention of other Kens at times than Barbies. It very much reminded me of the boys in high school who weren't quite sure who they were and couldn't explain why they were inexplicably drawn to other men. The most self-aware Barbie that isn't played by Margot Robbie is played by comedic genius and noted lesbian Kate  McKinnon. She doesn't shy away from not so subtly flirting with Stereotypical Barbie and shows her the path to happiness outside of trying to live up to an unattainable level of perfection. She's the only Barbie who embraces living outside of traditional femininity and she offers up her home as a play for other Barbies off the beaten path and those incredibly gay discontinued Kens. She literally creates a safe space for queerness. 

-This film feels like 'But I'm a Cheerleader' on steroids. When the Kens were doing their dream ballet on a glowing surface of baby blue and carnation pink, I couldn't help but think of how stereotypical and distilled gender roles were portrayed in the former film. In fact, this film owes a lot to New Queer Cinema in it's exploration of gender roles and male socialization. When the Kens are fully liberated they dress in a way that wouldn't be too off from fashions I've seen at Pride weekends. Their short shorts and crop tops that adorn all of their perfectly sculpted bodies coupled with their outlandish portrayal of masculinity felt like something John Waters would do. The three Kens looking like they just came from a really fun circuit party discussing what they should against the other Kens felt like me and my gay friends deciding what we're doing for the weekend. The queer energy was so strong and it makes entire sense why it's that way. There has always been this undercurrent of homoeroticism that belies ideals about masculinity and the praising of said masculinity. I kept waiting for one Ken to declare his love to the other Ken. Maybe in the sequel. 

-For as much as the film dissected the male gaze in the real world, I thought it was very interesting how a lot of the sexualized comments delivered to Barbie weren't actually just delivered to her. If you pay attention the lecherous men are absolutely looking at Ken too. He didn't notice it for what it was because of course he wouldn't but I do like how ambiguous it was. You could and I did read it as showing how the male gaze can objectify men too. I've long said if you wanna observe masculinity and men in a vacuum just go to any gayborhood and grab some popcorn. After all, Ken is perfect. He's a chiseled blonde, blue eyed Adonis that many men wish they could be and many men want to be with. There is a lot to say about how our society also promotes unrealistic beauty standards for men as well. Every superhero film actor gently skirts around the topic of PEDs and steroids when asked about their transformations and proport to be completely natural. This film doesn't delve too deeply into that but it would've been interesting to see Ken meet men in the real world who had a negative view of what he represented. Ken has a great arc as it is but I think there was a scene missing where Ken sees that a male dominated world means a lot more is expected of men too. Also I bet the Asian and Black Kens would have had WILDLY different experiences than Stereotypical Ken and I would've been very interested in seeing how they reacted to that. Imagine going from a world where you don't even know what race is to 'put your hands behind your back, you fit a description'. You could've played it for camp but it would've been interesting commentary. The film largely sidesteps race as it relates to gender and I get it. It was written by two white people who probably felt like it wasn't their place to speak for non white men and women. I was definitely satisfied with what we got. 

-America Ferrera is going to be nominated for Best Supporting Actress at the Oscars which I am not upset by and I'll be glad if she wins. I was not expecting her to be the heart of the film nor to be the one who consistently brought the house down with her speeches. My audience literally burst into applause near the end of her first monologue. Was it about as subtle as a kick to the balls? Yes. Was it preachy? Also yes. Did it fit the tone of the film? Absolutely! Like I said earlier, almost nothing else in this film is shy nor subtle. It is screeching everything at you at all times. Everything presented is its most heightened, exaggerated and distilled version of itself. So why wouldn't the way it communicates its main thesis be this way? I can absolutely understand if you didn't vibe with the way her character was handled. It was very on the nose and in your face, but I thought having Gloria be the one to deprogram the Barbies was a great twist. Her presence in the film helped anchor it emotionally because I really do think that Barbieland is something to be digested in bites. If the third act was Stereotypical Barbie and the other Rogue Barbies doing this alone, it may have gotten very old very fast. Ferrera brought a humanity to the last third of the film that it desperately needed. 

-Speaking of maximalism, this film wouldn't work at all if the production design, costume design and hairstyling and makeup weren't on point. The first fifteen minutes of the movie where it's just pure 100% cheese was perfection and the look of Barbieland has everything to do with that. They made you want to live in Barbieland which made it all the more disturbing when Ken brings all of that to its knees. The costuming was god-tier. Many of the outfits Barbie wears in the film are inspired by actual outfits the doll has debuted. The costumes also tell a story though. In the beginning, the Barbies are dressed modestly yet still as traditionally feminine as possible. Every Barbie is hyper competent but also still hyperfeminine and none of them stray from that. Kendom sees them lose the modesty but keep the exaggeration of womanhood. After the Barbies are deprogrammed, their costumes are much more casual. We see more Barbies in jeans and sensible shoes. The actual presentation of Barbieland is a neon washed dreamland that has a hint of darkness to it. Parts of it felt like a flash game from the early 2000s. The cartoonish sparkles and dust that appeared whenever the characters did anything, the way they flung through the air like a child playing with dolls, the way Barbie falls over when she's absolutely at her lowest and Weird Barbie's entire existence was a marvel of great effects and editing. The editing in this film did wonders for selling the concept of Barbieland but also Barbie herself. In particular, I'm thinking of the moment where Barbie finally finds Sasha and introduces herself. Barbie is highly saturated and brightly colored yet the real world around her is shades of brown, grey and black. Her hyper realized form of womanhood visually clashes with the down to earth vibe of women in the real world. We see plenty of attractive women in the real world, but none of them are presented as overly glamorous. Only Barbie struts around as a manifestation of unrealistic beauty standards. The film itself pokes fun at this with Helen Mirren's narrator pointing out the folly of casting Margot Robbie as a woman who doesn't represent idealized perfection.

-The music for this movie was top notch in every respect. The actual score bounced between campy and cartoonish with accented 'aah's' and 'la's'  in the score and the eerie and reflective. Ken had a musical motif that was very unsettling but felt appropriately childish at the same time. As his character began to become distorted by the real world, so did his motif until it exploded into his own rock ballad. The music actually written for this film was equally fantastic. The Lizzo song that goes from fun dance party to existentialist nightmare was glorious. I've heard Dance the Night a lot this summer but seeing it in context was something else to behold. This film did the impossible by getting me to like a Billie Eilish song. And of course, I'm Just Ken is a fun glossy emotional bop that I'm sure will get nominated for an Oscar. 

-Will Ferrell is perfectly serviceable in this movie. I know that reaction to his inclusion has been mixed but I personally enjoyed his role in the film. I liked the twist that he wasn't just a soulless CEO but he did genuinely care about empowering women, albeit in the most misguided way possible. Him being in the film very much helped amplify the strong mid 2000's vibe this film had going for it. I will admit that the Mattel executives don't add a ton to the plot but they do build upon the themes in that it is possible for men to still uplift and support women, even at their own cost. Ferrell is adamant about returning order to the way things are even thought Ken's Major Domo Gloryhole Bathhouse Whatever is selling like hotcakes. I thought that was a very nice touch. 

-Ryan Gosling has deservedly gotten much praise for playing Stereotypical Ken but the other actors playing Ken deserve equal praise. Simu Liu plays an excellent jockish bro who has an obsession with another Ken for reasons he can't quite explain. Seeing Kingsley Ben-Adir go from playing the very ruthless and coldblooded Gravik in Secret Invasion to a super bottomy Ken doll hopelessly in love with another Ken doll was a wild ride. Michael Cera was the perfect accent to the sickening sweet performance of traditional gender roles. Also I cannot believe they got Sugar Daddy Ken and Magic Earring Ken into the movie. It was interesting how the Kens that were queer coded the most were the ones to instantly side with the Barbies. It makes sense because the patriarchy doesn't really serve them much if they want to be themselves.  Alan is the only one of him because he knows who he is and thus doesn't want to be a part of Kendom. Alan is essentially what it felt like to be the only openly gay guy in high school in 2005. He even wears a mesh top to the dance party. The Kens fighting on the beach had so many lustful shots of men's perfect muscular bodies heaving against one another and committing acts of athletic prowess. It was so sanitized and childlike yet so inherently horny that it brought me back to being that confused gay boy in the locker rooms back in '04.

-I appreciated how diverse the Barbies themselves were but they did something interesting with the idea. There's Barbies of every race and ethnicity but this is never brought up nor is race much of a focus at all in this film. There's a trans Barbie but she's treated no differently than any other Barbie. There's a fat Barbie who is treated as if she's just as perfect and beautiful as the other Barbies. There's a wheelchair bound Barbie but she's not relegated to being in the background or on the margins of society. Her disability will never actually be an issue in Barbieland. Each woman while representing a different type of woman is still the most perfect version of that woman. I was expecting us to be in for a real bad time when Ken took over but to my surprise the Barbies of different races, gender identities and disabilities were not treated any different from the white able bodied Barbies in that they were all treated like mindless objects. Kendom was actually quite progressive in that regard although had the Kens continued to rule who knows how that would've eventually shook out. It also underscored how Stereotypical Ken was less malicious but was moreso acting out due to not really knowing his place in the world and still craving Barbie's attention. 

-Margot Robbie and Ryan Gosling were perfect castings for this film and so much of it works largely due to how invested in it they were. Margot Robbie gets to show off every tool in her acting toolbox for the first time since I, Tonya. It's hilarious that a Barbie film is probably her best and most fleshed out role to date. Ryan Gosling as adorable himbo Ken was one of the many highlights of the movie. They knew exactly what they were doing getting this very masculine and muscular man to act like an immature closeted frat boy while his body was on display for two hours. Ken making me feel all the feels while a bunch of Kens campishly shout 'Boy's Night' was quite an experience. Margot Robbie has been called a human Barbie doll before in her career so casting her as  'the Barbie you think of when you think Barbie' was sublime. She gives a performance that bounces back between pure camp to existentialist horror to straight dramatic on the dime and sometimes within the same scene. 

-The film's tone was incredibly disjointed and this actually worked for me but I can see how it wouldn't for others. Some people feel as if the story itself was disjointed and I'm gonna pushback on them there. If you view the story in vacuum, all of the beats make absolute sense. How these beats are executed is where things get a little dodgy. The campiness of the first fifteen to twenty minutes juxtaposed with the emotional rollercoaster of the last third of the film was brilliant. It unpacked everything that was set up in the first part of the film and the ending felt satisfying. The middle portion is where it dragged a bit. My personal head cannon is that the board of executives is all Kens that escaped into the real world. These portions in a vacuum work fine but the problem is they're sandwiched between touching moments of Barbie discovering the beauty of life and the symbol of Barbie defending herself from the criticism the brand has received for years. That last portion also feels very much like Mattel slipping the screenwriters some notes because it reads exactly how I'd expect a multinational corporation to defend itself. It's poking fun at consumerism and unrealistic standards for women, both of which it aides and abets, but it's also going to make money hand over fist by selling Kenough sweaters. It's the classic game of playing both sides against the middle to ensure they win no matter what. The intense presentation of the film helps me ignore this problem but I never truly forgot it. There is a lot to be said about how capitalism creates unhealthy beauty standards and portrayals of gender roles. This film respectfully tips its hat to that school of thought but never applies it in earnestness. But why would it? It's still a film about Barbie after all.

-I did find it somewhat disappointing that the film dropped the plot point about Barbie distraught that she actually hasn't done as much for women as she thought. She never brings this up to the other Barbies nor do they interact with the real world. This was actually disappointing to me. I feel like the various Black Barbies would've definitely had a much different experience than Stereotypical Barbie. President and Writer Barbie might find the Real World to be a much harsher place on multiple levels than Stereotypical Barbie. Doctor Barbie is also an interesting case because the actress is trans but no one addresses that in-universe. Were they a Ken that decided to become a Barbie? Does this imply the existence of transmasc Ken? I wonder how she or Lawyer Barbie would view the real world. That's something worth exploring and showing how while sexism affects all women, there are definitely curves and bends to this. These are all hooks for the sequel I'm quite sure we'll be getting in about four years or whenever the strike ends. 

-The segments with Ruth Handler's ghost were a great idea that had even better execution. The harsh cut from this girl power theme blaring over Barbie outwitting a small army of businessmen was very well done. The genuine touching moment of Barbie meeting what is essentially God to her kept the film from feeling too cartoonish. It reminded you that this film is still about something at the end of the day. Barbie choosing to be a real woman with all that entails instead of just being an idea was incredibly moving and I did not expect to cry at a Barbie movie. Rhea Pearlman gives probably the best performance of her entire career, again in a fucking Barbie movie. This film surprisingly had a lot to say about humanity and self worth and what it means to be alive. It's hard to believe that touching scenes like this are preceded by Will Ferrell giving us exactly what he's been giving for twenty years and succeeded by Barbie proudly going to a gynecologist. Again that tonal shift will not be everyone's cup of tea, but it was very much mine. 

Overall, I found Barbie to be a film that was much better than it honestly had any right to be. The performances were top notch. The production value was INSANE, the music was distinct and fun, the messages were timely and also very direct. It has flaws like some unneeded padding and tonally it could've been a lot smoother. But those issues didn't really bring down my experience as a whole. I do wonder about the scores of parents who brought their kids to this only for Barbie to have an existential crisis and loudly declare she doesn't have a vagina. There's gonna be a lot of kids asking their parents about 'what happens when we die?' and 'why are we born?' Good luck y'all. I give it a 9/10. Instant classic.",barbie,CULTURE_IDEOLOGY,,CULTURE_IDEOLOGY,"cue the outrage: 'barbie' is the gayest film of the year. and i thought nimona was going to be the gayest film i saw this year...

i saw barbie earlier today in a theater packed with every single white woman and gay man that live in my city. i haven't seen a crowd this hyped up for a movie since endgame. the audience fucking loved this movie and i was right there with them. barbie as a film is doing so much that it's hard to really take it in. the film is clunky at times especially towards the middle of the film but this actually works to it's benefit in a weird way. barbie is so flamboyant and over the top that it instantly falls into camp. so the awkward delivery of its central films works because everything else is so direct and in your face, why not this? i have so many thoughts on the film so i'll try to organize them as best as possible here:

-the kens collective journey in the film feels like a coming out story. in the beginning, they distilled their identities into obtaining affection from women and then being noticed by other men for having the women. there is this undercurrent of sexual angst and confusion the kens seem to collectively have that results in them constantly competing for each other or meekly craving for another ken's approval in the background. ken bringing patriarchy to barbieland is the campiest most over the top portrayal of masculinity. it very much feels like what a closeted gay man trying to fit into heterosexual society thinks straight men are like.  kingsley ben-adir's shy twink character always holding sports balls but having zero idea what they're for heightens this affect. finally the kens give into their feelings for other kens, demonstrated by rage that turns into the erotic. kens are now doing ballet with each other and embracing one other. stereotypical ken finally stops tying his worth to possessing women and resolves to discover who he really is. he bequeaths the symbol of the patriarchy to another man, the ken not so secretly obsessed with him. this is not the only reading of the film and i'm quite sure other people will have less queercentric takes on this, those are valid too. but damn this movie was really gay. 

-the homoeroticism was inherent to the kens, both in the movie and the actual doll, from the start and honestly has always been a part of ken's public image so it would seem strange not to include it. the kens make threats to 'beach' each other off. one ken is constantly cowering behind and silently adoring stereotypical ken. the kens seem to care more about showing off for each other and winning the approval and attention of other kens at times than barbies. it very much reminded me of the boys in high school who weren't quite sure who they were and couldn't explain why they were inexplicably drawn to other men. the most self-aware barbie that isn't played by margot robbie is played by comedic genius and noted lesbian kate  mckinnon. she doesn't shy away from not so subtly flirting with stereotypical barbie and shows her the path to happiness outside of trying to live up to an unattainable level of perfection. she's the only barbie who embraces living outside of traditional femininity and she offers up her home as a play for other barbies off the beaten path and those incredibly gay discontinued kens. she literally creates a safe space for queerness. 

-this film feels like 'but i'm a cheerleader' on steroids. when the kens were doing their dream ballet on a glowing surface of baby blue and carnation pink, i couldn't help but think of how stereotypical and distilled gender roles were portrayed in the former film. in fact, this film owes a lot to new queer cinema in it's exploration of gender roles and male socialization. when the kens are fully liberated they dress in a way that wouldn't be too off from fashions i've seen at pride weekends. their short shorts and crop tops that adorn all of their perfectly sculpted bodies coupled with their outlandish portrayal of masculinity felt like something john waters would do. the three kens looking like they just came from a really fun circuit party discussing what they should against the other kens felt like me and my gay friends deciding what we're doing for the weekend. the queer energy was so strong and it makes entire sense why it's that way. there has always been this undercurrent of homoeroticism that belies ideals about masculinity and the praising of said masculinity. i kept waiting for one ken to declare his love to the other ken. maybe in the sequel. 

-for as much as the film dissected the male gaze in the real world, i thought it was very interesting how a lot of the sexualized comments delivered to barbie weren't actually just delivered to her. if you pay attention the lecherous men are absolutely looking at ken too. he didn't notice it for what it was because of course he wouldn't but i do like how ambiguous it was. you could and i did read it as showing how the male gaze can objectify men too. i've long said if you wanna observe masculinity and men in a vacuum just go to any gayborhood and grab some popcorn. after all, ken is perfect. he's a chiseled blonde, blue eyed adonis that many men wish they could be and many men want to be with. there is a lot to say about how our society also promotes unrealistic beauty standards for men as well. every superhero film actor gently skirts around the topic of peds and steroids when asked about their transformations and proport to be completely natural. this film doesn't delve too deeply into that but it would've been interesting to see ken meet men in the real world who had a negative view of what he represented. ken has a great arc as it is but i think there was a scene missing where ken sees that a male dominated world means a lot more is expected of men too. also i bet the asian and black kens would have had wildly different experiences than stereotypical ken and i would've been very interested in seeing how they reacted to that. imagine going from a world where you don't even know what race is to 'put your hands behind your back, you fit a description'. you could've played it for camp but it would've been interesting commentary. the film largely sidesteps race as it relates to gender and i get it. it was written by two white people who probably felt like it wasn't their place to speak for non white men and women. i was definitely satisfied with what we got. 

-america ferrera is going to be nominated for best supporting actress at the oscars which i am not upset by and i'll be glad if she wins. i was not expecting her to be the heart of the film nor to be the one who consistently brought the house down with her speeches. my audience literally burst into applause near the end of her first monologue. was it about as subtle as a kick to the balls? yes. was it preachy? also yes. did it fit the tone of the film? absolutely! like i said earlier, almost nothing else in this film is shy nor subtle. it is screeching everything at you at all times. everything presented is its most heightened, exaggerated and distilled version of itself. so why wouldn't the way it communicates its main thesis be this way? i can absolutely understand if you didn't vibe with the way her character was handled. it was very on the nose and in your face, but i thought having gloria be the one to deprogram the barbies was a great twist. her presence in the film helped anchor it emotionally because i really do think that barbieland is something to be digested in bites. if the third act was stereotypical barbie and the other rogue barbies doing this alone, it may have gotten very old very fast. ferrera brought a humanity to the last third of the film that it desperately needed. 

-speaking of maximalism, this film wouldn't work at all if the production design, costume design and hairstyling and makeup weren't on point. the first fifteen minutes of the movie where it's just pure 100% cheese was perfection and the look of barbieland has everything to do with that. they made you want to live in barbieland which made it all the more disturbing when ken brings all of that to its knees. the costuming was god-tier. many of the outfits barbie wears in the film are inspired by actual outfits the doll has debuted. the costumes also tell a story though. in the beginning, the barbies are dressed modestly yet still as traditionally feminine as possible. every barbie is hyper competent but also still hyperfeminine and none of them stray from that. kendom sees them lose the modesty but keep the exaggeration of womanhood. after the barbies are deprogrammed, their costumes are much more casual. we see more barbies in jeans and sensible shoes. the actual presentation of barbieland is a neon washed dreamland that has a hint of darkness to it. parts of it felt like a flash game from the early 2000s. the cartoonish sparkles and dust that appeared whenever the characters did anything, the way they flung through the air like a child playing with dolls, the way barbie falls over when she's absolutely at her lowest and weird barbie's entire existence was a marvel of great effects and editing. the editing in this film did wonders for selling the concept of barbieland but also barbie herself. in particular, i'm thinking of the moment where barbie finally finds sasha and introduces herself. barbie is highly saturated and brightly colored yet the real world around her is shades of brown, grey and black. her hyper realized form of womanhood visually clashes with the down to earth vibe of women in the real world. we see plenty of attractive women in the real world, but none of them are presented as overly glamorous. only barbie struts around as a manifestation of unrealistic beauty standards. the film itself pokes fun at this with helen mirren's narrator pointing out the folly of casting margot robbie as a woman who doesn't represent idealized perfection.

-the music for this movie was top notch in every respect. the actual score bounced between campy and cartoonish with accented 'aah's' and 'la's'  in the score and the eerie and reflective. ken had a musical motif that was very unsettling but felt appropriately childish at the same time. as his character began to become distorted by the real world, so did his motif until it exploded into his own rock ballad. the music actually written for this film was equally fantastic. the lizzo song that goes from fun dance party to existentialist nightmare was glorious. i've heard dance the night a lot this summer but seeing it in context was something else to behold. this film did the impossible by getting me to like a billie eilish song. and of course, i'm just ken is a fun glossy emotional bop that i'm sure will get nominated for an oscar. 

-will ferrell is perfectly serviceable in this movie. i know that reaction to his inclusion has been mixed but i personally enjoyed his role in the film. i liked the twist that he wasn't just a soulless ceo but he did genuinely care about empowering women, albeit in the most misguided way possible. him being in the film very much helped amplify the strong mid 2000's vibe this film had going for it. i will admit that the mattel executives don't add a ton to the plot but they do build upon the themes in that it is possible for men to still uplift and support women, even at their own cost. ferrell is adamant about returning order to the way things are even thought ken's major domo gloryhole bathhouse whatever is selling like hotcakes. i thought that was a very nice touch. 

-ryan gosling has deservedly gotten much praise for playing stereotypical ken but the other actors playing ken deserve equal praise. simu liu plays an excellent jockish bro who has an obsession with another ken for reasons he can't quite explain. seeing kingsley ben-adir go from playing the very ruthless and coldblooded gravik in secret invasion to a super bottomy ken doll hopelessly in love with another ken doll was a wild ride. michael cera was the perfect accent to the sickening sweet performance of traditional gender roles. also i cannot believe they got sugar daddy ken and magic earring ken into the movie. it was interesting how the kens that were queer coded the most were the ones to instantly side with the barbies. it makes sense because the patriarchy doesn't really serve them much if they want to be themselves.  alan is the only one of him because he knows who he is and thus doesn't want to be a part of kendom. alan is essentially what it felt like to be the only openly gay guy in high school in 2005. he even wears a mesh top to the dance party. the kens fighting on the beach had so many lustful shots of men's perfect muscular bodies heaving against one another and committing acts of athletic prowess. it was so sanitized and childlike yet so inherently horny that it brought me back to being that confused gay boy in the locker rooms back in '04.

-i appreciated how diverse the barbies themselves were but they did something interesting with the idea. there's barbies of every race and ethnicity but this is never brought up nor is race much of a focus at all in this film. there's a trans barbie but she's treated no differently than any other barbie. there's a fat barbie who is treated as if she's just as perfect and beautiful as the other barbies. there's a wheelchair bound barbie but she's not relegated to being in the background or on the margins of society. her disability will never actually be an issue in barbieland. each woman while representing a different type of woman is still the most perfect version of that woman. i was expecting us to be in for a real bad time when ken took over but to my surprise the barbies of different races, gender identities and disabilities were not treated any different from the white able bodied barbies in that they were all treated like mindless objects. kendom was actually quite progressive in that regard although had the kens continued to rule who knows how that would've eventually shook out. it also underscored how stereotypical ken was less malicious but was moreso acting out due to not really knowing his place in the world and still craving barbie's attention. 

-margot robbie and ryan gosling were perfect castings for this film and so much of it works largely due to how invested in it they were. margot robbie gets to show off every tool in her acting toolbox for the first time since i, tonya. it's hilarious that a barbie film is probably her best and most fleshed out role to date. ryan gosling as adorable himbo ken was one of the many highlights of the movie. they knew exactly what they were doing getting this very masculine and muscular man to act like an immature closeted frat boy while his body was on display for two hours. ken making me feel all the feels while a bunch of kens campishly shout 'boy's night' was quite an experience. margot robbie has been called a human barbie doll before in her career so casting her as  'the barbie you think of when you think barbie' was sublime. she gives a performance that bounces back between pure camp to existentialist horror to straight dramatic on the dime and sometimes within the same scene. 

-the film's tone was incredibly disjointed and this actually worked for me but i can see how it wouldn't for others. some people feel as if the story itself was disjointed and i'm gonna pushback on them there. if you view the story in vacuum, all of the beats make absolute sense. how these beats are executed is where things get a little dodgy. the campiness of the first fifteen to twenty minutes juxtaposed with the emotional rollercoaster of the last third of the film was brilliant. it unpacked everything that was set up in the first part of the film and the ending felt satisfying. the middle portion is where it dragged a bit. my personal head cannon is that the board of executives is all kens that escaped into the real world. these portions in a vacuum work fine but the problem is they're sandwiched between touching moments of barbie discovering the beauty of life and the symbol of barbie defending herself from the criticism the brand has received for years. that last portion also feels very much like mattel slipping the screenwriters some notes because it reads exactly how i'd expect a multinational corporation to defend itself. it's poking fun at consumerism and unrealistic standards for women, both of which it aides and abets, but it's also going to make money hand over fist by selling kenough sweaters. it's the classic game of playing both sides against the middle to ensure they win no matter what. the intense presentation of the film helps me ignore this problem but i never truly forgot it. there is a lot to be said about how capitalism creates unhealthy beauty standards and portrayals of gender roles. this film respectfully tips its hat to that school of thought but never applies it in earnestness. but why would it? it's still a film about barbie after all.

-i did find it somewhat disappointing that the film dropped the plot point about barbie distraught that she actually hasn't done as much for women as she thought. she never brings this up to the other barbies nor do they interact with the real world. this was actually disappointing to me. i feel like the various black barbies would've definitely had a much different experience than stereotypical barbie. president and writer barbie might find the real world to be a much harsher place on multiple levels than stereotypical barbie. doctor barbie is also an interesting case because the actress is trans but no one addresses that in-universe. were they a ken that decided to become a barbie? does this imply the existence of transmasc ken? i wonder how she or lawyer barbie would view the real world. that's something worth exploring and showing how while sexism affects all women, there are definitely curves and bends to this. these are all hooks for the sequel i'm quite sure we'll be getting in about four years or whenever the strike ends. 

-the segments with ruth handler's ghost were a great idea that had even better execution. the harsh cut from this girl power theme blaring over barbie outwitting a small army of businessmen was very well done. the genuine touching moment of barbie meeting what is essentially god to her kept the film from feeling too cartoonish. it reminded you that this film is still about something at the end of the day. barbie choosing to be a real woman with all that entails instead of just being an idea was incredibly moving and i did not expect to cry at a barbie movie. rhea pearlman gives probably the best performance of her entire career, again in a fucking barbie movie. this film surprisingly had a lot to say about humanity and self worth and what it means to be alive. it's hard to believe that touching scenes like this are preceded by will ferrell giving us exactly what he's been giving for twenty years and succeeded by barbie proudly going to a gynecologist. again that tonal shift will not be everyone's cup of tea, but it was very much mine. 

overall, i found barbie to be a film that was much better than it honestly had any right to be. the performances were top notch. the production value was insane, the music was distinct and fun, the messages were timely and also very direct. it has flaws like some unneeded padding and tonally it could've been a lot smoother. but those issues didn't really bring down my experience as a whole. i do wonder about the scores of parents who brought their kids to this only for barbie to have an existential crisis and loudly declare she doesn't have a vagina. there's gonna be a lot of kids asking their parents about 'what happens when we die?' and 'why are we born?' good luck y'all. i give it a 9/10. instant classic."
Does Barbie’s success mean that right’s attacks for being “woke” is not a significant factor for box office?,"Multiple movies have been attacked by  the right as being woke. Many of these movies also did not have any significant box office success. Since these movies had other problems such as quality or Disney’s idiotic early dump to streaming strategy, the impact of attacks was not certain. Now that Barbie has been attacked as well and is breaking box office records, can we conclude that these attacks do not have significant impact on box office?",barbie,CULTURE_IDEOLOGY,,CULTURE_IDEOLOGY,"does barbie’s success mean that right’s attacks for being “woke” is not a significant factor for box office?. multiple movies have been attacked by  the right as being woke. many of these movies also did not have any significant box office success. since these movies had other problems such as quality or disney’s idiotic early dump to streaming strategy, the impact of attacks was not certain. now that barbie has been attacked as well and is breaking box office records, can we conclude that these attacks do not have significant impact on box office?"
Oppenheimer nudity,"Oppenheimer may face plot losses in India due to censorship, impacting its storytelling and creative vision. 

Does it feel weird to watch a movie with cuts",oppenheimer,CULTURE_IDEOLOGY,,CULTURE_IDEOLOGY,"oppenheimer nudity. oppenheimer may face plot losses in india due to censorship, impacting its storytelling and creative vision. 

does it feel weird to watch a movie with cuts"
Barbie in the Middle East ?,"I'm curious to know how the Barbie movie is being received in the Middle East considering women's rights in some regions. It's possible the movie is undergoing an edit and later release for some countries like Saudi Arabia, United Arab Emirates, Kuwait and Egypt. Is that true ?

Any boxoffice followers from those regions with any information?",barbie,CULTURE_IDEOLOGY,,CULTURE_IDEOLOGY,"barbie in the middle east ?. i'm curious to know how the barbie movie is being received in the middle east considering women's rights in some regions. it's possible the movie is undergoing an edit and later release for some countries like saudi arabia, united arab emirates, kuwait and egypt. is that true ?

any boxoffice followers from those regions with any information?"
Do directors like Nolan have a moral obligation to not be neutral in their story-telling?,"I can see why Nolan would have wanted to tell this story; clearly Oppenheimer's discovery was monumental in shaping the world and geopolitics today. 

Can't help but think the movie was designed to depict a well-intentioned troubled genius eliciting a sympathetic response from the audience. In almost all interviews Nolan and the (excellent) cast talk about the emotions, psyche and the tense moments of conflict without ever talking about the consequence in a negative light.

Most audience reviews talk about the craft (screenplay, audio, script, acting) and not enough about the subject matter is discussed.  One would think acclaimed directors like Nolan have some responsibility towards not maintaining neutrality as much as they did in their depiction of Oppenheimer.

Thoughts?",oppenheimer,CULTURE_IDEOLOGY,,CULTURE_IDEOLOGY,"do directors like nolan have a moral obligation to not be neutral in their story-telling?. i can see why nolan would have wanted to tell this story; clearly oppenheimer's discovery was monumental in shaping the world and geopolitics today. 

can't help but think the movie was designed to depict a well-intentioned troubled genius eliciting a sympathetic response from the audience. in almost all interviews nolan and the (excellent) cast talk about the emotions, psyche and the tense moments of conflict without ever talking about the consequence in a negative light.

most audience reviews talk about the craft (screenplay, audio, script, acting) and not enough about the subject matter is discussed.  one would think acclaimed directors like nolan have some responsibility towards not maintaining neutrality as much as they did in their depiction of oppenheimer.

thoughts?"
Oppenheimer gets pg 13 ( UA ) rating in India,"In other countries it is rated R because of nudity and sex , in india it was rated A for a few weeks ( A is the equivalent R in india ) but a day beforr release the central board changed it to UA ( pg 13 ) , the runtime has not been shortened meaning no scenes have been reduced , the audience might expect censored cuss and zoomed screen during scenes showing nudity or sex .",oppenheimer,CULTURE_IDEOLOGY,,CULTURE_IDEOLOGY,"oppenheimer gets pg 13 ( ua ) rating in india. in other countries it is rated r because of nudity and sex , in india it was rated a for a few weeks ( a is the equivalent r in india ) but a day beforr release the central board changed it to ua ( pg 13 ) , the runtime has not been shortened meaning no scenes have been reduced , the audience might expect censored cuss and zoomed screen during scenes showing nudity or sex ."
"How come in America if a movie has people of color, women or LGBTQ people. It is criticized for being ""woke"" , ""political"" or , ""promoting an agenda."" Even if such people are in a scene for 5 seconds.","How come in America if a movie has people of color, women or LGBTQ people. It is criticized for being ""woke"" , ""political"" or , ""promoting an agenda."" Even if such people are in a scene for 5 seconds. 
 
Can someone explain this too me. Apparently there is a transgender doctor in the barbie movie. Has a brief scene and people are already angry.",barbie,CULTURE_IDEOLOGY,,CULTURE_IDEOLOGY,"how come in america if a movie has people of color, women or lgbtq people. it is criticized for being ""woke"" , ""political"" or , ""promoting an agenda."" even if such people are in a scene for 5 seconds.. how come in america if a movie has people of color, women or lgbtq people. it is criticized for being ""woke"" , ""political"" or , ""promoting an agenda."" even if such people are in a scene for 5 seconds. 
 
can someone explain this too me. apparently there is a transgender doctor in the barbie movie. has a brief scene and people are already angry."
I hate how social media has turned movies into a competition,"I saw a tweet today saying, ""Margot Robbie could do Oppenheimer but Cillian Murphy couldn't do Barbie""

When did movies become sports? Why does your fandom of Margot or any other actor mean you have to put down another performer? Or people who are MCU fanboys so they take joy in the failure of a DC film? I already know there are going to be people celebrating Barbie beating Oppenheimer at the box office like ""hahahahaha suck it Christopher Nolan"" completely ignoring the fact that it's good for movies that there are two films with such high levels of interest opening at the same time.

It's art, not sports. It's not supposed to be a competition. Its supposed to be a celebration of auteurs successfully fulfilling their visions.

Rant over.",barbie,CULTURE_IDEOLOGY,,CULTURE_IDEOLOGY,"i hate how social media has turned movies into a competition. i saw a tweet today saying, ""margot robbie could do oppenheimer but cillian murphy couldn't do barbie""

when did movies become sports? why does your fandom of margot or any other actor mean you have to put down another performer? or people who are mcu fanboys so they take joy in the failure of a dc film? i already know there are going to be people celebrating barbie beating oppenheimer at the box office like ""hahahahaha suck it christopher nolan"" completely ignoring the fact that it's good for movies that there are two films with such high levels of interest opening at the same time.

it's art, not sports. it's not supposed to be a competition. its supposed to be a celebration of auteurs successfully fulfilling their visions.

rant over."
Do you think the Barbie film will pass the reverse bechdel test?,"This topic came up in discussion with some friends and I was curious if others thought if it would.

For the ones who forgot or don't know, a movie only passes the Bechdel Test if it meets the following requirements:

* The movie has at least two women in it
* who talk to each other
* about something other than a man

The reverse bechdel test replaces woman for men in the criteria. So, Barbie would NOT pass a reverse Bechdel Test if it:

* DOES NOT have at least two men in it
* who do NOT talk to each other
* about something other than women

Thank you to everyone in advance :)",barbie,CULTURE_IDEOLOGY,,CULTURE_IDEOLOGY,"do you think the barbie film will pass the reverse bechdel test?. this topic came up in discussion with some friends and i was curious if others thought if it would.

for the ones who forgot or don't know, a movie only passes the bechdel test if it meets the following requirements:

* the movie has at least two women in it
* who talk to each other
* about something other than a man

the reverse bechdel test replaces woman for men in the criteria. so, barbie would not pass a reverse bechdel test if it:

* does not have at least two men in it
* who do not talk to each other
* about something other than women

thank you to everyone in advance :)"
"I hope that between The Flash bombing, Elemental being good, and Barbie and Mario massively succeeding; that this sub starts to realize that the topic of film conversation cannot be limited to Reddit","Anyone who uses Twitter, TikTok, and Reddit collectively were not surprised by the above outcomes. I’ve only seen confusion and surprise on THIS app. Furthermore, the number of downvoted comments predicting it correctly is atrocious. Some of you have let your egos get to your head while also limiting your social media outlet to Reddit and probably YouTube. It’s not a bad thing to use other social medias to see how another audience is engaging with the rollout of the movie, especially when you’re part of a community trying to make an analysis. 

I’m also laughing at the number of posts and comments the past few months saying “turns out the general audience aren’t idiots” like yeah?? did you think they’re dumber than you for not being on r/boxoffice??",barbie,CULTURE_IDEOLOGY,,,"i hope that between the flash bombing, elemental being good, and barbie and mario massively succeeding; that this sub starts to realize that the topic of film conversation cannot be limited to reddit. anyone who uses twitter, tiktok, and reddit collectively were not surprised by the above outcomes. i’ve only seen confusion and surprise on this app. furthermore, the number of downvoted comments predicting it correctly is atrocious. some of you have let your egos get to your head while also limiting your social media outlet to reddit and probably youtube. it’s not a bad thing to use other social medias to see how another audience is engaging with the rollout of the movie, especially when you’re part of a community trying to make an analysis. 

i’m also laughing at the number of posts and comments the past few months saying “turns out the general audience aren’t idiots” like yeah?? did you think they’re dumber than you for not being on r/boxoffice??"
Barbie (2023) is a funny movie with good message about equality/reality directed towards girls aswell as guys,"The movie was pretty well thought-out. The beginning was very fun and enjoyable (role reverso). The reality part lost tempo and after that part didnt really recover, and never return to how good the beginning was.

I didnt mind the monologue of ""the mom"" about ""how hard it is to be liked as a woman"", because i think its somewhat true, but i dont think girls, from western culture, need hearing it now in the 21st century. 

After that rant of ""the mom"" there was a lot of bashing on guys's behaviour and that was a red flag to me, ""all guys are actually very insecure"", ""making eye contact while playing guitar is weird"", ""guys will turn on eachother because of a girl"". I think pursuing a girl by playing her a guitar is pretty cool and shouldnt be shown as inapproprate with comments like ""weird eye contact"". i get that they are ""macho types"" but thats still a weird message getting into bashing guys behaviour. 

Then the movie ""helped"" kens by letting them share their feelings to eachother, which is controversial lesson that i honeslty dont really like, but in this context it works because kens dont have anyone else but themselves so them being able to open up to eachother is important and is probably a huge boost to their character. 

I think the ending with main Ken not getting the girl is the best message ever, that hasnt been shown in the mainstream movie, except Borat (2006). A main character not getting a girl he pursued all movie. Thats bonkers. I think its a very important lesson to young boys. ""if she aint interested she wont be, no matter how much you change, shoot your shot, and move on"".

Also the message about equality ""you cant be a part of supreme court yet, you'll need qualifications, but one time youll be able to become one if you got the skills"". Pretty on point with how equality should be potrayed as.

okay on to oppenheimre",barbie,CULTURE_IDEOLOGY,,,"barbie (2023) is a funny movie with good message about equality/reality directed towards girls aswell as guys. the movie was pretty well thought-out. the beginning was very fun and enjoyable (role reverso). the reality part lost tempo and after that part didnt really recover, and never return to how good the beginning was.

i didnt mind the monologue of ""the mom"" about ""how hard it is to be liked as a woman"", because i think its somewhat true, but i dont think girls, from western culture, need hearing it now in the 21st century. 

after that rant of ""the mom"" there was a lot of bashing on guys's behaviour and that was a red flag to me, ""all guys are actually very insecure"", ""making eye contact while playing guitar is weird"", ""guys will turn on eachother because of a girl"". i think pursuing a girl by playing her a guitar is pretty cool and shouldnt be shown as inapproprate with comments like ""weird eye contact"". i get that they are ""macho types"" but thats still a weird message getting into bashing guys behaviour. 

then the movie ""helped"" kens by letting them share their feelings to eachother, which is controversial lesson that i honeslty dont really like, but in this context it works because kens dont have anyone else but themselves so them being able to open up to eachother is important and is probably a huge boost to their character. 

i think the ending with main ken not getting the girl is the best message ever, that hasnt been shown in the mainstream movie, except borat (2006). a main character not getting a girl he pursued all movie. thats bonkers. i think its a very important lesson to young boys. ""if she aint interested she wont be, no matter how much you change, shoot your shot, and move on"".

also the message about equality ""you cant be a part of supreme court yet, you'll need qualifications, but one time youll be able to become one if you got the skills"". pretty on point with how equality should be potrayed as.

okay on to oppenheimre"
"Conservatives want the public to boycott BARBIE because it stars a transgender actress among its cast, Hari Nef.","This is disgusting. Imagine wanting to ban or boycott a movie because they have a trans actress in its cast. So trans people existing is already seen as ""indoctrinating"". 

The Dylan Mulvaney Bud Light drama has powered people into being more openly bigoted and paint the trans community as threats to children. I feel bad for the actress who has to deal with so much hate.",barbie,CULTURE_IDEOLOGY,,,"conservatives want the public to boycott barbie because it stars a transgender actress among its cast, hari nef.. this is disgusting. imagine wanting to ban or boycott a movie because they have a trans actress in its cast. so trans people existing is already seen as ""indoctrinating"". 

the dylan mulvaney bud light drama has powered people into being more openly bigoted and paint the trans community as threats to children. i feel bad for the actress who has to deal with so much hate."
What movie can you call “masculine”?,"I see those movies, called by people as the “feminine” movies everywhere, people call it as a different genre. It’s like the “twilight” “mean girls”, “Titanic”, the new “Barbie” movie (Hear me out: It’s not my opinion on these movies called “girly” , I’m talking what I heard).

For me, it gets confusing: then what movie could be called masculine? I heard that most of the boys like Fast And Furious and Rocky. What can you say?",barbie,CULTURE_IDEOLOGY,,,"what movie can you call “masculine”?. i see those movies, called by people as the “feminine” movies everywhere, people call it as a different genre. it’s like the “twilight” “mean girls”, “titanic”, the new “barbie” movie (hear me out: it’s not my opinion on these movies called “girly” , i’m talking what i heard).

for me, it gets confusing: then what movie could be called masculine? i heard that most of the boys like fast and furious and rocky. what can you say?"
Will the hatred for Imperial Japan increase Oppenheimer's South Korea and China box office,"Both of these countries does not have a good past with Japan.There is legit hatred for past Japan.Will the hatred make more people go watch Oppenheimer?

I have seen many Chinese comments talking how nukes weren't enough punishment for imperial Japan.

&amp;#x200B;",oppenheimer,CULTURE_IDEOLOGY,,,"will the hatred for imperial japan increase oppenheimer's south korea and china box office. both of these countries does not have a good past with japan.there is legit hatred for past japan.will the hatred make more people go watch oppenheimer?

i have seen many chinese comments talking how nukes weren't enough punishment for imperial japan.

&amp;#x200b;"
Barbie movie is ruined by politics,"Mainly by the fact that there was a feminist agenda. Completely ruined the movie. Didn’t even play the right Barbie song. I had to explain to my daughter why I didn’t like the movie and where the movie took a wrong turn and went wrong. Great idea and great opportunity for an amazing movie though, just bad agenda and terrible execution.",barbie,CULTURE_IDEOLOGY,,,"barbie movie is ruined by politics. mainly by the fact that there was a feminist agenda. completely ruined the movie. didn’t even play the right barbie song. i had to explain to my daughter why i didn’t like the movie and where the movie took a wrong turn and went wrong. great idea and great opportunity for an amazing movie though, just bad agenda and terrible execution."
A critique on Barbie (?),"Hey everyone, i just got out of the cinema to see Barbie. 

Now i feel absolutely terrible to say this, but i dont think i enjoyed the movie.

I hate that i have this opinion because i feel like such a stereotypical male loser. Im white, straight and a man, so i feel like people will roll their eyes when reading this. And i understand! But please read and if disagreeing, tell me why cause i dont like having this opinion.

Nowing greta gerwigs other work
I was hoping for an understanding viewpoint breaking down patriarchy and empowering women.
A viewpoint which stands above the whole culture war and fights for equaty without bringing down any group. But i believe i was wrong? Throughout the entire movie i just felt like men were made fun of? Al the men were comedic relief characters that were either apathic or just funny losers. In the scene were ken was crying they ACKNOWLEDGED him crying was not a bad thing through a comedic line, BUT still protraied him crying as something funny and comedic.

I understand that the movie tries to make fun of the patriarchy and empower woman, however i felt it was unnecessary and tasteless to make all men dumb and stupid annd make fun of male positivity and generalizing all men as predictable and idiocratic. 

The movie did not go deeper than patriarchy bad, matriarchy kinda bad also, and yeah love yourself or smtn. It felt so unnecessarily and tasteless. The father being a comedic relief character, the kens being dumb and apathic, the executives being stupid and childish. I felt as a guy, so defeated afterwards.

Again i fully support the movie adressing issues in the patriarchy and toxic feminism, however the atack on male culture just felt thematically unnecessary and taken too far.  i just feel like this concept could have been executed so much differently.

I just felt really small and ridiculed afterwards. Like fuck i felt terrible. It felt like This movie  did to men, what enchanted did to women. Portrays them as stupid, and enforces gender roles instead of breaking them down

 And again i understand that the movies point is to ridicule patriarchy, but it felt like an all out attack on male culture in general. I understand that it might sound like stereotypical 'white straight guy' hating anything remotely looking like critique, however im struggling to see im incorrect. If anyone disagrees please elaborate cause again, i dont like disliking this movie for these reasons as i feel so stereotypical in a role i do not want to be.",barbie,CULTURE_IDEOLOGY,,,"a critique on barbie (?). hey everyone, i just got out of the cinema to see barbie. 

now i feel absolutely terrible to say this, but i dont think i enjoyed the movie.

i hate that i have this opinion because i feel like such a stereotypical male loser. im white, straight and a man, so i feel like people will roll their eyes when reading this. and i understand! but please read and if disagreeing, tell me why cause i dont like having this opinion.

nowing greta gerwigs other work
i was hoping for an understanding viewpoint breaking down patriarchy and empowering women.
a viewpoint which stands above the whole culture war and fights for equaty without bringing down any group. but i believe i was wrong? throughout the entire movie i just felt like men were made fun of? al the men were comedic relief characters that were either apathic or just funny losers. in the scene were ken was crying they acknowledged him crying was not a bad thing through a comedic line, but still protraied him crying as something funny and comedic.

i understand that the movie tries to make fun of the patriarchy and empower woman, however i felt it was unnecessary and tasteless to make all men dumb and stupid annd make fun of male positivity and generalizing all men as predictable and idiocratic. 

the movie did not go deeper than patriarchy bad, matriarchy kinda bad also, and yeah love yourself or smtn. it felt so unnecessarily and tasteless. the father being a comedic relief character, the kens being dumb and apathic, the executives being stupid and childish. i felt as a guy, so defeated afterwards.

again i fully support the movie adressing issues in the patriarchy and toxic feminism, however the atack on male culture just felt thematically unnecessary and taken too far.  i just feel like this concept could have been executed so much differently.

i just felt really small and ridiculed afterwards. like fuck i felt terrible. it felt like this movie  did to men, what enchanted did to women. portrays them as stupid, and enforces gender roles instead of breaking them down

 and again i understand that the movies point is to ridicule patriarchy, but it felt like an all out attack on male culture in general. i understand that it might sound like stereotypical 'white straight guy' hating anything remotely looking like critique, however im struggling to see im incorrect. if anyone disagrees please elaborate cause again, i dont like disliking this movie for these reasons as i feel so stereotypical in a role i do not want to be."
I’m wondering how Japanese people think of the movie Oppenheimer.,I’m wondering what Japanese people think of Oppenheimer? Was it a good film or a totally insensitive film to Japanese people?Oppenheimer is written from an American perspective but is the atomic bomb really the only way to end WWII? Maybe Japan was on the verge to surrender at that time?,oppenheimer,CULTURE_IDEOLOGY,,,i’m wondering how japanese people think of the movie oppenheimer.. i’m wondering what japanese people think of oppenheimer? was it a good film or a totally insensitive film to japanese people?oppenheimer is written from an american perspective but is the atomic bomb really the only way to end wwii? maybe japan was on the verge to surrender at that time?
Movies where the core themes or messages are wildly misinterpreted by the majority of the audience?,"I feel like most movies with some type of social or political theme tend to be misinterpreted by some, Barbie being a recent example of this. It’s made me wonder if there have been any popular movies where the main point or message the film is trying to convey gets completely misinterpreted by not just a small portion, but the majority of the audience. American Psycho might be a somewhat good example of this, as Patrick Bateman has been idolized online recently, although I’m not too sure if that represents how the majority of people who have seen that film feel. What are some other examples?",barbie,CULTURE_IDEOLOGY,,,"movies where the core themes or messages are wildly misinterpreted by the majority of the audience?. i feel like most movies with some type of social or political theme tend to be misinterpreted by some, barbie being a recent example of this. it’s made me wonder if there have been any popular movies where the main point or message the film is trying to convey gets completely misinterpreted by not just a small portion, but the majority of the audience. american psycho might be a somewhat good example of this, as patrick bateman has been idolized online recently, although i’m not too sure if that represents how the majority of people who have seen that film feel. what are some other examples?"
Why are posts criticizing the Barbie movie being removed by the moderators,I made a post stating why I disliked the Barbie movie because of the political references I noticed within the movie. None of which are a secret as they are all over Google news and in many negative ratings of the movie. But I don’t understand why my post was removed by the moderators. It seems some forums don’t even allow posts with the word Barbie in them. So what’s going on. I’m just trying to understand what the big issue is with pointing out the issues with the movie.,barbie,CULTURE_IDEOLOGY,,,why are posts criticizing the barbie movie being removed by the moderators. i made a post stating why i disliked the barbie movie because of the political references i noticed within the movie. none of which are a secret as they are all over google news and in many negative ratings of the movie. but i don’t understand why my post was removed by the moderators. it seems some forums don’t even allow posts with the word barbie in them. so what’s going on. i’m just trying to understand what the big issue is with pointing out the issues with the movie.
Movies which featured scenes of characters being 'fridged' as a part of their plot.,"The idea of making this post suddenly stemmed when I saw the recent Mission Impossible movie where spoilers one of the main female characters is suddenly fridged in the middle of the movie.

It was so bad that it took me out of the movie and I wasn't able to concentrate thereafter.

And to make matters worse, it was telegraphed to the audience in advance that either of the main two female leads is going to die in the space of the next ten minutes.

I can't think of any reason for doing other than it was the screenwriters way of telling the audience that a movie can't have two female leads at the same time and that one of them needs to be sacrificed to make way for the other.

And the execution was so horrible that they had her replaced by another character almost immediately and her death has no bearing upon the plot whatsoever and everyone forgets about the incident almost the minute after.

So what are some other examples of movies that had some egregious deaths (doesn't necessarily have to be female) that it took u out of the experience or left a bad taste in your mouth?",mission_impossible,CULTURE_IDEOLOGY,,,"movies which featured scenes of characters being 'fridged' as a part of their plot.. the idea of making this post suddenly stemmed when i saw the recent mission impossible movie where spoilers one of the main female characters is suddenly fridged in the middle of the movie.

it was so bad that it took me out of the movie and i wasn't able to concentrate thereafter.

and to make matters worse, it was telegraphed to the audience in advance that either of the main two female leads is going to die in the space of the next ten minutes.

i can't think of any reason for doing other than it was the screenwriters way of telling the audience that a movie can't have two female leads at the same time and that one of them needs to be sacrificed to make way for the other.

and the execution was so horrible that they had her replaced by another character almost immediately and her death has no bearing upon the plot whatsoever and everyone forgets about the incident almost the minute after.

so what are some other examples of movies that had some egregious deaths (doesn't necessarily have to be female) that it took u out of the experience or left a bad taste in your mouth?"
What are some movies that got a good message without being preachy about it?,"This is controversial but I found Barbie to have a good message but being bit preachy about it. But I guess it depends on people's perception. Some need just a hint and others need to listen to a lot of talking to get the same point.

But I digress. 

What are some movies in your view that are not preachy but have something good or valuable to say, like about having compassion for those different from us, going after your dreams, not giving up even when everything or everybody is against you, standing up to various -isms, seeing the beauty in everyday life, and so on?",barbie,CULTURE_IDEOLOGY,,,"what are some movies that got a good message without being preachy about it?. this is controversial but i found barbie to have a good message but being bit preachy about it. but i guess it depends on people's perception. some need just a hint and others need to listen to a lot of talking to get the same point.

but i digress. 

what are some movies in your view that are not preachy but have something good or valuable to say, like about having compassion for those different from us, going after your dreams, not giving up even when everything or everybody is against you, standing up to various -isms, seeing the beauty in everyday life, and so on?"
Why don’t studios make more female-oriented movies?,"If you look at the big-budget movies targeting adults this spring/summer, we have those movies:


-Guardians of the Galaxy

-Fast X

-Little Mermaid

-Across the Spiderverse

-Transformers

-The Flash

-Indiana Jones

-Mission Impossible 7

-Barbie

-Oppenheimer

-Haunted Mansion

-Meg 2

-Ninja Turtles

-Gran Turismo

-Blue Beetle


Out of these 15 blockbusters, only two of them are more female-oriented (The Little Mermaid, Barbie), while another one (Haunted Mansion) might be balanced in regards of gender-appeal. The other 12 movies are all more male-oriented. At the forecasts on boxofficepro.com, they make this pro/con thing for upcoming movies and on the contra-side, they say things like „it will have much competition from other male-oriented movies“ all the time.


This heavy male-orientation in cinema releases surprises me in two ways.

First, half of the population and half of the cinema crowd is female, so why not target this audience more? Barbie does it, and it will make big money. Why don’t studios do it, do they not want to make money or something?

Second, in the last years Hollywood was obsessed with implementing more and more wokeness into the industry. Part of this is to give more roles to women. But then why do they stop there, why isn’t bringing out more female-oriented movies also part of this women’s empowerment of Hollywood lately? Doesn’t make sense to me to always try hard to empower women in the film industry, by giving them more roles etc, but then still always make only those movies targeted at male audiences.

Or are movies who are not especially male-oriented not profitable enough in the long-run?",barbie,CULTURE_IDEOLOGY,,,"why don’t studios make more female-oriented movies?. if you look at the big-budget movies targeting adults this spring/summer, we have those movies:


-guardians of the galaxy

-fast x

-little mermaid

-across the spiderverse

-transformers

-the flash

-indiana jones

-mission impossible 7

-barbie

-oppenheimer

-haunted mansion

-meg 2

-ninja turtles

-gran turismo

-blue beetle


out of these 15 blockbusters, only two of them are more female-oriented (the little mermaid, barbie), while another one (haunted mansion) might be balanced in regards of gender-appeal. the other 12 movies are all more male-oriented. at the forecasts on boxofficepro.com, they make this pro/con thing for upcoming movies and on the contra-side, they say things like „it will have much competition from other male-oriented movies“ all the time.


this heavy male-orientation in cinema releases surprises me in two ways.

first, half of the population and half of the cinema crowd is female, so why not target this audience more? barbie does it, and it will make big money. why don’t studios do it, do they not want to make money or something?

second, in the last years hollywood was obsessed with implementing more and more wokeness into the industry. part of this is to give more roles to women. but then why do they stop there, why isn’t bringing out more female-oriented movies also part of this women’s empowerment of hollywood lately? doesn’t make sense to me to always try hard to empower women in the film industry, by giving them more roles etc, but then still always make only those movies targeted at male audiences.

or are movies who are not especially male-oriented not profitable enough in the long-run?"
Barbie: The Modern Female Power Fantasy,"An analysis of the Barbie Movie. The overblown reaction it’s getting, how culture has shaped it, how the male and female power fantasies have evolved in the past few decades and what that evolution says about how our culture has changed.

Full disclosure, this is my video. I hope it informs a bit as well as creates genuine discussion. Let me know if you agree, disagree, find it interesting, find it trash, etc.",barbie,CULTURE_IDEOLOGY,,,"barbie: the modern female power fantasy. an analysis of the barbie movie. the overblown reaction it’s getting, how culture has shaped it, how the male and female power fantasies have evolved in the past few decades and what that evolution says about how our culture has changed.

full disclosure, this is my video. i hope it informs a bit as well as creates genuine discussion. let me know if you agree, disagree, find it interesting, find it trash, etc."
I just found out that Nolan is not very good at portraying women in his film,"I'm not sure if I should post this here or in unpopularopinion, but after watching Oppenheimer, my biggest thought was: Nolan isn't very good at portraying women... too much unnecessary nudity and presence of two female characters in the movie are essentially just decorative, with no substantial roles. This also made me think of Nolan's past films I've watched, except the daughter role in ""Interstellar,"" there's hardly any female lead that left a strong impression on me – bar waitress in memento? The deceased wife in ""Inception""? Rachel in ""The Dark Knight""? Come on, I feel like they're there just to complement the male protagonist's presence... don't get me wrong I'm big fan of Norlan I think he's a great director but it's a disadvantage of him…",oppenheimer,CULTURE_IDEOLOGY,,,"i just found out that nolan is not very good at portraying women in his film. i'm not sure if i should post this here or in unpopularopinion, but after watching oppenheimer, my biggest thought was: nolan isn't very good at portraying women... too much unnecessary nudity and presence of two female characters in the movie are essentially just decorative, with no substantial roles. this also made me think of nolan's past films i've watched, except the daughter role in ""interstellar,"" there's hardly any female lead that left a strong impression on me – bar waitress in memento? the deceased wife in ""inception""? rachel in ""the dark knight""? come on, i feel like they're there just to complement the male protagonist's presence... don't get me wrong i'm big fan of norlan i think he's a great director but it's a disadvantage of him…"
Barbie would have bombed if the trailers showed that the actual movie is gonna promote extreme feminism and degrade Men,"I am also ashamed that i went to see Barbie because i got baited by the trailers as it looked genuinely fun. However, the entire Barbie is a feminist movie that exposes misandrist views and shits on men / the patriarchy and builds up towards that. When Ken (Ryan Gosling) comes to the real world, he realize how Men control everything and all the men are always in position of power, has to make it ""deep"" by subverting eye candy tropes and constant hitting on masculinity=bad talking points. The whole plot cherry picks on this, what about Men who do all the tough, dirty, smelly, wet, cold, hot, sweaty, physically exhausting, heavy, oily, dangerous and in some cases life threatening jobs that women can't and don't want to do. I'd love it if women had to do every single job that a man does, for one week. Bugger all would get done but then they would realise just what men put up with and have to deal with. When's the last time you saw a deep sea trawling company with a boat full of women? Or even one woman? I'm not saying all women's jobs are easy! They can be extremely stressful. But they are nowhere near as physically hard on the body or as dangerous as most jobs that men do. Yet movie only focus on the ""bad"" aspect of Men and their roles in society

-It honestly pisses me off that it is making so much Money at the box offices all because the trailer looks like it is gonna be a genuinely fun movie from hollywood after an eternity that doesn't shit on Men. I absolutely love how none of the trailers/ads/teasers even gave so much of a hint of wokism yet the entire movie is like this. It is as if they knew no one would come to see it if people realize how terrible this movie is gonna be. You know what hollywood? Fuck you and i had it enough with you constantly shitting on Men and degrading them, never ever gonna watch any of the shit you people release. 

P.S:- This post is a response to that retard u/Leaderof-ThePack. If you guys are that confident in your far left propaganda affirmation messages, have the BALLS TO ACTUALLY SHOW THEM IN THE TRAILERS lmao",barbie,CULTURE_IDEOLOGY,,,"barbie would have bombed if the trailers showed that the actual movie is gonna promote extreme feminism and degrade men. i am also ashamed that i went to see barbie because i got baited by the trailers as it looked genuinely fun. however, the entire barbie is a feminist movie that exposes misandrist views and shits on men / the patriarchy and builds up towards that. when ken (ryan gosling) comes to the real world, he realize how men control everything and all the men are always in position of power, has to make it ""deep"" by subverting eye candy tropes and constant hitting on masculinity=bad talking points. the whole plot cherry picks on this, what about men who do all the tough, dirty, smelly, wet, cold, hot, sweaty, physically exhausting, heavy, oily, dangerous and in some cases life threatening jobs that women can't and don't want to do. i'd love it if women had to do every single job that a man does, for one week. bugger all would get done but then they would realise just what men put up with and have to deal with. when's the last time you saw a deep sea trawling company with a boat full of women? or even one woman? i'm not saying all women's jobs are easy! they can be extremely stressful. but they are nowhere near as physically hard on the body or as dangerous as most jobs that men do. yet movie only focus on the ""bad"" aspect of men and their roles in society

-it honestly pisses me off that it is making so much money at the box offices all because the trailer looks like it is gonna be a genuinely fun movie from hollywood after an eternity that doesn't shit on men. i absolutely love how none of the trailers/ads/teasers even gave so much of a hint of wokism yet the entire movie is like this. it is as if they knew no one would come to see it if people realize how terrible this movie is gonna be. you know what hollywood? fuck you and i had it enough with you constantly shitting on men and degrading them, never ever gonna watch any of the shit you people release. 

p.s:- this post is a response to that retard u/leaderof-thepack. if you guys are that confident in your far left propaganda affirmation messages, have the balls to actually show them in the trailers lmao"
Barbie in Japan - insensitive promotion may impact on box office,"Barbie is due for release in Japan August 11th, just two days after the 78th anniversary of the Nagasaki bombing.

Warner Bros. apologizes after shared 'Barbenheimer' atomic bomb memes spark anger in Japan. 

How likely are we to see a low performance for Barbie in Japan?",barbie,CULTURE_IDEOLOGY,,,"barbie in japan - insensitive promotion may impact on box office. barbie is due for release in japan august 11th, just two days after the 78th anniversary of the nagasaki bombing.

warner bros. apologizes after shared 'barbenheimer' atomic bomb memes spark anger in japan. 

how likely are we to see a low performance for barbie in japan?"
Barbie,So if we dislike this movie we are an incel and sexist? I’m sorry but if it was the other way around wouldn’t the movie get called sexist no matter how it was portrayed. In the movie one of Barbie’s objectify ken talking about his genitals. No one brought that up? Tiktok is so annoying over this issue. We have girls going if your boyfriend doesn’t understand Barbie then he’s a bad person. Only some of the jokes were funny and I didn’t even laugh at some parts. How did this get a 89%? If it was a men’s point of view it would get like 20% on rotten tomatoes.,barbie,CULTURE_IDEOLOGY,,,barbie. so if we dislike this movie we are an incel and sexist? i’m sorry but if it was the other way around wouldn’t the movie get called sexist no matter how it was portrayed. in the movie one of barbie’s objectify ken talking about his genitals. no one brought that up? tiktok is so annoying over this issue. we have girls going if your boyfriend doesn’t understand barbie then he’s a bad person. only some of the jokes were funny and i didn’t even laugh at some parts. how did this get a 89%? if it was a men’s point of view it would get like 20% on rotten tomatoes.
I'm Legit Pissed at the Barbie Movie,"It started off with a metaphor for abortion. Little girls discover Barbie in prehistoric times and start smashing their baby dolls in exchange for Barbie.  If the metaphor of little girls happily destroying the embodiment of motherhood to focus their lives on something plastic and materialistic like a Barbie is lost on you, I don't what to tell you. 

The consequences this movie will likely have on little girls. Produced an even bigger number of man haters in the future. Stuff like this makes me kind of hope I have a boy if I'm ever lucky enough to be a parent.

Would definitely love my daughter but I couldn't imagine the challenge of having to explain to her in a way that a little child can understand why this is wrong or try reconcile what she would see in a film like this.",barbie,CULTURE_IDEOLOGY,,,"i'm legit pissed at the barbie movie. it started off with a metaphor for abortion. little girls discover barbie in prehistoric times and start smashing their baby dolls in exchange for barbie.  if the metaphor of little girls happily destroying the embodiment of motherhood to focus their lives on something plastic and materialistic like a barbie is lost on you, i don't what to tell you. 

the consequences this movie will likely have on little girls. produced an even bigger number of man haters in the future. stuff like this makes me kind of hope i have a boy if i'm ever lucky enough to be a parent.

would definitely love my daughter but i couldn't imagine the challenge of having to explain to her in a way that a little child can understand why this is wrong or try reconcile what she would see in a film like this."
Barbie Woke,For those who have watched… how woke was it really ??? I was really excited for the film but now Im a bit cautious… pls tell me this isn’t true.,barbie,CULTURE_IDEOLOGY,,,barbie woke. for those who have watched… how woke was it really ??? i was really excited for the film but now im a bit cautious… pls tell me this isn’t true.
