title,text,movie,final_annotation,Unnamed: 4,round1,combined
Are we in the calmness part of the storm that's arriving in the form of Barbie on 21st July??,Calm before the storm! Tik Tock tik tock tik tock..!,barbie,INDUSTRY_STRATEGY,INDUSTRY_STRATEGY,MARKETING_HYPE,are we in the calmness part of the storm that's arriving in the form of barbie on 21st july??. calm before the storm! tik tock tik tock tik tock..!
Will Barbie’s marketing budget rival its production budget?,"Seeing that the budget for this film is reportedly $100 mil and so some of are thinking it can make it’s money back fairly quickly. But between the traditional press tour (international and domestic), print and social media press runs could that *balloon* the market budget to considerable amount? An amount that could make it’s total budget even upwards of $150 or even much more?",barbie,INDUSTRY_STRATEGY,,MARKETING_HYPE,"will barbie’s marketing budget rival its production budget?. seeing that the budget for this film is reportedly $100 mil and so some of are thinking it can make it’s money back fairly quickly. but between the traditional press tour (international and domestic), print and social media press runs could that *balloon* the market budget to considerable amount? an amount that could make it’s total budget even upwards of $150 or even much more?"
Is this the year of Hollywood Imploding?,"It's concerning just how many movies are flopping this year. 

* Flash
* Antman 3
* Renfeld
* 65
* Dungeons &amp; Dragons
* Beau Is Afraid
* Shazam 2
* Elemental
* Indiana Jones 5 (yeah, it just came out... but look at the weekend projections, it's not going to cover the budget, much less the marketing costs)

All of these movies have failed to make their budgets back in theaters. Rumors have it Little Mermaid, Transformers and Fast X *barely* made a profit. 

Yeah, Spider Verse and Super Mario were hits, Barbie, Mission Impossible and Oppenheimer will likely do quite well. But that's a handful of movies in what looks like a sea of flops. Aquaman 2, Blue Beetle, Marvels, Kraven, Gran Turismo, I think these will all fair poorly.  

What do you guys think the end result of all this will be? Tighter budgets? Less confidence in pre-existing IPs?",barbie,INDUSTRY_STRATEGY,,INDUSTRY_STRATEGY,"is this the year of hollywood imploding?. it's concerning just how many movies are flopping this year. 

* flash
* antman 3
* renfeld
* 65
* dungeons &amp; dragons
* beau is afraid
* shazam 2
* elemental
* indiana jones 5 (yeah, it just came out... but look at the weekend projections, it's not going to cover the budget, much less the marketing costs)

all of these movies have failed to make their budgets back in theaters. rumors have it little mermaid, transformers and fast x *barely* made a profit. 

yeah, spider verse and super mario were hits, barbie, mission impossible and oppenheimer will likely do quite well. but that's a handful of movies in what looks like a sea of flops. aquaman 2, blue beetle, marvels, kraven, gran turismo, i think these will all fair poorly.  

what do you guys think the end result of all this will be? tighter budgets? less confidence in pre-existing ips?"
Why is Disney releasing Haunted Mansion in July and not October?,"I’m sorry, this makes absolutely no sense to me.

In July, Haunted Mansion will be trampled by Barbie and then have to compete with Teenage Mutant Ninja Turtles five days later. It’s completely sandwiched in.

But in October, not only would the movie be a much better fit for the Halloween season, but there would be little to no competition for the movie’s demographic. The only family friendly film in that timespan is Paw Patrol, and that’s for far younger kids. Kraven the Hunter is going to be rated R, and families will be looking for an alternative. Disney themselves will have nothing until November with The Marvels and Wish, so there’s zero conflict.

Am I not seeing something important? Because I just don’t see the logic. I honestly believe this is a $50m+ opening in October, conservatively.",barbie,INDUSTRY_STRATEGY,,INDUSTRY_STRATEGY,"why is disney releasing haunted mansion in july and not october?. i’m sorry, this makes absolutely no sense to me.

in july, haunted mansion will be trampled by barbie and then have to compete with teenage mutant ninja turtles five days later. it’s completely sandwiched in.

but in october, not only would the movie be a much better fit for the halloween season, but there would be little to no competition for the movie’s demographic. the only family friendly film in that timespan is paw patrol, and that’s for far younger kids. kraven the hunter is going to be rated r, and families will be looking for an alternative. disney themselves will have nothing until november with the marvels and wish, so there’s zero conflict.

am i not seeing something important? because i just don’t see the logic. i honestly believe this is a $50m+ opening in october, conservatively."
Has the summer box office changed your thoughts on what films could do well at the end of the year?,"I've been keeping track of what has performed differently to what everyone on the sub predicted. Basically, ""What movies was r/boxoffice wrong about?"" These are the most obvious ones.So far we've got,

\- Mario

\- The Little Mermaid

\- Across the Spiderverse

\- The Flash

\- Indiana Jones and The Dial of Destiny

\- Mission Impossible

\- Barbie

\- Oppenheimer

What future movies will perform better or worse in comparison to what most are thinking?",barbie,INDUSTRY_STRATEGY,,INDUSTRY_STRATEGY,"has the summer box office changed your thoughts on what films could do well at the end of the year?. i've been keeping track of what has performed differently to what everyone on the sub predicted. basically, ""what movies was r/boxoffice wrong about?"" these are the most obvious ones.so far we've got,

\- mario

\- the little mermaid

\- across the spiderverse

\- the flash

\- indiana jones and the dial of destiny

\- mission impossible

\- barbie

\- oppenheimer

what future movies will perform better or worse in comparison to what most are thinking?"
My takeaways from this year's box office so far: A hook and WOM are necessary,"In 2018-2019 any remote blockbuster could make 500 mil pretty easy. Didn't matter how good you were or what kind of hook you had. 

Now in the post Covis era that is not enough. Here are box office flops/bombs this year off the top of my head:

The Flash

Ant Man 3

The Haunted Mansion

Indiana Jones 5

Movies that will or have struggled to break even:

Fast X

Mission Impossible

Elemental

Movies that have exceeded Box office expectations

Mario

Barbie

Oppenheimer

Sound of Freedom

Guardians 3

What does the first group have in common:

No real good hook other than ""here is known product please come see."" Not good word of mouth

The second group is interesting. 2/3 are existing IPs with large fanbases. And neither were complete failures but far from box office smashes. Elemental is also not a smash but word of mouth saved it. 


The last group the successes all have: a good hook (extremely popular character in a film made for fans of that character, excellent marketing campaign, highly popular and prolific director, end of the trilogy) except for Sound of Freedom whcih has excellent word of mouth mixed with controversy (which tends to help). They also all had good word of mouth and Guardians 3 desperately needed it  for a mediocre opening. And all are generally considered very good movies except for Mario which is one of the single most popular brands in the planet. And it wasn't terrible either. 

So what do you need to be a box office success? A hook, a reason to get people in the seats and/or very good word of mouth. You also need to be at least somewhat good. And the hook can't be ""hey we are Disney here is a movie about a ride"" or ""here is 80 year old Harrison Ford, you like Harrison Ford"".",barbie,INDUSTRY_STRATEGY,,INDUSTRY_STRATEGY,"my takeaways from this year's box office so far: a hook and wom are necessary. in 2018-2019 any remote blockbuster could make 500 mil pretty easy. didn't matter how good you were or what kind of hook you had. 

now in the post covis era that is not enough. here are box office flops/bombs this year off the top of my head:

the flash

ant man 3

the haunted mansion

indiana jones 5

movies that will or have struggled to break even:

fast x

mission impossible

elemental

movies that have exceeded box office expectations

mario

barbie

oppenheimer

sound of freedom

guardians 3

what does the first group have in common:

no real good hook other than ""here is known product please come see."" not good word of mouth

the second group is interesting. 2/3 are existing ips with large fanbases. and neither were complete failures but far from box office smashes. elemental is also not a smash but word of mouth saved it. 


the last group the successes all have: a good hook (extremely popular character in a film made for fans of that character, excellent marketing campaign, highly popular and prolific director, end of the trilogy) except for sound of freedom whcih has excellent word of mouth mixed with controversy (which tends to help). they also all had good word of mouth and guardians 3 desperately needed it  for a mediocre opening. and all are generally considered very good movies except for mario which is one of the single most popular brands in the planet. and it wasn't terrible either. 

so what do you need to be a box office success? a hook, a reason to get people in the seats and/or very good word of mouth. you also need to be at least somewhat good. and the hook can't be ""hey we are disney here is a movie about a ride"" or ""here is 80 year old harrison ford, you like harrison ford""."
When do you think Paramount is gonna send Dead Reckoning Part 1 to digital PVOD?,"They’re definitely not waiting as long as they did with Top Gun Maverick. 

I think very early September if the movie doesn’t cross the 600 mark by mid August",mission_impossible,INDUSTRY_STRATEGY,,INDUSTRY_STRATEGY,"when do you think paramount is gonna send dead reckoning part 1 to digital pvod?. they’re definitely not waiting as long as they did with top gun maverick. 

i think very early september if the movie doesn’t cross the 600 mark by mid august"
I could really use a collectors help,"I want all the mission impossible in steelbooks to give to my girlfriend after all we been through. I don’t know movies, but it seems a lot are advertised as a ripoff as a one set. Could you direct me as to what would be the best price for everything and authentic? I will but just the newest one to go along with",mission_impossible,INDUSTRY_STRATEGY,`,INDUSTRY_STRATEGY,"i could really use a collectors help. i want all the mission impossible in steelbooks to give to my girlfriend after all we been through. i don’t know movies, but it seems a lot are advertised as a ripoff as a one set. could you direct me as to what would be the best price for everything and authentic? i will but just the newest one to go along with"
What’s the next untapped IP?,"After the massive success of Barbie and Super Mario, Hollywood will surely look to more longstanding beloved pieces of IP that have yet to be fully mined on the big screen.

What else is out there? If you were running a studio and looking for untapped IP with the potential to really catch on at a massive scale - where would you look?",barbie,INDUSTRY_STRATEGY,,INDUSTRY_STRATEGY,"what’s the next untapped ip?. after the massive success of barbie and super mario, hollywood will surely look to more longstanding beloved pieces of ip that have yet to be fully mined on the big screen.

what else is out there? if you were running a studio and looking for untapped ip with the potential to really catch on at a massive scale - where would you look?"
Name a terribly reviewed or generally poorly received film that is a prime example of being successful simply due to the star of the film,"I pick Cocktail, a 1988 film about Tom Cruise being a hotshot bartender. It's at a measly 9% on RT. It grossed 170 million worldwide vs a budget of 20 million.",mission_impossible,INDUSTRY_STRATEGY,,INDUSTRY_STRATEGY,"name a terribly reviewed or generally poorly received film that is a prime example of being successful simply due to the star of the film. i pick cocktail, a 1988 film about tom cruise being a hotshot bartender. it's at a measly 9% on rt. it grossed 170 million worldwide vs a budget of 20 million."
2023 Paramount Pictures,"I’m thinking back to Avatar 2 and 3 before release when many people were thinking it was going to bomb, and a lot of people were saying that the box office of Avatar 3 is really what matters because the two movies were (financially) a package deal (there was a lot of thinking that the 13 year gap would cause Avatar 2 to underperform, but word of mouth of a good Avatar 2 would carry Avatar 3). Now obviously, Avatar 2 made so much money that the box office of Avatar 3 doesn’t really matter as all box office of Avatar 3 will be profit.

With all that said, MI7 and MI8 are a similar package deal with a 2 film budget of around $500 million. Assuming the profitability number for the combined films is $1.35 billion, and MI7 ends its run with about $550 million (there are some hopes from Tom Cruise that a second wind of IMAX showings will happen in August to increase overall returns to closer to $650 million or more), that would mean MI8 would need to gross $800 million, which isn’t outside the realm of possibility.

Something that is somewhat related is the box office of Dungeons &amp; Dragons: Honor Among Thieves. With hindsight, that movie did much better than it appears back during release. Very few movies have been runaway successes this year, and the timing of that film could not have been worse (the Open Games License controversy was turning off the hype of the film). I think it would be wise for Paramount to give that film series a second chance as either a sequel film or a TV Show (like a reverse Star Trek TOS, where it started as a TV show and became a movie series). It would be a pity if a great movie was abandoned because of bad circumstances.

Regarding Transformers/GI Joe, I think that concept is full steam ahead even the Transformers films have been on a downward trend since Transformers: The Last Knight. 

I believe the $70 million budgeted Teenage Mutant Ninja Turtles: Mutant Mayhem will be profitable for the studio, so maybe it’s time to make an animated Star Trek film with the same feel as The Next Generation/Deep Space Nine era of shows for around the same amount? I mean Star Trek has never been a huge money maker, but if you make it for the right amount, you could squeeze out a nice profit. It could be worth a shot.",mission_impossible,INDUSTRY_STRATEGY,,INDUSTRY_STRATEGY,"2023 paramount pictures. i’m thinking back to avatar 2 and 3 before release when many people were thinking it was going to bomb, and a lot of people were saying that the box office of avatar 3 is really what matters because the two movies were (financially) a package deal (there was a lot of thinking that the 13 year gap would cause avatar 2 to underperform, but word of mouth of a good avatar 2 would carry avatar 3). now obviously, avatar 2 made so much money that the box office of avatar 3 doesn’t really matter as all box office of avatar 3 will be profit.

with all that said, mi7 and mi8 are a similar package deal with a 2 film budget of around $500 million. assuming the profitability number for the combined films is $1.35 billion, and mi7 ends its run with about $550 million (there are some hopes from tom cruise that a second wind of imax showings will happen in august to increase overall returns to closer to $650 million or more), that would mean mi8 would need to gross $800 million, which isn’t outside the realm of possibility.

something that is somewhat related is the box office of dungeons &amp; dragons: honor among thieves. with hindsight, that movie did much better than it appears back during release. very few movies have been runaway successes this year, and the timing of that film could not have been worse (the open games license controversy was turning off the hype of the film). i think it would be wise for paramount to give that film series a second chance as either a sequel film or a tv show (like a reverse star trek tos, where it started as a tv show and became a movie series). it would be a pity if a great movie was abandoned because of bad circumstances.

regarding transformers/gi joe, i think that concept is full steam ahead even the transformers films have been on a downward trend since transformers: the last knight. 

i believe the $70 million budgeted teenage mutant ninja turtles: mutant mayhem will be profitable for the studio, so maybe it’s time to make an animated star trek film with the same feel as the next generation/deep space nine era of shows for around the same amount? i mean star trek has never been a huge money maker, but if you make it for the right amount, you could squeeze out a nice profit. it could be worth a shot."
Do you think Wonder Woman (2017) would have been a billion-dollar movie had Batman v Superman not been so poorly received?,"I feel like it should have done Barbie or Captain Marvel numbers or at least close to them. Wonder Woman is the most iconic female superhero by far and they made a movie that was very well received overall. I remember really enjoying myself when I saw it in theaters and I think most people felt the same way. 

Barbie had a great marketing campaign that built up a lot of hype and Captain Marvel was aided by the Marvel branding and a cliffhanger from Infinity War that teased the character. But Wonder Woman had to fight a huge uphill battle in the sense that the character was recently introduced in a movie that scored less than 30% on Rotten Tomatoes (which was followed by Suicide Squad that was also very poorly received). 

Part of me wonders if Wonder Woman would have made more money had it not been connected to any other DC movies at all and had just been released as a standalone thing.",barbie,INDUSTRY_STRATEGY,,INDUSTRY_STRATEGY,"do you think wonder woman (2017) would have been a billion-dollar movie had batman v superman not been so poorly received?. i feel like it should have done barbie or captain marvel numbers or at least close to them. wonder woman is the most iconic female superhero by far and they made a movie that was very well received overall. i remember really enjoying myself when i saw it in theaters and i think most people felt the same way. 

barbie had a great marketing campaign that built up a lot of hype and captain marvel was aided by the marvel branding and a cliffhanger from infinity war that teased the character. but wonder woman had to fight a huge uphill battle in the sense that the character was recently introduced in a movie that scored less than 30% on rotten tomatoes (which was followed by suicide squad that was also very poorly received). 

part of me wonders if wonder woman would have made more money had it not been connected to any other dc movies at all and had just been released as a standalone thing."
Oppenheimer Alternative Poster,Apologies if someone’s already done this better!,oppenheimer,INDUSTRY_STRATEGY,,MARKETING_HYPE,oppenheimer alternative poster. apologies if someone’s already done this better!
How much do drive-ins contribute to the overall box office?,"From a cursory glance, there's ~300 drive-ins still operating in the United States. From the ones I've been to, they seem to do pretty decent business.

But the big question here is: how much do they actually contribute? Are there any white papers about this? Due to the ""carload"" rates some places do, and the double feature format for value (which...one nearest me has the weirdest double feature of *Sound of Freedom* followed by *Barbie*)... It seems like even a fully loaded venue would bring in lower than average numbers.",barbie,INDUSTRY_STRATEGY,,INDUSTRY_STRATEGY,"how much do drive-ins contribute to the overall box office?. from a cursory glance, there's ~300 drive-ins still operating in the united states. from the ones i've been to, they seem to do pretty decent business.

but the big question here is: how much do they actually contribute? are there any white papers about this? due to the ""carload"" rates some places do, and the double feature format for value (which...one nearest me has the weirdest double feature of *sound of freedom* followed by *barbie*)... it seems like even a fully loaded venue would bring in lower than average numbers."
Screen Counts &amp; Holdover Weeks,"Since we have some surprising movies this summer that are over-performing, along with some that are under-performing.  Wanted to provide some insider info about how long these movies will have screens.  

Most movies are booked with a minimum guarantee on the number of weeks.   Typically 2-3 weeks guaranteed.    This means that a movie booked at 3570 screens.   Will keep all those at least through week 2, and usually through week 3.   

After week 3, the theatre can “play-off” (get rid of a movie) whenever the grosses determine it’s appropriate.  Meaning, if I have 10 screens, and I’m bringing in 3 new titles on Friday, I can only get rid of the bottom 3 movies in my plex - unless they are still on guarantee time, then the next lowest gross comes off.   

It seems obvious, but once you get past a movies 3rd week - it’s all gross driven.   The good ones keep screens, the movies that are bombing lose them pretty quickly.   

This is also why a movie like Top Gun last year stays on screen for SO LONG.  It just kept doing better than other movies - so newer ones played off while TG stayed booked.  
I would expect this with Barbie too.  It’ll keep screens for a long time.",barbie,INDUSTRY_STRATEGY,,INDUSTRY_STRATEGY,"screen counts &amp; holdover weeks. since we have some surprising movies this summer that are over-performing, along with some that are under-performing.  wanted to provide some insider info about how long these movies will have screens.  

most movies are booked with a minimum guarantee on the number of weeks.   typically 2-3 weeks guaranteed.    this means that a movie booked at 3570 screens.   will keep all those at least through week 2, and usually through week 3.   

after week 3, the theatre can “play-off” (get rid of a movie) whenever the grosses determine it’s appropriate.  meaning, if i have 10 screens, and i’m bringing in 3 new titles on friday, i can only get rid of the bottom 3 movies in my plex - unless they are still on guarantee time, then the next lowest gross comes off.   

it seems obvious, but once you get past a movies 3rd week - it’s all gross driven.   the good ones keep screens, the movies that are bombing lose them pretty quickly.   

this is also why a movie like top gun last year stays on screen for so long.  it just kept doing better than other movies - so newer ones played off while tg stayed booked.  
i would expect this with barbie too.  it’ll keep screens for a long time."
Would Blue Beetle do better if WB tapped into the #BlueBeetleBattalion memes?,"I think most people are agreed that *Blue Beetle* is heading for a disastrous box office run due to a combination of lack of interest, DC fatigue and poor marketing. However, right now, there is a social media trend of the #BlueBeetleBattalion showing up in droves on opening weekend to launch the movie to a huge opening.

My question is this: Whilst this trend is obviously meant to be ironic, would the movie perform better if WB embraced the memes in their marketing, especially given that the strikes mean that the actors can't help promote the film? We've seen with the #Gentleminions trend, as well as with *Cocaine Bear*, *M3GAN* and *Barbie*, that social media hype *can* in fact translate to the box office.

On the other hand, the most obvious recent example of a superhero film that experienced numerous ironic memes about how successful it was is *Morbius*, and Sony embarrassed themselves trying to tap into the ironic hype with the infamous re-release. Perhaps the same fate befalls *Blue Beetle* if WB tries to use the memes to its advantage?",barbie,INDUSTRY_STRATEGY,,MARKETING_HYPE,"would blue beetle do better if wb tapped into the #bluebeetlebattalion memes?. i think most people are agreed that *blue beetle* is heading for a disastrous box office run due to a combination of lack of interest, dc fatigue and poor marketing. however, right now, there is a social media trend of the #bluebeetlebattalion showing up in droves on opening weekend to launch the movie to a huge opening.

my question is this: whilst this trend is obviously meant to be ironic, would the movie perform better if wb embraced the memes in their marketing, especially given that the strikes mean that the actors can't help promote the film? we've seen with the #gentleminions trend, as well as with *cocaine bear*, *m3gan* and *barbie*, that social media hype *can* in fact translate to the box office.

on the other hand, the most obvious recent example of a superhero film that experienced numerous ironic memes about how successful it was is *morbius*, and sony embarrassed themselves trying to tap into the ironic hype with the infamous re-release. perhaps the same fate befalls *blue beetle* if wb tries to use the memes to its advantage?"
Will Mario’s current international gross ($773m) be over/under MI7 total?,"MI7 has amazing reviews but with China not being as big as it was pre-covid, im suspecting this film to do around the same as Fallout. Domestic and other countries will probably make up for the loss of China.",mission_impossible,INDUSTRY_STRATEGY,,INDUSTRY_STRATEGY,"will mario’s current international gross ($773m) be over/under mi7 total?. mi7 has amazing reviews but with china not being as big as it was pre-covid, im suspecting this film to do around the same as fallout. domestic and other countries will probably make up for the loss of china."
Is the WGA strike indirectly affecting box office numbers since no talk show rounds/segments?,"Curious to hear people’s thoughts on how, if at all, the WGA strike may be affecting the box office numbers of the recent movies? Talk shows provide a lot of eyeballs on clips of upcoming release plus there’s often some lazily written free press after the fact if something noteworthy came out of the talk show plug or if some segment went viral (like some of Tom Cruise’s on Fallon have).  

With no talk shows, that’s presumably extra marketing money that has be spent on publicity and it’s possibly harder to spread the word about new releases. Just wondering what others think about this!",mission_impossible,INDUSTRY_STRATEGY,,INDUSTRY_STRATEGY,"is the wga strike indirectly affecting box office numbers since no talk show rounds/segments?. curious to hear people’s thoughts on how, if at all, the wga strike may be affecting the box office numbers of the recent movies? talk shows provide a lot of eyeballs on clips of upcoming release plus there’s often some lazily written free press after the fact if something noteworthy came out of the talk show plug or if some segment went viral (like some of tom cruise’s on fallon have).  

with no talk shows, that’s presumably extra marketing money that has be spent on publicity and it’s possibly harder to spread the word about new releases. just wondering what others think about this!"
Can a Barbie like G.I Joe movie work?,"Imagine a radical, paradigm-shifting film where the quintessential G.I. Joe - the symbol of heroism and duty, shaped and polished by the Military-Industrial Complex (MIC) - faces a profound moral crisis. He begins to question the morality of war, the concept of 'justified violence', and the overarching authority of the MIC. This is a G.I. Joe movie that dares to tread the untread path, challenging the norms and conventions of its predecessors.

The film could open with the protagonist enmeshed in the fabric of the MIC, unquestioningly executing orders. However, a series of unanticipated events shatter his belief system, forcing him to question his lifelong devotion to the military. As he uncovers the manipulative power structures and uncalled-for violence perpetuated by the MIC, his faith in his superiors crumbles, his image of the 'enemy' blurs, and he finds himself alienated in his own world.

The audience would be taken along the protagonist's journey of questioning, realization, and rebellion. The narrative would delve into his struggle as he attempts to reconcile his love for his country with his growing disdain for the system that controls it. It would showcase his transition from a puppet in the hands of the MIC to an enlightened being who dares to voice his dissent against the systemic exploitation.

Yet, can such a movie work? The G.I. Joe franchise is deeply rooted in the ethos of patriotic heroism, and a drastic departure from this theme may risk alienating its traditional fan base. On the other hand, it could also open up new avenues for a more mature audience who are willing to engage in discussions about the role of the military, the morality of war, and the MIC's influence.

However, the challenge lies not just in acceptance, but also in execution. The film needs to balance its critical stance with an engaging narrative that does not compromise on the action and adventure that G.I. Joe is known for. The protagonist's transformation should be gradual and believable, with ample room for character development. The action sequences should not just be gratuitous violence, but rather serve to drive the narrative and underline the movie's central theme.

In a world increasingly conscious of the horrors of war and the exploitation by power structures, such a G.I. Joe movie could indeed work. It has the potential to inspire dialogue and provoke thought, while keeping viewers engaged with its compelling storyline and thrilling action sequences.",barbie,INDUSTRY_STRATEGY,,INDUSTRY_STRATEGY,"can a barbie like g.i joe movie work?. imagine a radical, paradigm-shifting film where the quintessential g.i. joe - the symbol of heroism and duty, shaped and polished by the military-industrial complex (mic) - faces a profound moral crisis. he begins to question the morality of war, the concept of 'justified violence', and the overarching authority of the mic. this is a g.i. joe movie that dares to tread the untread path, challenging the norms and conventions of its predecessors.

the film could open with the protagonist enmeshed in the fabric of the mic, unquestioningly executing orders. however, a series of unanticipated events shatter his belief system, forcing him to question his lifelong devotion to the military. as he uncovers the manipulative power structures and uncalled-for violence perpetuated by the mic, his faith in his superiors crumbles, his image of the 'enemy' blurs, and he finds himself alienated in his own world.

the audience would be taken along the protagonist's journey of questioning, realization, and rebellion. the narrative would delve into his struggle as he attempts to reconcile his love for his country with his growing disdain for the system that controls it. it would showcase his transition from a puppet in the hands of the mic to an enlightened being who dares to voice his dissent against the systemic exploitation.

yet, can such a movie work? the g.i. joe franchise is deeply rooted in the ethos of patriotic heroism, and a drastic departure from this theme may risk alienating its traditional fan base. on the other hand, it could also open up new avenues for a more mature audience who are willing to engage in discussions about the role of the military, the morality of war, and the mic's influence.

however, the challenge lies not just in acceptance, but also in execution. the film needs to balance its critical stance with an engaging narrative that does not compromise on the action and adventure that g.i. joe is known for. the protagonist's transformation should be gradual and believable, with ample room for character development. the action sequences should not just be gratuitous violence, but rather serve to drive the narrative and underline the movie's central theme.

in a world increasingly conscious of the horrors of war and the exploitation by power structures, such a g.i. joe movie could indeed work. it has the potential to inspire dialogue and provoke thought, while keeping viewers engaged with its compelling storyline and thrilling action sequences."
Why are people writing off Killers of the Flower Moon?,"Everywhere I look recently there’s been constant doom and gloom about KotFM. I’m not saying it’s gonna make like 600m worldwide and become a cultural phenomenon, but some of the predictions I’ve seen from it are absurdly low.

I feel like if Oppenheimer taught us anything about box office, besides the power of internet hype, is that nontraditional movies in this age can still do great, especially considering how strong of a comparison those two films are.

While Nolan is a bigger box office draw by name alone, Scorsese’s name still holds a ton of prestige, so there’s a similar draw from the directors talent. And unlike Oppenheimer, DiCaprio is a much stronger box office draw by that name alone. I know this is definitely going to be hampered by the SAGAFTRA strike with DiCaprio and De Niro not being able to do press, but the names are still a strong draw and will be even more if the studios come to a resolutions like they are allegedly seeming.

Both of them are 3 hour historical stories, which is traditionally not a blockbuster genre. Yet Oppenheimer is doing phenomenal.

If you want another comparison, look at Once Upon a Time in Hollywood. A 3 hour movie that is a genre that traditionally doesn’t appeal to people (a movie about “making movies”) by an acclaimed director staring DiCaprio. That film made almost $400m. Now replace Brad Pitt and Margot Robbie star power with De Niro and Brendan Fraser star power, and give it an even higher critic score. 

Again, I’m not saying it’s gonna have a Barbie level run. I just strongly disagree with the Babylon level bomb some have been pushing, especially if the Actor’s Strike is resolved.",barbie,INDUSTRY_STRATEGY,,INDUSTRY_STRATEGY,"why are people writing off killers of the flower moon?. everywhere i look recently there’s been constant doom and gloom about kotfm. i’m not saying it’s gonna make like 600m worldwide and become a cultural phenomenon, but some of the predictions i’ve seen from it are absurdly low.

i feel like if oppenheimer taught us anything about box office, besides the power of internet hype, is that nontraditional movies in this age can still do great, especially considering how strong of a comparison those two films are.

while nolan is a bigger box office draw by name alone, scorsese’s name still holds a ton of prestige, so there’s a similar draw from the directors talent. and unlike oppenheimer, dicaprio is a much stronger box office draw by that name alone. i know this is definitely going to be hampered by the sagaftra strike with dicaprio and de niro not being able to do press, but the names are still a strong draw and will be even more if the studios come to a resolutions like they are allegedly seeming.

both of them are 3 hour historical stories, which is traditionally not a blockbuster genre. yet oppenheimer is doing phenomenal.

if you want another comparison, look at once upon a time in hollywood. a 3 hour movie that is a genre that traditionally doesn’t appeal to people (a movie about “making movies”) by an acclaimed director staring dicaprio. that film made almost $400m. now replace brad pitt and margot robbie star power with de niro and brendan fraser star power, and give it an even higher critic score. 

again, i’m not saying it’s gonna have a barbie level run. i just strongly disagree with the babylon level bomb some have been pushing, especially if the actor’s strike is resolved."
What are some predictions which you got absolutely right this year?,"This year has been a clusterf*ck of shocks, flops, surprises, and what not....and most of us made so many Ls with our predictions including Me but what is the one which u got the most right? 

For me I got Fast X and TLM right , and Spiderverse as well..almost everything else, especially MI and Barbenheimer, got wrong...l",barbie,INDUSTRY_STRATEGY,,INDUSTRY_STRATEGY,"what are some predictions which you got absolutely right this year?. this year has been a clusterf*ck of shocks, flops, surprises, and what not....and most of us made so many ls with our predictions including me but what is the one which u got the most right? 

for me i got fast x and tlm right , and spiderverse as well..almost everything else, especially mi and barbenheimer, got wrong...l"
Mario and Barbie are the highlight success stories of 2023. What lessons should studios take away from this?,"Imo it shows that they don't have to constantly mine the same IPs over and over. There are other brands that haven't been in movies as much that are just as big as the likes of Marvel and Star Wars, but their potential on the big screen has not yet been realized.",barbie,INDUSTRY_STRATEGY,,INDUSTRY_STRATEGY,"mario and barbie are the highlight success stories of 2023. what lessons should studios take away from this?. imo it shows that they don't have to constantly mine the same ips over and over. there are other brands that haven't been in movies as much that are just as big as the likes of marvel and star wars, but their potential on the big screen has not yet been realized."
TMNT Amimator Conditions,This post raises a good question about if TMNT’s low budget meant that the animators were mistreated and underpaid…,tmnt,INDUSTRY_STRATEGY,,INDUSTRY_STRATEGY,tmnt amimator conditions. this post raises a good question about if tmnt’s low budget meant that the animators were mistreated and underpaid…
As a former entertainment journalist and PR person I feel like this sub misses one key elements of success?,"I’ve noticed this around the Barbie movie, but it seems to be a theme in a lot of analysis - there’s this idea that audience are themselves the primary driver of what they go on watch, in way that really undermines ‘influence’.

Take Barbie for example - I’ve seen people say repeatedly that Greta Gerwig as a name is not the reason for the box office success, because the general audience don’t know she is. While it’s true they don’t know who she is, journalists,  industry peers and influencers certainly know who she is - and these are the sources that trickle down to the public to gain information to a film.

It’s a bit like hits on the radio - they don’t just happen ‘organically’, there are many gatekeepers who put forward music to the general public, with all sorts of complex industry reasons influencing their decisions.

Another oft repeated myth is that Twitter has ‘no impact’, because the vast majority of the general audience are not on Twitter. But who is on Twitter? Journalists, influencers and industry movers and shakers - and Twitter discussion among these elite groups has all kinds of effects in the way info is communicated to the public - and in turn, the public often trusts these elite groups/individuals.

Now don’t get me wrong I’m not saying journalists and influencers are the only or even the main reason films make money - we can clearly see that’s not the case. But PR, and the influence of those seen to have cultural authority does have meaning, and helps to influence buzz, and support momentum.

 The idea that box office smashes just happen organically like some kind of revolution is a seductive idea, but I don’t think it’s accurate.",barbie,INDUSTRY_STRATEGY,,INDUSTRY_STRATEGY,"as a former entertainment journalist and pr person i feel like this sub misses one key elements of success?. i’ve noticed this around the barbie movie, but it seems to be a theme in a lot of analysis - there’s this idea that audience are themselves the primary driver of what they go on watch, in way that really undermines ‘influence’.

take barbie for example - i’ve seen people say repeatedly that greta gerwig as a name is not the reason for the box office success, because the general audience don’t know she is. while it’s true they don’t know who she is, journalists,  industry peers and influencers certainly know who she is - and these are the sources that trickle down to the public to gain information to a film.

it’s a bit like hits on the radio - they don’t just happen ‘organically’, there are many gatekeepers who put forward music to the general public, with all sorts of complex industry reasons influencing their decisions.

another oft repeated myth is that twitter has ‘no impact’, because the vast majority of the general audience are not on twitter. but who is on twitter? journalists, influencers and industry movers and shakers - and twitter discussion among these elite groups has all kinds of effects in the way info is communicated to the public - and in turn, the public often trusts these elite groups/individuals.

now don’t get me wrong i’m not saying journalists and influencers are the only or even the main reason films make money - we can clearly see that’s not the case. but pr, and the influence of those seen to have cultural authority does have meaning, and helps to influence buzz, and support momentum.

 the idea that box office smashes just happen organically like some kind of revolution is a seductive idea, but i don’t think it’s accurate."
This might be the first year Disney won't have a top 3 DOM film since 2011,"Not counting 2020 obviously. But with Mario, Barbie, and Spider-Verse looking to be the top 3 movies domestically for the rest of the year it seems like it's happening. Unless Marvels really breaks out and outgrosses Spider-Verse, which I don't think anyone expects to happen.

The top 3 in 2011 were:

1. ***Harry Potter and the Deathly Hallows Part II*** (381M) 
2. ***Transformers: Dark of the Moon*** (352M) 
3. ***The Twilight Saga: Breaking Dawn Part 1*** (281M). 

The highest grossing Disney film that year was ***Pirates of the Caribbean: On Stranger Tides*** (241M) which was actually number three worldwide that year, but fifth domestically behind ***The Hangover Part II*** (254M).",barbie,INDUSTRY_STRATEGY,,INDUSTRY_STRATEGY,"this might be the first year disney won't have a top 3 dom film since 2011. not counting 2020 obviously. but with mario, barbie, and spider-verse looking to be the top 3 movies domestically for the rest of the year it seems like it's happening. unless marvels really breaks out and outgrosses spider-verse, which i don't think anyone expects to happen.

the top 3 in 2011 were:

1. ***harry potter and the deathly hallows part ii*** (381m) 
2. ***transformers: dark of the moon*** (352m) 
3. ***the twilight saga: breaking dawn part 1*** (281m). 

the highest grossing disney film that year was ***pirates of the caribbean: on stranger tides*** (241m) which was actually number three worldwide that year, but fifth domestically behind ***the hangover part ii*** (254m)."
Is Mission Impossible the strongest current franchise?,"Just looking at what’s happened the last year or so, we’ve seen the MCU really stall. Antman and Thor really underperformed and lacked the excitement of previous installments. Not to mention the mixed at best reaction of the Disney Plus slate of programs. 

The DCU is a mess. The Flash probably was destined to fail but still, I’m not sure anyone could have expected this kind of disaster. 

Then look at Fast and the diminishing returns, Star Wars burnout and now Indians Jones really falling well below expectations. 

The hype for Dead Reckoning appears real with 99% on Rotten. I’m hard pressed to think of another IP that has this kind of consistency and reliance at the box office. 

Curious to see what everyone thinks and what may be the ultimate reason for it. Tia!",mission_impossible,INDUSTRY_STRATEGY,,INDUSTRY_STRATEGY,"is mission impossible the strongest current franchise?. just looking at what’s happened the last year or so, we’ve seen the mcu really stall. antman and thor really underperformed and lacked the excitement of previous installments. not to mention the mixed at best reaction of the disney plus slate of programs. 

the dcu is a mess. the flash probably was destined to fail but still, i’m not sure anyone could have expected this kind of disaster. 

then look at fast and the diminishing returns, star wars burnout and now indians jones really falling well below expectations. 

the hype for dead reckoning appears real with 99% on rotten. i’m hard pressed to think of another ip that has this kind of consistency and reliance at the box office. 

curious to see what everyone thinks and what may be the ultimate reason for it. tia!"
2023 Oscar Nomination Predictions,"I know it's a little early but below are my nomination predictions. I'm took *Dune* and *The Color Purple* out because of their likely push to 2024.

**Best Picture:**

* *Air* 
* *Barbie*
* *The Holdovers*
* *Killers of the Flower Moon*  
* *Maestro*
* *Oppenheimer* 
* *Past Lives*
* *Poor Things* 
* *Spider-Man: Across the Universe* 
* *The Zone of Interest*

**Best Director:**

* Bradley Cooper, *Maestro*
* Jonathan Glazer, *The Zone of Interest* 
* Christopher Nolan, *Oppenheimer*
* Martin Scorsese, *Killers of the Flower Moon* 
* Celine Song, *Past Lives* 

**Best Actress:** 

* Sandra Huller, *Anatomy of a Fall* 
* Greta Lee, *Past Lives*
* Carey Mulligan, *Maestro*
* Natalie Portman, *May December*
* Kate Winslet, *Lee*

**Best Actor:**

* Bradley Cooper, *Maestro*
* Leonardo DiCaprio, *Killers of the Flower Moon* 
* Colman Domingo, *Rustin* 
* Paul Giamatti, *The Holdovers*
* Cillian Murphy, *Oppenheimer* 

**Best Supporting Actress:**

* Viola Davis, *Air*
* America Ferrera, *Barbie*
* Lily Gladstone, *Killers of the Flower Moon*
* Da’Vine Joy Randolph, *The Holdovers*
* Julianne Moore, *May December* 

**Best Supporting Actor:**

* Matt Damon, *Oppenheimer*
* Robert De Niro, *Killers of the Flower Moon* 
* Robert Downey Jr., *Oppenheimer*
* Ryan Gosling, *Barbie*
* John Magaro, *Past Lives*

&amp;#x200B;

&amp;#x200B;",barbie,INDUSTRY_STRATEGY,,INDUSTRY_STRATEGY,"2023 oscar nomination predictions. i know it's a little early but below are my nomination predictions. i'm took *dune* and *the color purple* out because of their likely push to 2024.

**best picture:**

* *air* 
* *barbie*
* *the holdovers*
* *killers of the flower moon*  
* *maestro*
* *oppenheimer* 
* *past lives*
* *poor things* 
* *spider-man: across the universe* 
* *the zone of interest*

**best director:**

* bradley cooper, *maestro*
* jonathan glazer, *the zone of interest* 
* christopher nolan, *oppenheimer*
* martin scorsese, *killers of the flower moon* 
* celine song, *past lives* 

**best actress:** 

* sandra huller, *anatomy of a fall* 
* greta lee, *past lives*
* carey mulligan, *maestro*
* natalie portman, *may december*
* kate winslet, *lee*

**best actor:**

* bradley cooper, *maestro*
* leonardo dicaprio, *killers of the flower moon* 
* colman domingo, *rustin* 
* paul giamatti, *the holdovers*
* cillian murphy, *oppenheimer* 

**best supporting actress:**

* viola davis, *air*
* america ferrera, *barbie*
* lily gladstone, *killers of the flower moon*
* da’vine joy randolph, *the holdovers*
* julianne moore, *may december* 

**best supporting actor:**

* matt damon, *oppenheimer*
* robert de niro, *killers of the flower moon* 
* robert downey jr., *oppenheimer*
* ryan gosling, *barbie*
* john magaro, *past lives*

&amp;#x200b;

&amp;#x200b;"
Barbenheimer proves the internet matters,"This sub has the tendency to write off internet trends and buzz as not being real life but the Barbenheimer meme which was born from Twitter and TikTok actually posted substantial results. We have already seen internet buzz translate to real money with Mario, M3GAN, and Minions as well.",barbie,INDUSTRY_STRATEGY,,INDUSTRY_STRATEGY,"barbenheimer proves the internet matters. this sub has the tendency to write off internet trends and buzz as not being real life but the barbenheimer meme which was born from twitter and tiktok actually posted substantial results. we have already seen internet buzz translate to real money with mario, m3gan, and minions as well."
Wild Predictions for 2024 and beyond I’m posting to look back on in the future,"This year’s been weird and next year will be even weirder as the fallout of the WGA and SAGAFTRA strike occurs. I just wanna make some predictions, some off the wall and some less so, and come back to them in the future.


-Inside Out 2 and Kung Fu Panda 4 make more than Beyond the Spiderverse (in the scenario they come out in the same year)

-Sony will announce The Amazing Spider-Man 3 sometime soon after Madame Web flops financially

-Mickey 17 makes more than Snow White

-Warner Brothers will release an extended cut version of Barbie after its nominations from The Academy come out

-Garfield does suspiciously well internationally

-Deadpool 3 will be insanely front loaded

-Ballerina makes between John Wick 3 and 4’s gross

-Despicable Me 4 is the highest grossing film of the year

-There will be an ironic internet craze similar to Morbius about Mufasa: The Lion King (which will also get a rotten tomatometer score)

-Beetlejuice 2 doesn’t do great in the box office but becomes a massive streaming hit

-Foile à Deux isn’t nominated nearly as much as the first for Academy awards, but becomes the highest grossing R rated film of all time",barbie,INDUSTRY_STRATEGY,,INDUSTRY_STRATEGY,"wild predictions for 2024 and beyond i’m posting to look back on in the future. this year’s been weird and next year will be even weirder as the fallout of the wga and sagaftra strike occurs. i just wanna make some predictions, some off the wall and some less so, and come back to them in the future.


-inside out 2 and kung fu panda 4 make more than beyond the spiderverse (in the scenario they come out in the same year)

-sony will announce the amazing spider-man 3 sometime soon after madame web flops financially

-mickey 17 makes more than snow white

-warner brothers will release an extended cut version of barbie after its nominations from the academy come out

-garfield does suspiciously well internationally

-deadpool 3 will be insanely front loaded

-ballerina makes between john wick 3 and 4’s gross

-despicable me 4 is the highest grossing film of the year

-there will be an ironic internet craze similar to morbius about mufasa: the lion king (which will also get a rotten tomatometer score)

-beetlejuice 2 doesn’t do great in the box office but becomes a massive streaming hit

-foile à deux isn’t nominated nearly as much as the first for academy awards, but becomes the highest grossing r rated film of all time"
"In China Barbie in 5th grossed $7.23M(-11%)/$25M its 2nd weekend. Creation Of The Gods repeats 1st with $57.12M(+35%)/$154M. One and Only opens in 2nd with $35.51/$53.34M ahead of 30,000 Miles From Chang’an $22.51M(-43%)/208M and NSN $11.8M(-41%)/$281M. Meg 2 passes $2.5M in opening day pre-sales","***

#Weekend Box Office (July 28-30th 2023)

Creation of the Gods Part 1 continues its impressive run increasing a nice +35% of its opening FRI-SUN gross. Even if we account the full 4 day opening + early previews gross of $53M it still managed to beat it this weekend. One and Only after a good Sunday pulls a respectable opening weekend. Both NSN and 30,000 Miles From Chang’an continue to hold well as does Barbie. 

|# | Movie                 |Gross| %LW|Total Gross| Weekends
:----------- |:-----------|:-----------:|:-----------:|:-----------:|:-----------:|:-----------:|:-----------:|:-----------:|:-----------:|:-----------:
1| Creation Of The Gods Part I    |$57.12M          |+35%   |$154.01M  |2
2| One and Only(release)   |$35.51M           |/      |$53.34M   |1
3| 30,000 Miles From Chang’an|$22.51M        |-43%   |$208.22M  |4
4| Never Say Never         |$11.86M          |-41%   |$280.77M  |6
5| Barbie                  |$7.23M            |-10%   |$24.94M   |4
6| Oh My School            |$3.63M           |-42%   |$41.38M   |4
7| MI7:Dead Reckoning      |$2.22M           |-56%   |$45.83M   |3 
8| Wonder Family           |$2.07M           |-93%   |$39.85M   |2
9| Lost In The Stars       |$1.64M           |-58%   |$483.76M  |6 

---
#Daily Box Office (30th of July 2023)

Creation Of The Gods Part I continues to dominate on Sunday. Nothing even close to it. One and Only does better than expected as many movies benefit from getting some screenings back and increase nicely from yesterday.

|# | Movie                 |Gross|%YD| %LW|Screenings|Admisions(Today)|Total Gross|Projected Total Gross|
:----------- |:-----------|:-----------:|:-----------:|:-----------:|:-----------:|:-----------:|:-----------:|:-----------:|
1| Creation Of The Gods       |$21.67M |-3%   |+20% |98977 |3.6M  |$154.01M |$334M
2| One And Only               |$12.46M |-2%   |/    |82104 |2.1M  |$53.34M  |$165M
3| 30,000 Miles From Chang’an |$8.66M  |-4%   |-51% |58000 |1.4M  |$208.22M |$256M
4| Never Say Never            |$5.07M  |+21%  |-41% |39797 |0.89M |$280.77M |$314M
5| Barbie                     |$2.56M  |-9%   |-39% |26893 |0.50M |$24.94M  |$36M
6| Oh my School               |$1.57M  |+25%  |-46% |17982 |0.28M |$41.38M  |$49M
7| MI7:Dead Reckoning         |$0.94M  |+11%  |-55% |6017  |0.16M |$45.83M  |$50M
8| Wonder Family              |$0.74M  |-3%   |-90% |11775 |0.13M |$39.85M  |$43M
9| Lost In The Stars          |$0.71M  |+30%  |-58% |10159 |0.12M |$483.76M |$493M 

*YD=Yesterday, LW=Last Week

---
###**Barbie**

A very solid 2nd weekend of $7.23M sees barbie continue its run towards the high $30's. Even so total projections decrease to $36M of what is expected to be more normal drops going forward into the week and Meg 2's release next weekend.

It has passed Mario's total gross today and will pass Flash tomorrow.

|#|FRI|SAT |SUN |MON|TUE|WED|THU|Total
:-----------:|:-----------:|:------------:|:------------:|:------------:|:------------:|:------------:|:------------:|:------------:|:------------:|
First Week|$1.16M|$2.73M|$4.18M|$2.90M|$2.68M|$2.41M|$2.05M|$18.11M
Second Week|$1.84M|$2.83M|$2.56M|/|/|/|/|$24.94M
|%± LW|+60%|+4%|-39%|/|/|/|/|/|

**Scheduled showings update for Barbie for the next few days:**

|Day |  Number of Showings |Presales|Projection
:----------- |:-----------:|:-----------:|:-----------:|
Today|26837|$856k|$2.56M 
Monday|26080|$316k|$1.21M 
Tuesday|15637|$40k|$1.09M 
---
###**Creation Of The Gods**

Creation caps of an excelent weekend with another great day. It has now passed $150M and looks on course for $300M 

Reception remains very strong as it holds the 9.4 Maoyan and 7.7 Douban score it got right on release. Most movies tend to slip a bit as the first weekends pass.

|#|THU|FRI |SAT |SUN|MON|TUE|WED|Total
:-----------:|:-----------:|:------------:|:------------:|:------------:|:------------:|:------------:|:------------:|:------------:|:------------:|
First Week|$6.84M/$11.11M|$8.15M|$15.77M|$18.14M|$10.95M|$11.12M|$10.99M|$86.23M
Second Week|$10.66M|$13.02M|$22.43M|$21.67M|/|/|/|$154.01M
|%± LW|+60%|+60%|+41%|+20%|/|/|/|/|
**Scheduled showings update for Creation Of The Gods for the next few days:**

|Day |  Number of Showings |Presales|Projection
:----------- |:-----------:|:-----------:|:-----------:|  
Today|98440|$2.67M|$21.12M  
Monday|96527|$884k|$11.29M 
Tuesday|56486|$93k|$10.62M 
---

###**One and Only**

One and Only shows some staying power on Sunday defying its sub $10M projections and staying almost flat from yesterday. Bodes well going forward.

Reception to the surprise of noone considering its a Wang Yibo movie is positive with a 9.7 on Maoyan and 7.5 on Douban
 
|#|FRI|SAT |SUN |MON|TUE|WED|THU|Total
:-----------:|:-----------:|:------------:|:------------:|:------------:|:------------:|:------------:|:------------:|:------------:|:------------:|
First Week|$10.43M|$12.62M|$12.46M|/|/|/|/|$53.34M

**Scheduled showings update for One and Only for the next few days:**

|Day |  Number of Showings |Presales|Projection
:----------- |:-----------:|:-----------:|:-----------:|  
Today|82726|$1.79M|$9.31M   
Monday|77310|$708k|$5.94M 
Tuesday|44763|$96k|$5.64M 

###**Wonder Family**

Wonder Family caps of the dissastrous weekend with another -90% drop and barrely shy of $40M. Its only projected to earn another $3M after opening to 30M+ just 7 days ago.

|#|FRI|SAT |SUN |MON|TUE|WED|THU|Total
:-----------:|:-----------:|:------------:|:------------:|:------------:|:------------:|:------------:|:------------:|:------------:|:------------:|
First Week|$12.15M|$11.10M|$7.51M|$2.47M|$1.86M|$1.52M|/|$37.78M
Second Week|$0.56M|$0.77M|$0.74M|/|/|/|/|$39.85M
|%± LW|-95%|-93%|-90%|/|/|/|/|/|

**Scheduled showings update for Wonder Family for the next few days:**

|Day |  Number of Showings |Presales|Projection
:----------- |:-----------:|:-----------:|:-----------:|    
Today|11907|$102k|$0.51M   
Monday|11925|$36k|$0.32M 
Tuesday|6594|$3k|$0.29M 
---
###**Mission Impossible Dead Reckoning**

A better? if you can call it that weekend for MI7. Passes 45M and looks like it will just about get there to $50M

|#|FRI|SAT |SUN |MON|TUE|WED|THU|Total
:-----------:|:-----------:|:------------:|:------------:|:------------:|:------------:|:------------:|:------------:|:------------:|:------------:|
Second Week|$1.03M|$1.93M|$2.10M|$0.83M|$0.72M|$0.66M|$0.59M|$43.61M
Third Week|$0.43M|$0.85M|$0.94M|/|/|/|/|$45.83M
|%± LW|-65%|-56%|-55%|/|/|/|/|/|
**Scheduled showings update for Dead Reckoning for the next few days:**

|Day |  Number of Showings |Presales|Projection
:----------- |:-----------:|:-----------:|:-----------:|
Today|5921|$222k|$0.93M 
Monday|6445|$52k|$0.37M 
Tuesday|4046|$7k|$0.34M 
---
###**Other stuff:**

Next big few holywood releases are MEG2 on the 4th August and Oppenheimer which does not have a date yet. Some WTS(Want To See Numbers) for those movies as well as some comparisons to how other revelant movies in a comparable number of days till release. Note these are not pre-sales. This is just a checkbox on Maoyan saying that your interested in the movie. The pre-sales are only ever in tables.

**MEG2** 638k(+8k)

MEG 2 breezes past $2.5M for its opening day pre-sales. It will surpass Transformers ROTB total opening day pre-sales tomorrow.
 
Opening day pre-sales comparison:

|Days till release | Creation Of The Gods Part 1 | Wonder Family |Lost In The Stars |Transformers ROTB|Fast X|The Meg 2  |The Meg 
:----------- |:-----------:|:-----------:|:-----------:|:-----------:|:-----------:|:-----------:|:-----------:|:-----------:|:-----------:|
12|$203k/18616|          |$93k/22228    |       |                     |$497k/34372|$339k/18679
11|$221k/19085|          |$162k/25858   |       |                     |$640k/38455|$435k/19840
10|$240k/19478|$68k/32748|$233k/28535   |       |                     |$789k/42955|$556k/22182
9|$353k/21633|$290k/44426|$302k/31672    |       |                    |$951k/46289|$763k/25264
8|$498k/22873|$497k/49041|$397k/34388    |       |                    |$1.15M/50034|$945k/27463
7|$616k/24049|$642k/52977|$571k/39422    |       |                   |$1.48M/53656|$1.19M/29629
6|$699k/25284|$793k/56363|$705k/44992    |             |$196k/69382  |$1.87M/58794|$1.62M/32376
5|$785k/26673|$925k/59299|$802k/50423   |$121k/71289  |$471k/82292   |$2.22M/63516|$1.93M/34145	
4|$861k/28606|$1.07M/62121|$902k/55347  |$312k/83324  |$728k/92034   |$2.53M/67717|$2.30M/35854
3|$961k/30621|$1.28M/68808|$1.05M/61048 |$592k/94438  |$988k/103517  |            |$2.75M/40533		
2|$1.11M/35990|$1.56M/80988|$1.29M/76567|$946k/106022 |$1.35M/114980 |            |$3.22M/48395
1|$1.36M/46824|$2.03M/114817|$1.68M/119658|$1.45M/136762|$2.08M/140431|           |$3.93M/59242	
0|$2.08M/60004|$3.31M/142828|$3.54M/149993|$2.78M/162406|$3.97M/168748|           |$5.66M/70354	
*Gross/Screenings

***

**Gran Turismo** 27k(+1k)

**Oppenheimer** $131k(+7k)

Officialy confirmed to relese on the 30th August",barbie,INDUSTRY_STRATEGY,,INDUSTRY_STRATEGY,"in china barbie in 5th grossed $7.23m(-11%)/$25m its 2nd weekend. creation of the gods repeats 1st with $57.12m(+35%)/$154m. one and only opens in 2nd with $35.51/$53.34m ahead of 30,000 miles from chang’an $22.51m(-43%)/208m and nsn $11.8m(-41%)/$281m. meg 2 passes $2.5m in opening day pre-sales. ***

#weekend box office (july 28-30th 2023)

creation of the gods part 1 continues its impressive run increasing a nice +35% of its opening fri-sun gross. even if we account the full 4 day opening + early previews gross of $53m it still managed to beat it this weekend. one and only after a good sunday pulls a respectable opening weekend. both nsn and 30,000 miles from chang’an continue to hold well as does barbie. 

|# | movie                 |gross| %lw|total gross| weekends
:----------- |:-----------|:-----------:|:-----------:|:-----------:|:-----------:|:-----------:|:-----------:|:-----------:|:-----------:|:-----------:
1| creation of the gods part i    |$57.12m          |+35%   |$154.01m  |2
2| one and only(release)   |$35.51m           |/      |$53.34m   |1
3| 30,000 miles from chang’an|$22.51m        |-43%   |$208.22m  |4
4| never say never         |$11.86m          |-41%   |$280.77m  |6
5| barbie                  |$7.23m            |-10%   |$24.94m   |4
6| oh my school            |$3.63m           |-42%   |$41.38m   |4
7| mi7:dead reckoning      |$2.22m           |-56%   |$45.83m   |3 
8| wonder family           |$2.07m           |-93%   |$39.85m   |2
9| lost in the stars       |$1.64m           |-58%   |$483.76m  |6 

---
#daily box office (30th of july 2023)

creation of the gods part i continues to dominate on sunday. nothing even close to it. one and only does better than expected as many movies benefit from getting some screenings back and increase nicely from yesterday.

|# | movie                 |gross|%yd| %lw|screenings|admisions(today)|total gross|projected total gross|
:----------- |:-----------|:-----------:|:-----------:|:-----------:|:-----------:|:-----------:|:-----------:|:-----------:|
1| creation of the gods       |$21.67m |-3%   |+20% |98977 |3.6m  |$154.01m |$334m
2| one and only               |$12.46m |-2%   |/    |82104 |2.1m  |$53.34m  |$165m
3| 30,000 miles from chang’an |$8.66m  |-4%   |-51% |58000 |1.4m  |$208.22m |$256m
4| never say never            |$5.07m  |+21%  |-41% |39797 |0.89m |$280.77m |$314m
5| barbie                     |$2.56m  |-9%   |-39% |26893 |0.50m |$24.94m  |$36m
6| oh my school               |$1.57m  |+25%  |-46% |17982 |0.28m |$41.38m  |$49m
7| mi7:dead reckoning         |$0.94m  |+11%  |-55% |6017  |0.16m |$45.83m  |$50m
8| wonder family              |$0.74m  |-3%   |-90% |11775 |0.13m |$39.85m  |$43m
9| lost in the stars          |$0.71m  |+30%  |-58% |10159 |0.12m |$483.76m |$493m 

*yd=yesterday, lw=last week

---
###**barbie**

a very solid 2nd weekend of $7.23m sees barbie continue its run towards the high $30's. even so total projections decrease to $36m of what is expected to be more normal drops going forward into the week and meg 2's release next weekend.

it has passed mario's total gross today and will pass flash tomorrow.

|#|fri|sat |sun |mon|tue|wed|thu|total
:-----------:|:-----------:|:------------:|:------------:|:------------:|:------------:|:------------:|:------------:|:------------:|:------------:|
first week|$1.16m|$2.73m|$4.18m|$2.90m|$2.68m|$2.41m|$2.05m|$18.11m
second week|$1.84m|$2.83m|$2.56m|/|/|/|/|$24.94m
|%± lw|+60%|+4%|-39%|/|/|/|/|/|

**scheduled showings update for barbie for the next few days:**

|day |  number of showings |presales|projection
:----------- |:-----------:|:-----------:|:-----------:|
today|26837|$856k|$2.56m 
monday|26080|$316k|$1.21m 
tuesday|15637|$40k|$1.09m 
---
###**creation of the gods**

creation caps of an excelent weekend with another great day. it has now passed $150m and looks on course for $300m 

reception remains very strong as it holds the 9.4 maoyan and 7.7 douban score it got right on release. most movies tend to slip a bit as the first weekends pass.

|#|thu|fri |sat |sun|mon|tue|wed|total
:-----------:|:-----------:|:------------:|:------------:|:------------:|:------------:|:------------:|:------------:|:------------:|:------------:|
first week|$6.84m/$11.11m|$8.15m|$15.77m|$18.14m|$10.95m|$11.12m|$10.99m|$86.23m
second week|$10.66m|$13.02m|$22.43m|$21.67m|/|/|/|$154.01m
|%± lw|+60%|+60%|+41%|+20%|/|/|/|/|
**scheduled showings update for creation of the gods for the next few days:**

|day |  number of showings |presales|projection
:----------- |:-----------:|:-----------:|:-----------:|  
today|98440|$2.67m|$21.12m  
monday|96527|$884k|$11.29m 
tuesday|56486|$93k|$10.62m 
---

###**one and only**

one and only shows some staying power on sunday defying its sub $10m projections and staying almost flat from yesterday. bodes well going forward.

reception to the surprise of noone considering its a wang yibo movie is positive with a 9.7 on maoyan and 7.5 on douban
 
|#|fri|sat |sun |mon|tue|wed|thu|total
:-----------:|:-----------:|:------------:|:------------:|:------------:|:------------:|:------------:|:------------:|:------------:|:------------:|
first week|$10.43m|$12.62m|$12.46m|/|/|/|/|$53.34m

**scheduled showings update for one and only for the next few days:**

|day |  number of showings |presales|projection
:----------- |:-----------:|:-----------:|:-----------:|  
today|82726|$1.79m|$9.31m   
monday|77310|$708k|$5.94m 
tuesday|44763|$96k|$5.64m 

###**wonder family**

wonder family caps of the dissastrous weekend with another -90% drop and barrely shy of $40m. its only projected to earn another $3m after opening to 30m+ just 7 days ago.

|#|fri|sat |sun |mon|tue|wed|thu|total
:-----------:|:-----------:|:------------:|:------------:|:------------:|:------------:|:------------:|:------------:|:------------:|:------------:|
first week|$12.15m|$11.10m|$7.51m|$2.47m|$1.86m|$1.52m|/|$37.78m
second week|$0.56m|$0.77m|$0.74m|/|/|/|/|$39.85m
|%± lw|-95%|-93%|-90%|/|/|/|/|/|

**scheduled showings update for wonder family for the next few days:**

|day |  number of showings |presales|projection
:----------- |:-----------:|:-----------:|:-----------:|    
today|11907|$102k|$0.51m   
monday|11925|$36k|$0.32m 
tuesday|6594|$3k|$0.29m 
---
###**mission impossible dead reckoning**

a better? if you can call it that weekend for mi7. passes 45m and looks like it will just about get there to $50m

|#|fri|sat |sun |mon|tue|wed|thu|total
:-----------:|:-----------:|:------------:|:------------:|:------------:|:------------:|:------------:|:------------:|:------------:|:------------:|
second week|$1.03m|$1.93m|$2.10m|$0.83m|$0.72m|$0.66m|$0.59m|$43.61m
third week|$0.43m|$0.85m|$0.94m|/|/|/|/|$45.83m
|%± lw|-65%|-56%|-55%|/|/|/|/|/|
**scheduled showings update for dead reckoning for the next few days:**

|day |  number of showings |presales|projection
:----------- |:-----------:|:-----------:|:-----------:|
today|5921|$222k|$0.93m 
monday|6445|$52k|$0.37m 
tuesday|4046|$7k|$0.34m 
---
###**other stuff:**

next big few holywood releases are meg2 on the 4th august and oppenheimer which does not have a date yet. some wts(want to see numbers) for those movies as well as some comparisons to how other revelant movies in a comparable number of days till release. note these are not pre-sales. this is just a checkbox on maoyan saying that your interested in the movie. the pre-sales are only ever in tables.

**meg2** 638k(+8k)

meg 2 breezes past $2.5m for its opening day pre-sales. it will surpass transformers rotb total opening day pre-sales tomorrow.
 
opening day pre-sales comparison:

|days till release | creation of the gods part 1 | wonder family |lost in the stars |transformers rotb|fast x|the meg 2  |the meg 
:----------- |:-----------:|:-----------:|:-----------:|:-----------:|:-----------:|:-----------:|:-----------:|:-----------:|:-----------:|
12|$203k/18616|          |$93k/22228    |       |                     |$497k/34372|$339k/18679
11|$221k/19085|          |$162k/25858   |       |                     |$640k/38455|$435k/19840
10|$240k/19478|$68k/32748|$233k/28535   |       |                     |$789k/42955|$556k/22182
9|$353k/21633|$290k/44426|$302k/31672    |       |                    |$951k/46289|$763k/25264
8|$498k/22873|$497k/49041|$397k/34388    |       |                    |$1.15m/50034|$945k/27463
7|$616k/24049|$642k/52977|$571k/39422    |       |                   |$1.48m/53656|$1.19m/29629
6|$699k/25284|$793k/56363|$705k/44992    |             |$196k/69382  |$1.87m/58794|$1.62m/32376
5|$785k/26673|$925k/59299|$802k/50423   |$121k/71289  |$471k/82292   |$2.22m/63516|$1.93m/34145	
4|$861k/28606|$1.07m/62121|$902k/55347  |$312k/83324  |$728k/92034   |$2.53m/67717|$2.30m/35854
3|$961k/30621|$1.28m/68808|$1.05m/61048 |$592k/94438  |$988k/103517  |            |$2.75m/40533		
2|$1.11m/35990|$1.56m/80988|$1.29m/76567|$946k/106022 |$1.35m/114980 |            |$3.22m/48395
1|$1.36m/46824|$2.03m/114817|$1.68m/119658|$1.45m/136762|$2.08m/140431|           |$3.93m/59242	
0|$2.08m/60004|$3.31m/142828|$3.54m/149993|$2.78m/162406|$3.97m/168748|           |$5.66m/70354	
*gross/screenings

***

**gran turismo** 27k(+1k)

**oppenheimer** $131k(+7k)

officialy confirmed to relese on the 30th august"
Do you think we are overestimating the marketing budget of COVID affected films?,"Obviously with most big blockbusters the 2.5x rule is fairly solid although I’m sure there are exceptions. Generally people have been assuming that a movie’s marketing budget is around about equal to its production budget.

With these inflated budget movies that were shooting during COVID though like Fast X, The Little Mermaid, Mission Impossible 7 etc the production budget is being inflated because of COVID measures. That would not lead to a similar proportional inflation in marketing budget though. Mission Impossible 7 ended up with a $300 million production budget so using the 2.5x that gives us a break even if $750 million but that assumes that Paramount would increase the marketing budget to $300 million what just to match the production budget? That doesn’t really make sense to me.

Avengers Endgame had an estimated marketing budget of $200 million+ (which was an increase over their normal $150 million) and I really don’t think Paramount spent $100 million more marketing Mission Impossible than Disney spent on Endgame. So I feel like with movies like Fast X and Mission Impossible we can’t just assume the 2.5x rule is 100% correct. Because the studios aren’t gonna be doing these all time massive marketing budgets just for the sake of matching an inflated production budget.

This is just guess work but do you think Universal spent $340 million marketing Fast X or Disney spent $250 million marketing The Little Mermaid just to match it with a production budget? They might spend a little more but giving them among the highest marketing budgets *ever* even bigger than some of the biggest movies of all time seems unlikely.",mission_impossible,INDUSTRY_STRATEGY,,INDUSTRY_STRATEGY,"do you think we are overestimating the marketing budget of covid affected films?. obviously with most big blockbusters the 2.5x rule is fairly solid although i’m sure there are exceptions. generally people have been assuming that a movie’s marketing budget is around about equal to its production budget.

with these inflated budget movies that were shooting during covid though like fast x, the little mermaid, mission impossible 7 etc the production budget is being inflated because of covid measures. that would not lead to a similar proportional inflation in marketing budget though. mission impossible 7 ended up with a $300 million production budget so using the 2.5x that gives us a break even if $750 million but that assumes that paramount would increase the marketing budget to $300 million what just to match the production budget? that doesn’t really make sense to me.

avengers endgame had an estimated marketing budget of $200 million+ (which was an increase over their normal $150 million) and i really don’t think paramount spent $100 million more marketing mission impossible than disney spent on endgame. so i feel like with movies like fast x and mission impossible we can’t just assume the 2.5x rule is 100% correct. because the studios aren’t gonna be doing these all time massive marketing budgets just for the sake of matching an inflated production budget.

this is just guess work but do you think universal spent $340 million marketing fast x or disney spent $250 million marketing the little mermaid just to match it with a production budget? they might spend a little more but giving them among the highest marketing budgets *ever* even bigger than some of the biggest movies of all time seems unlikely."
After actuals this July is the fourth highest grossing July ever,"Will it beat 2013,2016 and even 2011?

Monday 
The average week to week drops on Barbie on its second weekend are 39.7% meaning that it’s Monday will likely be 15.678mil however that can be higher or lower so the likely gross is 14mil-16mil

The average week to week drops on Oppenheimer are 41.6% meaning that it’s Monday will be 7.008mil but that can be higher or lower so the range is 7mil-8mil

If everything else drops by 50% then holdovers can make 5mil 

Talk to me has good WOM and a good start and will likely make 1-2mil

Haunted Mansion will make 3-4mil 

This’ll all add up to 1.361bil-1.363bil 

What do you guys think?",barbie,INDUSTRY_STRATEGY,,INDUSTRY_STRATEGY,"after actuals this july is the fourth highest grossing july ever. will it beat 2013,2016 and even 2011?

monday 
the average week to week drops on barbie on its second weekend are 39.7% meaning that it’s monday will likely be 15.678mil however that can be higher or lower so the likely gross is 14mil-16mil

the average week to week drops on oppenheimer are 41.6% meaning that it’s monday will be 7.008mil but that can be higher or lower so the range is 7mil-8mil

if everything else drops by 50% then holdovers can make 5mil 

talk to me has good wom and a good start and will likely make 1-2mil

haunted mansion will make 3-4mil 

this’ll all add up to 1.361bil-1.363bil 

what do you guys think?"
Isnt it crazy how well theatrical movies are doing compared to the past years?,"I dont remember the last time we had so many movies being talked about in one year. We had mario, barbie, the little mermaid, etc. its crazy! And what's even crazier is these movies are theatrical releases. The past few years popular movies were straight to streaming only but now? It looks like theaters are doing so well again. Is it just some coincidence or did everyone change their minds about streaming? Cause I clearly remember people avoiding theatrical releases and waited for movies to stream.",barbie,INDUSTRY_STRATEGY,,INDUSTRY_STRATEGY,"isnt it crazy how well theatrical movies are doing compared to the past years?. i dont remember the last time we had so many movies being talked about in one year. we had mario, barbie, the little mermaid, etc. its crazy! and what's even crazier is these movies are theatrical releases. the past few years popular movies were straight to streaming only but now? it looks like theaters are doing so well again. is it just some coincidence or did everyone change their minds about streaming? cause i clearly remember people avoiding theatrical releases and waited for movies to stream."
Oppenheimer has not been banned in Japan,"A viral tweet this week claimed it was banned. However, it currently doesn't have a release date and it will come down to Toho-Towa, the country’s biggest distributor of Hollywood films to decide if it will be released.

The IMAX screening schedule in Japan is as follows


7/14 THE BOY AND THE HERON (Ghibli)

7/21 MISSION: IMPOSSIBLE: DEAD RECONCILIATION PART ONE

7/28 THE KINGDOM: FIRE OF FATE

8/4 Transformers: Rise of the Beasts

8/18 SAND LAND

8/25 The Meg 2: The Trench

9/22 John Wick: Chapter 4 (maybe)

9/29 The Creator

10/20 Killers of the Flower Moon

11/3 Godzilla -1.0 (probably)

Currently, there are three weeks available in September in Japan, but there is still a possibility that other films will be released. Therefore, Oppenheimer will most likely be after November.",oppenheimer,INDUSTRY_STRATEGY,,INDUSTRY_STRATEGY,"oppenheimer has not been banned in japan. a viral tweet this week claimed it was banned. however, it currently doesn't have a release date and it will come down to toho-towa, the country’s biggest distributor of hollywood films to decide if it will be released.

the imax screening schedule in japan is as follows


7/14 the boy and the heron (ghibli)

7/21 mission: impossible: dead reconciliation part one

7/28 the kingdom: fire of fate

8/4 transformers: rise of the beasts

8/18 sand land

8/25 the meg 2: the trench

9/22 john wick: chapter 4 (maybe)

9/29 the creator

10/20 killers of the flower moon

11/3 godzilla -1.0 (probably)

currently, there are three weeks available in september in japan, but there is still a possibility that other films will be released. therefore, oppenheimer will most likely be after november."
Top 10 most expensive movies off all time,"It’s funny how most expensive movies were profitable before, especially top 10. Now Fast X is the first box office bomb inside top 10 and we have two more in top 50 moat expensive movies (Indy 5 and probably MI7) that will bomb. This year is certainly not for enormous amount budget movies.",mission_impossible,INDUSTRY_STRATEGY,,INDUSTRY_STRATEGY,"top 10 most expensive movies off all time. it’s funny how most expensive movies were profitable before, especially top 10. now fast x is the first box office bomb inside top 10 and we have two more in top 50 moat expensive movies (indy 5 and probably mi7) that will bomb. this year is certainly not for enormous amount budget movies."
The cost of screening rights of older movies,"Firstly, when there is a drought of new releases, why don't cinemas rent out or buy rights for older movies instead of putting filler, mediocre new-releases on their programs. An example, my local cinema is screening only 7 movies the following week, and in an exceptional week where there are big movies considering the rest of the year(Barbie and Oppenheimer, the new MI as well), and the others are some animated movies or other slop.   


I have observed the crowds for those other mediocre movies, they are not particullary large, 15 people average, in halls as big as 120 seats. So why wouldn't they buy rights and screen a critically acclaimed movie from the past instead of those mediocre new ones.

I can't imagine a scenario where more people would go to watch the Meg 2 if they had Lord of the Rings in the same week. 

I also can't imagine rights to such old movies would be more expensive then new-releases.

My question is, why don't they do it (and I know there are cinemas doing it, im not talking about the exceptions in big cities so dont say oooh new beverly in LA does it, im talking about an average cinema in an average town in an average country), and if someone local would open a small-scale cinema, how would one go about acquiring the right to such movies?",barbie,INDUSTRY_STRATEGY,,INDUSTRY_STRATEGY,"the cost of screening rights of older movies. firstly, when there is a drought of new releases, why don't cinemas rent out or buy rights for older movies instead of putting filler, mediocre new-releases on their programs. an example, my local cinema is screening only 7 movies the following week, and in an exceptional week where there are big movies considering the rest of the year(barbie and oppenheimer, the new mi as well), and the others are some animated movies or other slop.   


i have observed the crowds for those other mediocre movies, they are not particullary large, 15 people average, in halls as big as 120 seats. so why wouldn't they buy rights and screen a critically acclaimed movie from the past instead of those mediocre new ones.

i can't imagine a scenario where more people would go to watch the meg 2 if they had lord of the rings in the same week. 

i also can't imagine rights to such old movies would be more expensive then new-releases.

my question is, why don't they do it (and i know there are cinemas doing it, im not talking about the exceptions in big cities so dont say oooh new beverly in la does it, im talking about an average cinema in an average town in an average country), and if someone local would open a small-scale cinema, how would one go about acquiring the right to such movies?"
Has the summer box office changed your thoughts on what films could do well at the end of the year?,"I've been keeping track of what has performed differently to what everyone on the sub predicted. Basically, ""What movies was r/boxoffice wrong about?"" These are the most obvious ones.  
So far we've got,

\- Mario

\- The Little Mermaid

\- Across the Spiderverse

\- The Flash

\- Indiana Jones and The Dial of Destiny

\- Mission Impossible

\- Barbie

What future movies will perform better or worse in comparison to what most are thinking?",barbie,INDUSTRY_STRATEGY,,INDUSTRY_STRATEGY,"has the summer box office changed your thoughts on what films could do well at the end of the year?. i've been keeping track of what has performed differently to what everyone on the sub predicted. basically, ""what movies was r/boxoffice wrong about?"" these are the most obvious ones.  
so far we've got,

\- mario

\- the little mermaid

\- across the spiderverse

\- the flash

\- indiana jones and the dial of destiny

\- mission impossible

\- barbie

what future movies will perform better or worse in comparison to what most are thinking?"
Now that everything is being pushed back to 2024 are we looking at another flopbuster year,"I mean just look at the slate that we have for next year for now :

Bob Marley’s One Love- Jan 12

Argyle- Feb 2

Madame Web- Feb 14

Fall Guy- Mar 1

Elio- Mar 1

Quiet Place Day One- Mar 8

Kung Fu Panda 4- Mar 8

Godzilla x Kong New Empire- Mar 15

Snow White- Mar 22

Ghostbusters Sequel- Mar 29

Mickey 17- Mar 29

Untitled M. Night Shyamalan Project- Apr 5

The Lord of the Rings: The War of the Rohirrim- Apr 12

Untitled Monster Thriller for Universal Pictures Project- Apr 19

Challengers- Apr 26

The Ark and the Aardvark- Apr 30

Deadpool 3- May 3

Kingdom of the Planet of the Apes- May 24

Furiousa- May 24

Imaginary Friends- May 24

Ballerina- Jun 7

The Watchers- Jun 7

Bad Boys 4- Jun 14

Inside Out 2- Jun 14

Mission Impossible Dead Reckoning Part 2- Jun 28

Despicable Me 4- Jul 3

Mufasa: The Lion King- Jul 5

Venom 3- Jul 12 

Twisters- Jul 19

Captain America Brave New World- Jul 26

Trap- Aug 2

Borderlands- Aug 9

Alien Romulus- Aug 16

Kraken The Hunter- Aug 30

Beetlejuice 2- Sep 6

Transformers One- Sep 13

Joker Folie A Deux- Oct 4

Gladiator 2- Nov 22

Wicked- Nov 27

Karate Kid- Dec 13

Thunderbolts- Dec 20

Sonic The Hedgehog 3- Dec 20

Untitled Fourth Film Directed by Jordan Peele- Dec 25

March, May, June, July, and December are shaping up to be packed months is history going to repeat itself again",mission_impossible,INDUSTRY_STRATEGY,,INDUSTRY_STRATEGY,"now that everything is being pushed back to 2024 are we looking at another flopbuster year. i mean just look at the slate that we have for next year for now :

bob marley’s one love- jan 12

argyle- feb 2

madame web- feb 14

fall guy- mar 1

elio- mar 1

quiet place day one- mar 8

kung fu panda 4- mar 8

godzilla x kong new empire- mar 15

snow white- mar 22

ghostbusters sequel- mar 29

mickey 17- mar 29

untitled m. night shyamalan project- apr 5

the lord of the rings: the war of the rohirrim- apr 12

untitled monster thriller for universal pictures project- apr 19

challengers- apr 26

the ark and the aardvark- apr 30

deadpool 3- may 3

kingdom of the planet of the apes- may 24

furiousa- may 24

imaginary friends- may 24

ballerina- jun 7

the watchers- jun 7

bad boys 4- jun 14

inside out 2- jun 14

mission impossible dead reckoning part 2- jun 28

despicable me 4- jul 3

mufasa: the lion king- jul 5

venom 3- jul 12 

twisters- jul 19

captain america brave new world- jul 26

trap- aug 2

borderlands- aug 9

alien romulus- aug 16

kraken the hunter- aug 30

beetlejuice 2- sep 6

transformers one- sep 13

joker folie a deux- oct 4

gladiator 2- nov 22

wicked- nov 27

karate kid- dec 13

thunderbolts- dec 20

sonic the hedgehog 3- dec 20

untitled fourth film directed by jordan peele- dec 25

march, may, june, july, and december are shaping up to be packed months is history going to repeat itself again"
Movies aren’t special anymore,"I saw a recent post discussing the merits of The Little Mermaid remake (poster was making the argument that TLM remake brought some good ideas but handled them poorly) and I couldn’t get over the feeling of, like, so what? I don’t mean the poster was wrong, I just mean who cares? Who cares about the remake of The Lion King, or the remake of Poltergeist or whatever. They are products designed to trade on name recognition, literally no one involved had any bright ideas on how to improve the material, no one cared about whether they were making a good film or not, they just cared that us poor suckers recognized the brand. The same is true of franchise films- Thor: love and Thunder, Antman: quantumania, Dr Strange: multiverse of fucknows- all feel tired and rote, all feel unnecessary and inessential. Alien: Covenant, exorcist 5, Halloween Ends (lol, jk Halloween: Begins Again coming soon) Scream 7, it just seems to never end. Barbie and Oppenheimer seem to offer some relief, but Hollywood always takes the wrong lessons so I fear the best we can hope for is dramatic biopics on Remington and Glock, while also getting a Bratz and an American Girl movie. It all seems so uninspired and lazy. How much longer before it all comes down round our ears?",barbie,INDUSTRY_STRATEGY,,INDUSTRY_STRATEGY,"movies aren’t special anymore. i saw a recent post discussing the merits of the little mermaid remake (poster was making the argument that tlm remake brought some good ideas but handled them poorly) and i couldn’t get over the feeling of, like, so what? i don’t mean the poster was wrong, i just mean who cares? who cares about the remake of the lion king, or the remake of poltergeist or whatever. they are products designed to trade on name recognition, literally no one involved had any bright ideas on how to improve the material, no one cared about whether they were making a good film or not, they just cared that us poor suckers recognized the brand. the same is true of franchise films- thor: love and thunder, antman: quantumania, dr strange: multiverse of fucknows- all feel tired and rote, all feel unnecessary and inessential. alien: covenant, exorcist 5, halloween ends (lol, jk halloween: begins again coming soon) scream 7, it just seems to never end. barbie and oppenheimer seem to offer some relief, but hollywood always takes the wrong lessons so i fear the best we can hope for is dramatic biopics on remington and glock, while also getting a bratz and an american girl movie. it all seems so uninspired and lazy. how much longer before it all comes down round our ears?"
"Is Nolan The Only Director Capable Of Putting Out Big Budget ""Art Films"" Nowadays?","I truly feel like Christopher Nolan is in a unique position; he has enough clout in the film industry that studios essentially just give him a blank check with full creative control and let him create whatever he wants, with little to no studio interference. how many other directors have garnered that level of trust &amp; goodwill within Hollywood (or any film industry)? Denis Villeneuve is probably the only other director off the top of my head who's actually putting out mega-budget ""art films"" that feel like an uncompromised vision of an auteur director. Tarantino is another one that came to mind but he doesn't require 100+ million dollar budgets and mostly works on a smaller scale, but a similar uncompromising vision and absolute trust from whatever studio is funding him. What's unusual about this is even veteran, proven directors of some of the most iconic &amp; successful films of all time still struggle to collect the necessary budgets and, on top of that, still have to deal with studio interference despite their near-spotless track record (James Cameron, Steven Spielberg, Francis Ford Coppola, etc.). What do you think makes Director's like Nolan &amp; Tarantino unique in that sense? Is it because they never really ""missed"" so to speak? Both have built-in audiences that will be interested in whatever they put out so they're pretty much flop-proof from a financial perspective. is that what affords them such freedom in an industry like Hollywood?

I mean, who else is really putting out big-budget, slow-burn think pieces like Oppenheimer? who else could get away with that (without it flopping badly or dismissed as Oscar bait) other than Christopher Nolan?",oppenheimer,INDUSTRY_STRATEGY,,INDUSTRY_STRATEGY,"is nolan the only director capable of putting out big budget ""art films"" nowadays?. i truly feel like christopher nolan is in a unique position; he has enough clout in the film industry that studios essentially just give him a blank check with full creative control and let him create whatever he wants, with little to no studio interference. how many other directors have garnered that level of trust &amp; goodwill within hollywood (or any film industry)? denis villeneuve is probably the only other director off the top of my head who's actually putting out mega-budget ""art films"" that feel like an uncompromised vision of an auteur director. tarantino is another one that came to mind but he doesn't require 100+ million dollar budgets and mostly works on a smaller scale, but a similar uncompromising vision and absolute trust from whatever studio is funding him. what's unusual about this is even veteran, proven directors of some of the most iconic &amp; successful films of all time still struggle to collect the necessary budgets and, on top of that, still have to deal with studio interference despite their near-spotless track record (james cameron, steven spielberg, francis ford coppola, etc.). what do you think makes director's like nolan &amp; tarantino unique in that sense? is it because they never really ""missed"" so to speak? both have built-in audiences that will be interested in whatever they put out so they're pretty much flop-proof from a financial perspective. is that what affords them such freedom in an industry like hollywood?

i mean, who else is really putting out big-budget, slow-burn think pieces like oppenheimer? who else could get away with that (without it flopping badly or dismissed as oscar bait) other than christopher nolan?"
What evidence of Covid are you still seeing on screen?,"Mission Impossible: Dead Reckoning is (finally) coming out next week, and I know they filmed both before and during covid and were the first to shut and down and even first to start, developing new protocols. I also know Covid is why both MI:7 and The Dial of Destiny have such horrendously inflated budgets.

Are there any tell-tale signs of Covid-19 that you are still seeing in movies (and even television)?",mission_impossible,INDUSTRY_STRATEGY,,INDUSTRY_STRATEGY,"what evidence of covid are you still seeing on screen?. mission impossible: dead reckoning is (finally) coming out next week, and i know they filmed both before and during covid and were the first to shut and down and even first to start, developing new protocols. i also know covid is why both mi:7 and the dial of destiny have such horrendously inflated budgets.

are there any tell-tale signs of covid-19 that you are still seeing in movies (and even television)?"
Knight &amp; Day: One of the most poorly marketed movies ever,"For anyone that doesn't know, Knight &amp; Day is a movie wherein Tom Cruise satirizes the exact roles he's spent his life playing ~~- especially~~ (*I don't know what happened there.  I think I had a mini-stroke when I was typing. 
 No idea what I was originally intending to say.*).  Basically, it's two hours of Tom Cruise making fun of his career.  And shit...he managed to still make a funny and entertaining movie, with a little charm and quirk even?  The movie actually ends up having more interesting personality than any of his last five Mission Impossible movies.  Cameron Diaz is fantastic in this too.  They don't make sense romantically, but the movie doesn't lean into that too much.  Instead, just enjoy their chemistry as two onscreen partners, and enjoy watching Diaz play ""Tom Cruise Female Co-star"" in a way no one else has.

They shoulda played the ""Tom Cruise mocks Tom Cruise"" angle for the movie.  It came out less than two years after his cameo appearance in Tropic Thunder and could have benefitted from that momentum (he only did Valkyrie between Tropic Thunder and Knight &amp; Day).  It's Tom Cruise - but it's new, it's different.

What's more...it would have made it clear to the audience what this movie actually is about:  it's satirical, while still trying to tell a genuine version of its subject matter.  A subject matter for which Tom Cruise is the literal poster-boy.  The movie is absurd intentionally.  Because these type of movies are fucking absurd.  They're making fun of it.  ""Oh look, they stole a car and now they're driving down the highway in a convertible...so cliche.  Neither one is even watching the road while they're talking.  I guess Tom Cruise can magically sense what's ahead of him.  Wait.  Wtf?  They're actually sitting on top of a tractor trailer.  Hah.  That baited me.""

It's absurd shit like that all through the movie.  They bait you - and then sometimes they switch and other times they lean into it.  And even though he's winking at his own career, he's still turning in an earnest, genuine performance.

This movie for me is up there with True Lies and Mr. and Mrs. Smith.  (I know mentioning those three movies together will get some criticism.)  Funny, entertaining, feel good action movies that I can just re-watch endlessly and enjoy every time.",mission_impossible,INDUSTRY_STRATEGY,,MARKETING_HYPE,"knight &amp; day: one of the most poorly marketed movies ever. for anyone that doesn't know, knight &amp; day is a movie wherein tom cruise satirizes the exact roles he's spent his life playing ~~- especially~~ (*i don't know what happened there.  i think i had a mini-stroke when i was typing. 
 no idea what i was originally intending to say.*).  basically, it's two hours of tom cruise making fun of his career.  and shit...he managed to still make a funny and entertaining movie, with a little charm and quirk even?  the movie actually ends up having more interesting personality than any of his last five mission impossible movies.  cameron diaz is fantastic in this too.  they don't make sense romantically, but the movie doesn't lean into that too much.  instead, just enjoy their chemistry as two onscreen partners, and enjoy watching diaz play ""tom cruise female co-star"" in a way no one else has.

they shoulda played the ""tom cruise mocks tom cruise"" angle for the movie.  it came out less than two years after his cameo appearance in tropic thunder and could have benefitted from that momentum (he only did valkyrie between tropic thunder and knight &amp; day).  it's tom cruise - but it's new, it's different.

what's more...it would have made it clear to the audience what this movie actually is about:  it's satirical, while still trying to tell a genuine version of its subject matter.  a subject matter for which tom cruise is the literal poster-boy.  the movie is absurd intentionally.  because these type of movies are fucking absurd.  they're making fun of it.  ""oh look, they stole a car and now they're driving down the highway in a convertible...so cliche.  neither one is even watching the road while they're talking.  i guess tom cruise can magically sense what's ahead of him.  wait.  wtf?  they're actually sitting on top of a tractor trailer.  hah.  that baited me.""

it's absurd shit like that all through the movie.  they bait you - and then sometimes they switch and other times they lean into it.  and even though he's winking at his own career, he's still turning in an earnest, genuine performance.

this movie for me is up there with true lies and mr. and mrs. smith.  (i know mentioning those three movies together will get some criticism.)  funny, entertaining, feel good action movies that i can just re-watch endlessly and enjoy every time."
Has this been the most entertaining year ever to track the box office?,"Started off with a meme horror movie blowing up in January.

Ant Man flopped to kick things off and show Marvel's mortality. 

March had a string of strong hits, and also Shazam putting up the most pitiful comic book movie performance ever. Showing that even with Marvel weaker DC is still ten steps behind. 

Mario blew tf up and proved all the naysayers wrong and grossed more than even the most optimistic people projected and seemed to have a clear lock on the 2023 crown.

Guardians paid for the sins of Quantumania but in a hilarious twist the movie was able to turn things around after a mediocre opening due to it being so good. 

Fast X and The Little Mermaid flopped to this sub's horror, little did they know June would make them look impressive. 

Spiderverse blew up and doubled its predecessor. 

Flash bombed in catastrophic fashiom and did worse than anyone could ever have imagined, yet somehow still managed to be topped for worse flop of the year when Indy did even worse for its expectations.

With Indy flopping, the Mission Impossible vs Indiana Jones debate for the next Top Gun Maverick seemed over, but then Mission Impossible also fell flat on its face. 

Meanwhile while all of this is happening you had Elemental which when it opened was looking like the biggest bomb of the year and a death knell to Pixar, but instead it just kept going and going week after week and now it might actually breakeven.

None of this was helped by Sound of Freedom which came out of nowhere and was a clear win for conservatives. However, that too was short lived as it had only two weeks before being overshadowed by the ""wokest"" movie of the year.

Speaking of you then had Barbenheimer completely destroying everything in its path and doing better than anyone ever anticipated. A true never before seen phenomenon. Mario looked 100% secure at #1 but Barbie just came out of nowhere and pulled the rug from under Mario. Nothing new for Universal. This happened in 2015 with Jurassic World and Force Awakens. However this is a way closer and more entertaining race and Mario looked way more secure for number one before being displaced than Jurassic World did in 2015. It's not just about Barbie either. Guardians looked pretty secure for a top 3 spot by year's end but Oppenheimer is coming very close to ending that.

Just when everyone thought DC was already 6 feet under a small pulse seems to be felt, now that we potentially have Blue Beetle possibly being the least embarrassing DC performance of the year despite being abandoned by Warner Bros.

I'm sure November will bring plenty of surprises as well

Tldr: 2023 has been the most entertaining box office year by far. So many twists and turns and when a consensus is reached on something, you know it's about to be wrong lol.",barbie,INDUSTRY_STRATEGY,,INDUSTRY_STRATEGY,"has this been the most entertaining year ever to track the box office?. started off with a meme horror movie blowing up in january.

ant man flopped to kick things off and show marvel's mortality. 

march had a string of strong hits, and also shazam putting up the most pitiful comic book movie performance ever. showing that even with marvel weaker dc is still ten steps behind. 

mario blew tf up and proved all the naysayers wrong and grossed more than even the most optimistic people projected and seemed to have a clear lock on the 2023 crown.

guardians paid for the sins of quantumania but in a hilarious twist the movie was able to turn things around after a mediocre opening due to it being so good. 

fast x and the little mermaid flopped to this sub's horror, little did they know june would make them look impressive. 

spiderverse blew up and doubled its predecessor. 

flash bombed in catastrophic fashiom and did worse than anyone could ever have imagined, yet somehow still managed to be topped for worse flop of the year when indy did even worse for its expectations.

with indy flopping, the mission impossible vs indiana jones debate for the next top gun maverick seemed over, but then mission impossible also fell flat on its face. 

meanwhile while all of this is happening you had elemental which when it opened was looking like the biggest bomb of the year and a death knell to pixar, but instead it just kept going and going week after week and now it might actually breakeven.

none of this was helped by sound of freedom which came out of nowhere and was a clear win for conservatives. however, that too was short lived as it had only two weeks before being overshadowed by the ""wokest"" movie of the year.

speaking of you then had barbenheimer completely destroying everything in its path and doing better than anyone ever anticipated. a true never before seen phenomenon. mario looked 100% secure at #1 but barbie just came out of nowhere and pulled the rug from under mario. nothing new for universal. this happened in 2015 with jurassic world and force awakens. however this is a way closer and more entertaining race and mario looked way more secure for number one before being displaced than jurassic world did in 2015. it's not just about barbie either. guardians looked pretty secure for a top 3 spot by year's end but oppenheimer is coming very close to ending that.

just when everyone thought dc was already 6 feet under a small pulse seems to be felt, now that we potentially have blue beetle possibly being the least embarrassing dc performance of the year despite being abandoned by warner bros.

i'm sure november will bring plenty of surprises as well

tldr: 2023 has been the most entertaining box office year by far. so many twists and turns and when a consensus is reached on something, you know it's about to be wrong lol."
Is it me or are movies way longer than normal right now?,"In the passed 3 years or so there have been a ton of high profile block buster movies that have been pushing the run times to their limit. Ever since Endgame studios have really been letting loose with length of these things. Here's just a few examples I could think of:

-The Batman clocked in at 3 hours nearly on the dot
-the new Top Gun was 2 and a half hours
-theres the new Avatar obviously which topped it's predescers run time by an episode and a half of It's Always Sunny
-Across the Spiderverse set a record for the longest American Animated film ever made at 2 and a half hours. And this may be premature, but imma venture to say the next one is gonna be about that long too if not maybe longer.
-the new Guardians movie was 2 and a half hours
-Inidiana Jones and the dial of destiny was 2 and a half hours, easily longer than any previous Indie movie
-Black Panther Wakanda Forever was 2 hours and 43 minutes, which I think seats it right behind Endgame for the longest Marvel movie
-The new John Wick was creeping up on 3 hours
-part one of the new Dune saga was 2 and a half hours
-this is kind of a cheat since it was only released on streaming, but there's the 4 hour cut of Justice League. Ditto for RRR. 
-that Elvis movie was also sneaking up and 3 hours
-Marty Scorrcesse is coming out with a new movie that's gonna make the Irishman look lean. Not looking forward to seeing that fucker in theaters unless there's an intermission
-and the new Mission Impossible movie is gonna be 2 hours and 43 minutes, and that's only part one of a much greater story continued in the next movie

I'm not even saying this is a bad thing or these movies need to be shorter. In fact, with most of these movies I'd say their run times are incredibly justified, but it is noticeable, right?",mission_impossible,INDUSTRY_STRATEGY,,INDUSTRY_STRATEGY,"is it me or are movies way longer than normal right now?. in the passed 3 years or so there have been a ton of high profile block buster movies that have been pushing the run times to their limit. ever since endgame studios have really been letting loose with length of these things. here's just a few examples i could think of:

-the batman clocked in at 3 hours nearly on the dot
-the new top gun was 2 and a half hours
-theres the new avatar obviously which topped it's predescers run time by an episode and a half of it's always sunny
-across the spiderverse set a record for the longest american animated film ever made at 2 and a half hours. and this may be premature, but imma venture to say the next one is gonna be about that long too if not maybe longer.
-the new guardians movie was 2 and a half hours
-inidiana jones and the dial of destiny was 2 and a half hours, easily longer than any previous indie movie
-black panther wakanda forever was 2 hours and 43 minutes, which i think seats it right behind endgame for the longest marvel movie
-the new john wick was creeping up on 3 hours
-part one of the new dune saga was 2 and a half hours
-this is kind of a cheat since it was only released on streaming, but there's the 4 hour cut of justice league. ditto for rrr. 
-that elvis movie was also sneaking up and 3 hours
-marty scorrcesse is coming out with a new movie that's gonna make the irishman look lean. not looking forward to seeing that fucker in theaters unless there's an intermission
-and the new mission impossible movie is gonna be 2 hours and 43 minutes, and that's only part one of a much greater story continued in the next movie

i'm not even saying this is a bad thing or these movies need to be shorter. in fact, with most of these movies i'd say their run times are incredibly justified, but it is noticeable, right?"
Rescheduling Paramount's 2023 Slate,"Paramount had such an amazing lineup last year with the likes of Scream, Jackass Forever, The Lost City, Smile, Sonic the Hedgehog 2, and Top Gun: Maverick. The 2023 lineup could’ve been similar. However, the biggest problem with Paramount’s 2023 lineup is the release dates. Just like 2018, Paramount decided to choose some awful release dates for some of their films, so I decided to shift some release dates. Not all these films have released yet, so they could do well on their current release date. However, keep in mind that there is the SAG strike, which prevents actors from promoting their films. Now, if a Paramount executive foresaw what happened in 2023, I’m sure they’d make changes. Here’s the release dates I think would work better.

**80 for Brady** \- (Initial Release: February 3) **January 27**

This film was released on the Super Bowl weekend, which is appropriate because the film is about four old women going to the Super Bowl in person. However, the problem is that it only gave the film one (EDIT: two) weekend to capitalize on that. Moving the film up by a week earlier could've given the film two (EDIT: three) weeks to capitalize on the Super Bowl, and the film could've had a shot at $50M worldwide. While still not at the breakeven point, Paramount would be able to minimize losses.

EDIT: I don’t know why I thought the Super Bowl was the first Sunday of February.

**Dungeons &amp; Dragons: Honor Among Thieves** \- (Initial Release: March 31) **February 3**

Being squished between John Wick and Mario was a mistake. At this time, the only film people would bother to go to the movie theaters to see would be to watch Avatar: The Way of Water. Dungeons &amp; Dragons: Honor Among Thieves could've beaten Ant-Man and the Wasp: Quantumania to be the first blockbuster of 2023. It could've had a good two weeks with no competition instead of being squished by John Wick: Chapter 4 and The Super Mario Bros. Movie. An early February release date could've led to the film possibly grossing as much as $400M worldwide, being a moderate success for Paramount.

**Scream VI** \- **March 10**

Scream VI should keep its spot. Congrats for being a hit for Paramount.

**Transformers: Rise of the Beasts** \- (Initial Release: June 9) **April 21**

Now you may argue that it wouldn't make sense for Paramount to release a Transformers film in April, and that's a fair point. However, Transformers One is releasing in September (2024), which is worse. The Super Mario Bros. Movie went unopposed for the entire month of April. Transformers: Rise of the Beasts could've taken the April spot and have less competition. Instead of being squished by Spider-Man: Across the Spider-Verse and The Flash, Transformers: Rise of the Beasts would have dealt with the third weekend of The Super Mario Bros. Movie and Guardians of the Galaxy Volume 3 just two weeks away. Transformers: Rise of the Beasts could've had a shot at making as much as $600M worldwide.

**Killers of the Flower Moon** \- (Initial Release: October 6) **May 26**

The biggest reason I have for moving up Killers of the Flower Moon is so that it can be before the SAG strike. I wanted to have one Paramount film a month before the strike and that left me with a May release but still after its debut at Cannes. I don’t think Apple and Paramount expect the film to make a ton of money, but I think a wide release immediately after a Cannes debut would've helped, unlike the two Disney films that got hurt from Cannes.

**Mission: Impossible - Dead Reckoning Part One** \- (Initial Release: July 12) **June 21**

This would've required a Paramount executive to have some foresight and see that The Flash and Indiana Jones and the Dial of Destiny would be massive flops. Had they done that though, Mission: Impossible - Dead Reckoning Part One could've done better than how it's currently doing. The biggest reason why it's better to go against Indiana Jones and the Dial of Destiny instead of Oppenheimer, is the fact that Mission: Impossible could've easily shared the IMAX screens with Dial of Destiny compared to Oppenheimer, which markets viewing the film on IMAX as a necessity. Instead of eight days of IMAX screenings for Mission: Impossible, it could have almost a month's worth of IMAX screenings that it will have to share with Dial of Destiny.

**Teenage Mutant Ninja Turtles: Mutant Mayhem** \- (Initial Release: August 2) **July 5**

I know Ruby Gillman, Teenage Kraken released five days earlier, but no one cares about that movie. I'd move this film up, so that its promotion wouldn't be affected by the SAG strike. It would've worked better as the family film to watch, while the adults watch Sound of Freedom or Barbie or Oppenheimer. This would also give the film two and a half weekends to dominate the box office instead of one.

**PAW Patrol: The Mighty Movie** \- (Initial Release: September 29) **October 20**

Even though I pushed every Paramount film (except Scream VI) forward, PAW Patrol: The Mighty Movie is a film that should be pushed back. The SAG strike shouldn't affect the film as much because five years don't go on social media or watch red carpet events. Even though the September releases are targeted toward adults, October 20 would be better for the film because October has less films than September. I think Paramount should end the year on a profitable note instead of a money loser like Killers of the Flower Moon. November and December are too packed for a film like this to succeed. October 20 could also give PAW Patrol: The Mighty Movie a shot at topping the box office.

I'm not saying these dates are perfect, but Paramount's had a few missed opportunities here and there.",barbie,INDUSTRY_STRATEGY,,INDUSTRY_STRATEGY,"rescheduling paramount's 2023 slate. paramount had such an amazing lineup last year with the likes of scream, jackass forever, the lost city, smile, sonic the hedgehog 2, and top gun: maverick. the 2023 lineup could’ve been similar. however, the biggest problem with paramount’s 2023 lineup is the release dates. just like 2018, paramount decided to choose some awful release dates for some of their films, so i decided to shift some release dates. not all these films have released yet, so they could do well on their current release date. however, keep in mind that there is the sag strike, which prevents actors from promoting their films. now, if a paramount executive foresaw what happened in 2023, i’m sure they’d make changes. here’s the release dates i think would work better.

**80 for brady** \- (initial release: february 3) **january 27**

this film was released on the super bowl weekend, which is appropriate because the film is about four old women going to the super bowl in person. however, the problem is that it only gave the film one (edit: two) weekend to capitalize on that. moving the film up by a week earlier could've given the film two (edit: three) weeks to capitalize on the super bowl, and the film could've had a shot at $50m worldwide. while still not at the breakeven point, paramount would be able to minimize losses.

edit: i don’t know why i thought the super bowl was the first sunday of february.

**dungeons &amp; dragons: honor among thieves** \- (initial release: march 31) **february 3**

being squished between john wick and mario was a mistake. at this time, the only film people would bother to go to the movie theaters to see would be to watch avatar: the way of water. dungeons &amp; dragons: honor among thieves could've beaten ant-man and the wasp: quantumania to be the first blockbuster of 2023. it could've had a good two weeks with no competition instead of being squished by john wick: chapter 4 and the super mario bros. movie. an early february release date could've led to the film possibly grossing as much as $400m worldwide, being a moderate success for paramount.

**scream vi** \- **march 10**

scream vi should keep its spot. congrats for being a hit for paramount.

**transformers: rise of the beasts** \- (initial release: june 9) **april 21**

now you may argue that it wouldn't make sense for paramount to release a transformers film in april, and that's a fair point. however, transformers one is releasing in september (2024), which is worse. the super mario bros. movie went unopposed for the entire month of april. transformers: rise of the beasts could've taken the april spot and have less competition. instead of being squished by spider-man: across the spider-verse and the flash, transformers: rise of the beasts would have dealt with the third weekend of the super mario bros. movie and guardians of the galaxy volume 3 just two weeks away. transformers: rise of the beasts could've had a shot at making as much as $600m worldwide.

**killers of the flower moon** \- (initial release: october 6) **may 26**

the biggest reason i have for moving up killers of the flower moon is so that it can be before the sag strike. i wanted to have one paramount film a month before the strike and that left me with a may release but still after its debut at cannes. i don’t think apple and paramount expect the film to make a ton of money, but i think a wide release immediately after a cannes debut would've helped, unlike the two disney films that got hurt from cannes.

**mission: impossible - dead reckoning part one** \- (initial release: july 12) **june 21**

this would've required a paramount executive to have some foresight and see that the flash and indiana jones and the dial of destiny would be massive flops. had they done that though, mission: impossible - dead reckoning part one could've done better than how it's currently doing. the biggest reason why it's better to go against indiana jones and the dial of destiny instead of oppenheimer, is the fact that mission: impossible could've easily shared the imax screens with dial of destiny compared to oppenheimer, which markets viewing the film on imax as a necessity. instead of eight days of imax screenings for mission: impossible, it could have almost a month's worth of imax screenings that it will have to share with dial of destiny.

**teenage mutant ninja turtles: mutant mayhem** \- (initial release: august 2) **july 5**

i know ruby gillman, teenage kraken released five days earlier, but no one cares about that movie. i'd move this film up, so that its promotion wouldn't be affected by the sag strike. it would've worked better as the family film to watch, while the adults watch sound of freedom or barbie or oppenheimer. this would also give the film two and a half weekends to dominate the box office instead of one.

**paw patrol: the mighty movie** \- (initial release: september 29) **october 20**

even though i pushed every paramount film (except scream vi) forward, paw patrol: the mighty movie is a film that should be pushed back. the sag strike shouldn't affect the film as much because five years don't go on social media or watch red carpet events. even though the september releases are targeted toward adults, october 20 would be better for the film because october has less films than september. i think paramount should end the year on a profitable note instead of a money loser like killers of the flower moon. november and december are too packed for a film like this to succeed. october 20 could also give paw patrol: the mighty movie a shot at topping the box office.

i'm not saying these dates are perfect, but paramount's had a few missed opportunities here and there."
Were there any moments where studios learned the *right* lesson from a film’s success?,"This is coming off the news of how Mattel wants to make their own cinematic universe after the success of Barbie. Obviously the lesson we want all studios to take from this is to give acclaimed creatives the opportunity to bring artistic vision to big IPs, but that doesn’t seem to be happen. Everyone was pessimistic after the release knowing they would take the wrong lesson (and it’s looking like they did), but I wanna ask, were there any moments where studios took the right lesson?",barbie,INDUSTRY_STRATEGY,,INDUSTRY_STRATEGY,"were there any moments where studios learned the *right* lesson from a film’s success?. this is coming off the news of how mattel wants to make their own cinematic universe after the success of barbie. obviously the lesson we want all studios to take from this is to give acclaimed creatives the opportunity to bring artistic vision to big ips, but that doesn’t seem to be happen. everyone was pessimistic after the release knowing they would take the wrong lesson (and it’s looking like they did), but i wanna ask, were there any moments where studios took the right lesson?"
Where will MI: Dead Reckoning Part 2 move to?,"Since it's most likely not making its current date (June 28, 2024). Where will it move to? Can it stay in 2024? I think they try for something like December 20,2024 first and if it can't make that it's off to Summer 2025.",mission_impossible,INDUSTRY_STRATEGY,,INDUSTRY_STRATEGY,"where will mi: dead reckoning part 2 move to?. since it's most likely not making its current date (june 28, 2024). where will it move to? can it stay in 2024? i think they try for something like december 20,2024 first and if it can't make that it's off to summer 2025."
Barbie Trailer Different in theater vs online,"I’ve seen the Barbie trailer a couple of times in the theater and noticed the trailer is cut differently. There’s a part where one of the Barbies yells flat feet and makes a throw up noise, but they don’t show it in theaters. Anyone else notice this? Thought it was weird. I think it’s important to note that the Barbie that yells this is a transgender woman.",barbie,INDUSTRY_STRATEGY,,MARKETING_HYPE,"barbie trailer different in theater vs online. i’ve seen the barbie trailer a couple of times in the theater and noticed the trailer is cut differently. there’s a part where one of the barbies yells flat feet and makes a throw up noise, but they don’t show it in theaters. anyone else notice this? thought it was weird. i think it’s important to note that the barbie that yells this is a transgender woman."
"Let's Discuss Christopher Nolan's ""Oppenheimer"" - Are You Excited?","What are your thoughts on Christopher Nolan's upcoming movie ""Oppenheimer""? Personally, I am very excited because the main role is being played by Cillian Murphy, it is based on real-life events, and the fact that it will be shot on 70mm film has got me hyped up for reasons I can't quite explain. So, what are your thoughts on the film, and do you plan on watching it?",oppenheimer,INDUSTRY_STRATEGY,,MARKETING_HYPE,"let's discuss christopher nolan's ""oppenheimer"" - are you excited?. what are your thoughts on christopher nolan's upcoming movie ""oppenheimer""? personally, i am very excited because the main role is being played by cillian murphy, it is based on real-life events, and the fact that it will be shot on 70mm film has got me hyped up for reasons i can't quite explain. so, what are your thoughts on the film, and do you plan on watching it?"
Fandango showing times for a movie a day before it's supposed to be in theaters?,"I want to go see Oppenheimer in theaters when it comes out. I looked up the release date and Google said Friday, July 21st but in the Fandango app, it said there were screenings of the movie on Thursday, July 20th ( a day before it was supposed to release). Does anyone know why this is?",oppenheimer,INDUSTRY_STRATEGY,,INDUSTRY_STRATEGY,"fandango showing times for a movie a day before it's supposed to be in theaters?. i want to go see oppenheimer in theaters when it comes out. i looked up the release date and google said friday, july 21st but in the fandango app, it said there were screenings of the movie on thursday, july 20th ( a day before it was supposed to release). does anyone know why this is?"
Does Barbie 2 work without Greta Gerwig box office wise?,Greta Gerwig has stated she has zero plans to do a sequel but we know Zaslav and WB will move forward to reap more cash..I dont think Zazlav realizes that Barbie vision was Greta complete utter vision. If they move on with another director it's a huge risk and gamble and if it's a flop box office they will regret it. Does Barbie work without Gerwig?,barbie,INDUSTRY_STRATEGY,,INDUSTRY_STRATEGY,does barbie 2 work without greta gerwig box office wise?. greta gerwig has stated she has zero plans to do a sequel but we know zaslav and wb will move forward to reap more cash..i dont think zazlav realizes that barbie vision was greta complete utter vision. if they move on with another director it's a huge risk and gamble and if it's a flop box office they will regret it. does barbie work without gerwig?
Does the success of Barbie affect The Fall Guy?,"Even though not much information has been revealed about 2024’s The Fall Guy, will Ryan Gosling’s presence in Barbie benefit this production by establishing him as a “butts in seats” star?",barbie,INDUSTRY_STRATEGY,,INDUSTRY_STRATEGY,"does the success of barbie affect the fall guy?. even though not much information has been revealed about 2024’s the fall guy, will ryan gosling’s presence in barbie benefit this production by establishing him as a “butts in seats” star?"
Oppenheimer Metacritic Review Predictions,"With the review embargo for Oppenheimer dropping within a day, thought it would be a bit of fun (for those who care) to share Metascore predictions based on what we’ve heard so far.

I’m honestly thinking it could score as one of Nolan’s best (around 89-91). The 94 score of Dunkirk could be tough to beat though. But this might just have everything critics have been searching for in a historical movie since something like Schindlers list. But of course, early social reactions can’t always be trusted. 

What are your predictions?",oppenheimer,INDUSTRY_STRATEGY,,MARKETING_HYPE,"oppenheimer metacritic review predictions. with the review embargo for oppenheimer dropping within a day, thought it would be a bit of fun (for those who care) to share metascore predictions based on what we’ve heard so far.

i’m honestly thinking it could score as one of nolan’s best (around 89-91). the 94 score of dunkirk could be tough to beat though. but this might just have everything critics have been searching for in a historical movie since something like schindlers list. but of course, early social reactions can’t always be trusted. 

what are your predictions?"
New franchises taking over Hollywood?,"After MI:7, Indy 5 and Fast X all failed to break even, is it safe to say that people have moved on from old Hollywood franchises? Even Marvel doesn't make generate much appeal and the numbers(both theatrical and streaming) prove it

While new franchises like Mario &amp; Barbie are opening to record numbers at Box office.",barbie,INDUSTRY_STRATEGY,,,"new franchises taking over hollywood?. after mi:7, indy 5 and fast x all failed to break even, is it safe to say that people have moved on from old hollywood franchises? even marvel doesn't make generate much appeal and the numbers(both theatrical and streaming) prove it

while new franchises like mario &amp; barbie are opening to record numbers at box office."
How does the 2024 release schedule change due to the strike?,"__October 2023__

06.10. - Kraven the Hunter

06.10. - Killers of the Flower Moon

17.10. - Trolls Band Together 

17.10. - Next Goal Wins

22.10. - Napoleon 

__November__

03.11. - Dune: Part Two **RUMORED TO DELAY TO 2024**

10.11. - The Marvels 

17.11. - The Hunger Games: The Ballad of Songbirds and Snakes

17.11. - Trolls 3 

22.11. - Wish

__December__

08.12. - Magazine Dreams 

15.12. - Wonka 

20.12. - Ghostbusters: Afterlife 2 

20.12. - Aquaman and the Lost Kingdom **RUMORED TO DELAY TO 2024**

22.12. - Migration 

25.12. - The Color Purple **RUMORED TO DELAY TO 2024**

25.12. - Ferrari - stays

__January 2024__

__February 2024__

02.02. - Argylle - WRAPPED

~~09.02. - Untitled Dirty Dancing film~~ **DELAYED TO 2025**

09.02. - It Ends with Us  - filming on standby due to strike

16.02. - Madame Web - WRAPPED

__March 2024__

01.03. - The Fall Guy - WRAPPED

01.03. - Elio - animated film

08.03. - Kung Fu Panda 4 - animated film

08.03. - A Quiet Place: Day One - WRAPPED

15.03. - Godzilla x Kong: The New Empire - WRAPPED

22.03. - Snow White - WRAPPED

29.03. - Spider-Man: Beyond the Spider-Verse

29.03. - Mickey 17 - WRAPPED

__April 2024__

12.04. - The Lord of the Rings: The War of the Rohirrim - animated film

19.04. - Untitled Universal Monsters film - ?

26.04. - Challengers - September 2023 release moved to April 2024

__May 2024__

03.05. - Deadpool 3 - *filming on standby due to strike*

24.05. - If - WRAPPED

24.05. - Furiosa - WRAPPED

24.05. - Garfield - animated film

24.05. - Kingdom of the Planet of the Apes - WRAPPED

__June 2024__

07.06. - Untitled The Karate Kid film

07.06. - Ballerina - WRAPPED

14.06. - Inside Out 2 - animated film

28.06. - Mission: Impossible – Dead Reckoning Part Two - *filming on standby due to strike*

__July 2024__

03.07. - Despicable Me 4 - animated film

05.07. - Mufasa: The Lion King - animated film

19.07. - Twisters - *filming on standby due to strike*

26.07. - Captain America: Brave New World - WRAPPED

__August 2024__

09.08. - Borderlands - WRAPPED

16.08. - Untitled Alien film - WRAPPED

__September 2024__

06.09. - Beetlejuice 2 - *filming on standby due to strike*

13.09. - Transformers One - animated film

__October 2024__

04.10. - Joker: Folie à Deux - WRAPPED

__November 2024__

08.10. - The Amateur - *filming on standby due to strike*

22.10. - Gladiator 2 - *filming on standby due to strike*

27.10. - Wicked - *filming on standby due to strike*

__December 2024__

20.12. - Thunderbolts - *filming on standby due to strike*

20.12. - Sonic the Hedgehog 3 - *filming on standby due to strike*

25.12. - Untitled Jordan Peele film - ?",mission_impossible,INDUSTRY_STRATEGY,,,"how does the 2024 release schedule change due to the strike?. __october 2023__

06.10. - kraven the hunter

06.10. - killers of the flower moon

17.10. - trolls band together 

17.10. - next goal wins

22.10. - napoleon 

__november__

03.11. - dune: part two **rumored to delay to 2024**

10.11. - the marvels 

17.11. - the hunger games: the ballad of songbirds and snakes

17.11. - trolls 3 

22.11. - wish

__december__

08.12. - magazine dreams 

15.12. - wonka 

20.12. - ghostbusters: afterlife 2 

20.12. - aquaman and the lost kingdom **rumored to delay to 2024**

22.12. - migration 

25.12. - the color purple **rumored to delay to 2024**

25.12. - ferrari - stays

__january 2024__

__february 2024__

02.02. - argylle - wrapped

~~09.02. - untitled dirty dancing film~~ **delayed to 2025**

09.02. - it ends with us  - filming on standby due to strike

16.02. - madame web - wrapped

__march 2024__

01.03. - the fall guy - wrapped

01.03. - elio - animated film

08.03. - kung fu panda 4 - animated film

08.03. - a quiet place: day one - wrapped

15.03. - godzilla x kong: the new empire - wrapped

22.03. - snow white - wrapped

29.03. - spider-man: beyond the spider-verse

29.03. - mickey 17 - wrapped

__april 2024__

12.04. - the lord of the rings: the war of the rohirrim - animated film

19.04. - untitled universal monsters film - ?

26.04. - challengers - september 2023 release moved to april 2024

__may 2024__

03.05. - deadpool 3 - *filming on standby due to strike*

24.05. - if - wrapped

24.05. - furiosa - wrapped

24.05. - garfield - animated film

24.05. - kingdom of the planet of the apes - wrapped

__june 2024__

07.06. - untitled the karate kid film

07.06. - ballerina - wrapped

14.06. - inside out 2 - animated film

28.06. - mission: impossible – dead reckoning part two - *filming on standby due to strike*

__july 2024__

03.07. - despicable me 4 - animated film

05.07. - mufasa: the lion king - animated film

19.07. - twisters - *filming on standby due to strike*

26.07. - captain america: brave new world - wrapped

__august 2024__

09.08. - borderlands - wrapped

16.08. - untitled alien film - wrapped

__september 2024__

06.09. - beetlejuice 2 - *filming on standby due to strike*

13.09. - transformers one - animated film

__october 2024__

04.10. - joker: folie à deux - wrapped

__november 2024__

08.10. - the amateur - *filming on standby due to strike*

22.10. - gladiator 2 - *filming on standby due to strike*

27.10. - wicked - *filming on standby due to strike*

__december 2024__

20.12. - thunderbolts - *filming on standby due to strike*

20.12. - sonic the hedgehog 3 - *filming on standby due to strike*

25.12. - untitled jordan peele film - ?"
It really says a lot that Warner Bros. didn't include a trailer for Aquaman before Barbie or The Flash,"It comes out in a little over 4 months and there has been ZERO marketing for it. I thought for sure they would have included a trailer before Barbie, their hugest movie of the year by far that's been hyped for literal years at this point (Robbie was cast in 2019 and I remember the news being a big deal)...

..but no. Still nothing. They must have absolutely no faith in the film AT ALL. We've not gotten a teaser or even a real poster that isn't just the title. 

They overhyped The Flash as the greatest superhero movie ever and they're going in the exact opposite direction with Aquaman by pretending it just doesn't exist. 

It's absolutely insane to me considering the first one made over a billion dollars. This might end up being the steepest decline between installments ever. If Aquaman 2 performs as poorly as The Flash, that will be a nearly BILLION dollar decline between the first and second movie.",barbie,INDUSTRY_STRATEGY,,,"it really says a lot that warner bros. didn't include a trailer for aquaman before barbie or the flash. it comes out in a little over 4 months and there has been zero marketing for it. i thought for sure they would have included a trailer before barbie, their hugest movie of the year by far that's been hyped for literal years at this point (robbie was cast in 2019 and i remember the news being a big deal)...

..but no. still nothing. they must have absolutely no faith in the film at all. we've not gotten a teaser or even a real poster that isn't just the title. 

they overhyped the flash as the greatest superhero movie ever and they're going in the exact opposite direction with aquaman by pretending it just doesn't exist. 

it's absolutely insane to me considering the first one made over a billion dollars. this might end up being the steepest decline between installments ever. if aquaman 2 performs as poorly as the flash, that will be a nearly billion dollar decline between the first and second movie."
The coincidences of Fast X &amp; Mission Impossible : Dead Reckoning Part 1,"Have you noticed that both Fast X and Dead Reckoning have a big chase in Rome and resulted in having their premiere in Rome ? Not only are they also movies ending in cliffhangers but they also end with a submarine on screen. 

Ok if you want to dig deeper, the main villains are also connected to the past of their respective heroes. Strange how these things can happen. Well, at least Cruise didn't throw a fit and made McQuarrie leave the movie.",mission_impossible,INDUSTRY_STRATEGY,,,"the coincidences of fast x &amp; mission impossible : dead reckoning part 1. have you noticed that both fast x and dead reckoning have a big chase in rome and resulted in having their premiere in rome ? not only are they also movies ending in cliffhangers but they also end with a submarine on screen. 

ok if you want to dig deeper, the main villains are also connected to the past of their respective heroes. strange how these things can happen. well, at least cruise didn't throw a fit and made mcquarrie leave the movie."
Is Barbie now guaranteed the top spot for highest worldwide grossing movie of 2023 ?,"Is that game, set and match Barbie ?",barbie,INDUSTRY_STRATEGY,,,"is barbie now guaranteed the top spot for highest worldwide grossing movie of 2023 ?. is that game, set and match barbie ?"
Christopher Nolan &amp; Box Office Scheduling Question,"I just learned that part of Christopher Nolan's deal with Universal for the distribution of Oppenheimer is that Universal can't release any films three weeks before and three weeks after Oppenheimer.

Is this a standard accommodation for studios to make with a big name filmmaker? I get that Nolan doesn't want competition from his own distributor near the release of Oppenheimer. But on the other hand it seems odd that Nolan, a champion of the movie theatres the world over, would demand a six week blackout, preventing Universal from getting more movies in theatres.",oppenheimer,INDUSTRY_STRATEGY,,,"christopher nolan &amp; box office scheduling question. i just learned that part of christopher nolan's deal with universal for the distribution of oppenheimer is that universal can't release any films three weeks before and three weeks after oppenheimer.

is this a standard accommodation for studios to make with a big name filmmaker? i get that nolan doesn't want competition from his own distributor near the release of oppenheimer. but on the other hand it seems odd that nolan, a champion of the movie theatres the world over, would demand a six week blackout, preventing universal from getting more movies in theatres."
Will WB break even on theatrical releases this year?,"The Flash, Shazam and Magic Mike got clobbered at the BO and just set money on fire. However, Barbie is blowing the doors off and low-budget stuff like Evil Dead Rise turned a killer profit as well.

Will Barbie (and low budget hits like Evil Dead) be able to make up for the massive failures of The Flash, Magic Mike and Shazam?  


edit: I appreciate everyone's insight on this.",barbie,INDUSTRY_STRATEGY,,,"will wb break even on theatrical releases this year?. the flash, shazam and magic mike got clobbered at the bo and just set money on fire. however, barbie is blowing the doors off and low-budget stuff like evil dead rise turned a killer profit as well.

will barbie (and low budget hits like evil dead) be able to make up for the massive failures of the flash, magic mike and shazam?  


edit: i appreciate everyone's insight on this."
How much did the practical effects play into the hype for Oppenheimer?,"Nolan is known for his maximal use of practical effects, and Oppenheimer boasted absolutely zero CGI. How much do you think audiences care about or appreciate this? 

It feels to me that 10-20 years ago, what cinema could achieve with CGI was the highlight of a movie, or at least a huge selling point. But with overworked artists leading to subpar visual effects, people seem to roll their eyes when that’s what a film comes down to. So although there are several factors that went into its high anticipation, how much interest do you think Oppenheimer going 100% practical garnered in audiences?",oppenheimer,INDUSTRY_STRATEGY,,,"how much did the practical effects play into the hype for oppenheimer?. nolan is known for his maximal use of practical effects, and oppenheimer boasted absolutely zero cgi. how much do you think audiences care about or appreciate this? 

it feels to me that 10-20 years ago, what cinema could achieve with cgi was the highlight of a movie, or at least a huge selling point. but with overworked artists leading to subpar visual effects, people seem to roll their eyes when that’s what a film comes down to. so although there are several factors that went into its high anticipation, how much interest do you think oppenheimer going 100% practical garnered in audiences?"
Twitter have become the real world now??,"Now that Barbie is over performing massively at least domestically, it shouldn't be forgotten that all the hype for it were started at Twitter. All from leaked behind the scenes set pieces and viral tweets from popular movie related accounts like filmupdates and discussingfilms played a huge role. If you notice other than twitter, at the beginning at least there weren't any interest for it if looking at its trailer views at youtube which are average at best. 

So, with this we can conclude that Twitter is slowly becoming a more relevant site to promote movies or build a hype for it?? Cocaine Bear, M3GAN also being the recent examples whose hype started with twitter. imo twitter is more relevant now than yt to assess a movie's BO prospect.",barbie,INDUSTRY_STRATEGY,,,"twitter have become the real world now??. now that barbie is over performing massively at least domestically, it shouldn't be forgotten that all the hype for it were started at twitter. all from leaked behind the scenes set pieces and viral tweets from popular movie related accounts like filmupdates and discussingfilms played a huge role. if you notice other than twitter, at the beginning at least there weren't any interest for it if looking at its trailer views at youtube which are average at best. 

so, with this we can conclude that twitter is slowly becoming a more relevant site to promote movies or build a hype for it?? cocaine bear, m3gan also being the recent examples whose hype started with twitter. imo twitter is more relevant now than yt to assess a movie's bo prospect."
Barbie selling like crazy,In my country (Greece) Barbie comes out July 20th and Oppenheimer on August 24th . So Barbie is selling out like crazy BUT the theater chain I work decided to put on our biggest screens MI7 selling like 10-20% of the seats in each screen  while Barbie is already sold out on our medium sized screens . Why the hell didn’t they put Barbie on the large auditoriums ? Do they make some sort of an agreement with the movie studios and MI7 deal was better ?,barbie,INDUSTRY_STRATEGY,,,barbie selling like crazy. in my country (greece) barbie comes out july 20th and oppenheimer on august 24th . so barbie is selling out like crazy but the theater chain i work decided to put on our biggest screens mi7 selling like 10-20% of the seats in each screen  while barbie is already sold out on our medium sized screens . why the hell didn’t they put barbie on the large auditoriums ? do they make some sort of an agreement with the movie studios and mi7 deal was better ?
Am I the only person who sees ZERO hype or awareness of BARBIE in real life?,"Alright, I get that as a 33 year old married dude I am not the target audience of this movie but I work and interact with people from all walks of life, including my team at work who are all in their 20s and I feel like I'm taking crazy pills because I have not heard of a single person mention this movie to or around me.

In fact, I don't think I'd even know it existed if it wasn't for this specific sub and the trailer on youtube.

Yet I come in here and everyone's talking like this is the most hyped motion picture event of the century.

For reference, I saw all the terrible marketing for The Flash and I've seen lots of talk around Oppenheimer, Mission Impossible...etc. and heard people raving about how much they liked Mario and Spiderman.

Am I the only one getting this vibe? Surely I'm not the only one who isn't seeing ""every woman talking about Barbie, nonstop"" as some are implying on here.",barbie,INDUSTRY_STRATEGY,,,"am i the only person who sees zero hype or awareness of barbie in real life?. alright, i get that as a 33 year old married dude i am not the target audience of this movie but i work and interact with people from all walks of life, including my team at work who are all in their 20s and i feel like i'm taking crazy pills because i have not heard of a single person mention this movie to or around me.

in fact, i don't think i'd even know it existed if it wasn't for this specific sub and the trailer on youtube.

yet i come in here and everyone's talking like this is the most hyped motion picture event of the century.

for reference, i saw all the terrible marketing for the flash and i've seen lots of talk around oppenheimer, mission impossible...etc. and heard people raving about how much they liked mario and spiderman.

am i the only one getting this vibe? surely i'm not the only one who isn't seeing ""every woman talking about barbie, nonstop"" as some are implying on here."
Could the SAG-AFTRA strike affect new movies for mid-late 2023 releases ahead of premieres?,"With the Actors are now on strike along with the writers, there are many movies scheduled for mid to late 2023 release could be affected by the strike. Studios are making sure that they have marketing and new trailers and promiding the upcoming movies ahead of its premiere. However, the actors are currently on strike right now as well as the writers. It includes new 2023 movies scheduled for a theatrical release date that could be affected by the ongoing strike. Here’s what could affect the upcoming movies of 2023 ahead of its premiere that could cost them tons of money:

July: Haunted Mansion

August: TMNT: Mutant Mayhem, Meg 2: The Trench, Gran Turismo, The Last Voyage of the Demeter, Blue Beetle, Strays.

September: The Equalizer 3, The Nun 2, My Big Fat Greek Wedding 3, A Haunting in Venice, Expendables 4, Dumb Money, The Creator, Paw Patrol: The Mighty Movie.

October: Kraven The Hunter, Killers of the Flower Moon, The Exorcist: Believer, Saw X, Five Nights at Freddy’s.

November: Dune Part Two, The Marvels, The Hunger Games: The Ballad of Songbirds and Snakes, Trolls Band Together, Wish, Napoleon.

December: Wonka, Aquaman and the Lost Kingdom, Ghostbusters: Afterlife Sequel, Migration, The Color Purple.",tmnt,INDUSTRY_STRATEGY,,,"could the sag-aftra strike affect new movies for mid-late 2023 releases ahead of premieres?. with the actors are now on strike along with the writers, there are many movies scheduled for mid to late 2023 release could be affected by the strike. studios are making sure that they have marketing and new trailers and promiding the upcoming movies ahead of its premiere. however, the actors are currently on strike right now as well as the writers. it includes new 2023 movies scheduled for a theatrical release date that could be affected by the ongoing strike. here’s what could affect the upcoming movies of 2023 ahead of its premiere that could cost them tons of money:

july: haunted mansion

august: tmnt: mutant mayhem, meg 2: the trench, gran turismo, the last voyage of the demeter, blue beetle, strays.

september: the equalizer 3, the nun 2, my big fat greek wedding 3, a haunting in venice, expendables 4, dumb money, the creator, paw patrol: the mighty movie.

october: kraven the hunter, killers of the flower moon, the exorcist: believer, saw x, five nights at freddy’s.

november: dune part two, the marvels, the hunger games: the ballad of songbirds and snakes, trolls band together, wish, napoleon.

december: wonka, aquaman and the lost kingdom, ghostbusters: afterlife sequel, migration, the color purple."
Will the success of Barbie trickle down to The Marvels?,"A lot of people are writing off the Marvels because it is a female led superhero film. But that can precisely be the film's strength. Barbie has showed that female audiences are starved for big budget blockbusters, and are willing to show up in droves to support art that resonates with them. Is it out of the realm of possibility to suggest that a similar phenomenon can exist with The Marvels? 

The first Captain Marvel film made a billion dollars, which seems to be the road that Barbie is heading towards. Disney would be very smart to cash in on the Barbie hype by unleashing a full marketing campaign and selling the film based on its three female leads. The Marvels is also more racially diverse than the Barbie film, which can help it in that regard as well. 

I do think there is a path for The Marvels to have a similar breaking out to Barbie, if Disney plays their cards right and market it effectively.",barbie,INDUSTRY_STRATEGY,,,"will the success of barbie trickle down to the marvels?. a lot of people are writing off the marvels because it is a female led superhero film. but that can precisely be the film's strength. barbie has showed that female audiences are starved for big budget blockbusters, and are willing to show up in droves to support art that resonates with them. is it out of the realm of possibility to suggest that a similar phenomenon can exist with the marvels? 

the first captain marvel film made a billion dollars, which seems to be the road that barbie is heading towards. disney would be very smart to cash in on the barbie hype by unleashing a full marketing campaign and selling the film based on its three female leads. the marvels is also more racially diverse than the barbie film, which can help it in that regard as well. 

i do think there is a path for the marvels to have a similar breaking out to barbie, if disney plays their cards right and market it effectively."
"Do studios really ""not make comedies anymore""?","So Adam Devine's comments lately that ""comedies have been replaced by Marvel movies"" got me thinking; a lot of people seem to think that comedies *never* come out in theaters anymore. Some just are curious why and miss them...others blame ""wokeness"" and say people are too sensitive to make comedies anymore

But is it true? Do they not make comedies anymore? Because, not counting Marvel movies or animated movies, I can think of a lot of comedies made by major studios that came out in theaters in wide release this year:

80 For Brady

Renfield

Barbie

Cocaine Bear

Joy Ride

No Hard Feelings

The Machine

About My Father

House Party

Champions

Operation Fortune

Book Club The Next Chapter

The Blackening

&amp;#x200B;

And we also have Strays, Bottoms, and My Big Fat Greek Wedding 3 coming out

&amp;#x200B;

So that's 15 comedies coming out in wide release this year which isn't that bad

&amp;#x200B;

So why do so many people think studios ""don't make comedies anymore""?

&amp;#x200B;

I think the real problem is well...*audiences* don't watch comedies anymore. Of the movies I've listed the only hits are Barbie and, to a way lesser extent, Cocaine Bear and No Hard Feelings. These other movies barely broke even or outright flopped

&amp;#x200B;

So I think the real problem isn't that studios don't make comedies anymore; they make plenty of comedies. The real problem is, unless it's based on a huge property (Barbie) or has a gimmick that draws people in (Cocaine Bear), people don't pay money to see comedies in theaters

&amp;#x200B;

And, because of that, the comedies that are going to theaters come and go quickly that people forget they even exist. And, ergo, people think studios don't make theatrical comedies anymore because they forgot about the comedies that did actually get into theaters

&amp;#x200B;

But what do you think? Do you think people take the lack of comedies too, well, seriously or do you have any other thoughts on whether or not there is an actual dearth of comedies in theaters?",barbie,INDUSTRY_STRATEGY,,,"do studios really ""not make comedies anymore""?. so adam devine's comments lately that ""comedies have been replaced by marvel movies"" got me thinking; a lot of people seem to think that comedies *never* come out in theaters anymore. some just are curious why and miss them...others blame ""wokeness"" and say people are too sensitive to make comedies anymore

but is it true? do they not make comedies anymore? because, not counting marvel movies or animated movies, i can think of a lot of comedies made by major studios that came out in theaters in wide release this year:

80 for brady

renfield

barbie

cocaine bear

joy ride

no hard feelings

the machine

about my father

house party

champions

operation fortune

book club the next chapter

the blackening

&amp;#x200b;

and we also have strays, bottoms, and my big fat greek wedding 3 coming out

&amp;#x200b;

so that's 15 comedies coming out in wide release this year which isn't that bad

&amp;#x200b;

so why do so many people think studios ""don't make comedies anymore""?

&amp;#x200b;

i think the real problem is well...*audiences* don't watch comedies anymore. of the movies i've listed the only hits are barbie and, to a way lesser extent, cocaine bear and no hard feelings. these other movies barely broke even or outright flopped

&amp;#x200b;

so i think the real problem isn't that studios don't make comedies anymore; they make plenty of comedies. the real problem is, unless it's based on a huge property (barbie) or has a gimmick that draws people in (cocaine bear), people don't pay money to see comedies in theaters

&amp;#x200b;

and, because of that, the comedies that are going to theaters come and go quickly that people forget they even exist. and, ergo, people think studios don't make theatrical comedies anymore because they forgot about the comedies that did actually get into theaters

&amp;#x200b;

but what do you think? do you think people take the lack of comedies too, well, seriously or do you have any other thoughts on whether or not there is an actual dearth of comedies in theaters?"
Is This the Best Big Name/Franchise Week in Theater History,"Right now, you can walk into your local theater and see a Christopher Nolan movie, a Wes Anderson movie, a Greta Gerwig movie, an Indiana Jones movie, a Mission Impossible franchise movie, a Transformers franchise movie, a Spiderman movie, a Pixar movie, a Disney Princess movie, a DC superhero movie, and an Insidious movie. Whether the movies are actually good or not, is this the most stacked week in theater history based on the fame of the directors and franchises currently out. I just can't think of another week or month in my life where so many huge franchises and directors had movies in theaters all at once.",barbie,INDUSTRY_STRATEGY,,,"is this the best big name/franchise week in theater history. right now, you can walk into your local theater and see a christopher nolan movie, a wes anderson movie, a greta gerwig movie, an indiana jones movie, a mission impossible franchise movie, a transformers franchise movie, a spiderman movie, a pixar movie, a disney princess movie, a dc superhero movie, and an insidious movie. whether the movies are actually good or not, is this the most stacked week in theater history based on the fame of the directors and franchises currently out. i just can't think of another week or month in my life where so many huge franchises and directors had movies in theaters all at once."
Barbie review-bombing,"I feared that this would happen and it has . Across sites such as IMDB, Metascore and google reviews… Rotten Tomatoes seems to be holding steady at 90%.

How much will this affect the legs of this movie beyond the opening weekend or is it such a cultural phenomenon that it’s too big to fail now ?",barbie,INDUSTRY_STRATEGY,,,"barbie review-bombing. i feared that this would happen and it has . across sites such as imdb, metascore and google reviews… rotten tomatoes seems to be holding steady at 90%.

how much will this affect the legs of this movie beyond the opening weekend or is it such a cultural phenomenon that it’s too big to fail now ?"
Oppenheimer: Review &amp; Ratings,"So I was wondering why there are so little reviews released on Oppenheimer. Nothing yet on Metacritic nor Rottentomatoes. I know the film isn't out yet, but there are numerous films in the past which had their reviews and ratings released earlier. Even Barbie already got 50 certified reviews on Metacritic. Anyone know when we can expect the first ratings of Oppenheimer. I am looking forward it!",barbie,INDUSTRY_STRATEGY,,,"oppenheimer: review &amp; ratings. so i was wondering why there are so little reviews released on oppenheimer. nothing yet on metacritic nor rottentomatoes. i know the film isn't out yet, but there are numerous films in the past which had their reviews and ratings released earlier. even barbie already got 50 certified reviews on metacritic. anyone know when we can expect the first ratings of oppenheimer. i am looking forward it!"
Oppenheimer 2023,Whats all the hype about with this movie? Ive seen trailers and yes it does look good and the actors are amazing but i just don’t understand the super cult following it has seemed to get. Is the hype more of like a joke thing that is just going over my head ? It just seems like one of the movies of all time to me,oppenheimer,INDUSTRY_STRATEGY,,,oppenheimer 2023. whats all the hype about with this movie? ive seen trailers and yes it does look good and the actors are amazing but i just don’t understand the super cult following it has seemed to get. is the hype more of like a joke thing that is just going over my head ? it just seems like one of the movies of all time to me
Neck and Neck !,"Barbie on the Left , Mario on the right April 7th is a Friday. I'm absolutely loving this!",barbie,INDUSTRY_STRATEGY,,,"neck and neck !. barbie on the left , mario on the right april 7th is a friday. i'm absolutely loving this!"
Is Barbenheimer a sign comic book films are finally dying out?,"The two most anticipated films of the year are about a biopic about a World War II scientist, and Barbie of all things. The fact that these two movies are gaining more hype than Flash ever did shows me something is finally wrong that is hurting comic book films.",barbie,INDUSTRY_STRATEGY,,,"is barbenheimer a sign comic book films are finally dying out?. the two most anticipated films of the year are about a biopic about a world war ii scientist, and barbie of all things. the fact that these two movies are gaining more hype than flash ever did shows me something is finally wrong that is hurting comic book films."
How do they determine box office revenue for AYCE film members,"I just got my AMC ""a-list"" membership, allowing me to see 3 movies/week  
but, I was thinking about it - I paid my $25 no matter what - so how do they determine how much money that Mission Impossible earned over the opening weekend since I saw it? If I just bought the ticket for that one movie, they can just add up the proceeds but how do they count it if me, along with many in the theater presumably, are AMC members who didn't specifically pay for this movie?  
(i hope this is the right subreddit for this question)",mission_impossible,INDUSTRY_STRATEGY,,,"how do they determine box office revenue for ayce film members. i just got my amc ""a-list"" membership, allowing me to see 3 movies/week  
but, i was thinking about it - i paid my $25 no matter what - so how do they determine how much money that mission impossible earned over the opening weekend since i saw it? if i just bought the ticket for that one movie, they can just add up the proceeds but how do they count it if me, along with many in the theater presumably, are amc members who didn't specifically pay for this movie?  
(i hope this is the right subreddit for this question)"
"Greta Gerwig, Margot Robbie and Ryan Gosling have no sequel deals for Barbie 2",There are no sequel deals in place for anyone..Margot and Ryan got paid around 12 to 13 million and Greta most likely only paid 1 million. Patty Jenkins only got 1 million for the first wonder woman and negotiated to 9 million the most for a female director for the 2nd movie. Greta has unbelievable bargaining power and there's word that Margot won't do a sequel without Greta. Could Greta get a record payout of 9 million plus for Barbie 2? To get a big box office Warner Bros is going to have to pay up.,barbie,INDUSTRY_STRATEGY,,,"greta gerwig, margot robbie and ryan gosling have no sequel deals for barbie 2. there are no sequel deals in place for anyone..margot and ryan got paid around 12 to 13 million and greta most likely only paid 1 million. patty jenkins only got 1 million for the first wonder woman and negotiated to 9 million the most for a female director for the 2nd movie. greta has unbelievable bargaining power and there's word that margot won't do a sequel without greta. could greta get a record payout of 9 million plus for barbie 2? to get a big box office warner bros is going to have to pay up."
The Transformers franchise needs the TMNT Mutant Mayhem treatment.,"After watching TMNT Mutant Mayhem it very much seems that notable franchises are taking more riskful decisions in art direction, especially the animation department. Mutant Mayhem, even though indulging in its modern references, was a really fun film. After watching it, I feel like other franchise's should take the plunge from live action, to animation, especially Transformers; it's had it ""Michael Bay Era"" and after the abysmal performance the latest film had at the box office I needs to make the jump to keep the franchise going in the movie world.

What other franchise's do you guys think would thrive more in the world of animation?",tmnt,INDUSTRY_STRATEGY,,,"the transformers franchise needs the tmnt mutant mayhem treatment.. after watching tmnt mutant mayhem it very much seems that notable franchises are taking more riskful decisions in art direction, especially the animation department. mutant mayhem, even though indulging in its modern references, was a really fun film. after watching it, i feel like other franchise's should take the plunge from live action, to animation, especially transformers; it's had it ""michael bay era"" and after the abysmal performance the latest film had at the box office i needs to make the jump to keep the franchise going in the movie world.

what other franchise's do you guys think would thrive more in the world of animation?"
Universal Logo before WB logo in theatre,"Today (20/07/2023) was the release of Oppenheimer and Barbie in Australia. I enjoyed both of those movies but I have a question that I can never find on the internet.   


Why does the Universal logo play before the WB logo?  


I first noticed this when I went to watch 'The Flash' a month ago where the Universal Pictures logo played before the film, followed by the WB/DC logo. I was confused at first but after asking my friends, they convinced me that the movie theatre made an error (HOYTS cinemas for those who want to know). However, today I watched Oppenheimer first and knew that it was a film distributed by Universal. Then I watched Barbie where the same thing happened: The Universal Pictures logo played before showing the WB logo. (Again, I thought Barbie was only a WB distributed film) I'm now fully convinced this was no mistake on the theatre's part because I went to the same chain (Hoyts) but I went to different places in the chain. I would like some clarification on what is going on, did I miss the news that WB is owned by Universal?",barbie,INDUSTRY_STRATEGY,,,"universal logo before wb logo in theatre. today (20/07/2023) was the release of oppenheimer and barbie in australia. i enjoyed both of those movies but i have a question that i can never find on the internet.   


why does the universal logo play before the wb logo?  


i first noticed this when i went to watch 'the flash' a month ago where the universal pictures logo played before the film, followed by the wb/dc logo. i was confused at first but after asking my friends, they convinced me that the movie theatre made an error (hoyts cinemas for those who want to know). however, today i watched oppenheimer first and knew that it was a film distributed by universal. then i watched barbie where the same thing happened: the universal pictures logo played before showing the wb logo. (again, i thought barbie was only a wb distributed film) i'm now fully convinced this was no mistake on the theatre's part because i went to the same chain (hoyts) but i went to different places in the chain. i would like some clarification on what is going on, did i miss the news that wb is owned by universal?"
Why are people so surprised that shooting an action adventure movie on location across several countries in the middle of a global pandemic is very expensive?,"Like I’m genuinely curious. Indy 4 budget adjusts to 250m, Indy 5 budget being 300-330m makes sense considering COVID and shooting on location unlike Indy 4. It tracks with the last entry.

Fallout budget adjusts to 220m, Dead Reckoning being a bit higher 290m is reasonable considering production was halted by COVID. Paramount failed the movie by not giving it a good release date and lazily marketing it.

Did people think COVID would bring the budgets down or something?",mission_impossible,INDUSTRY_STRATEGY,,,"why are people so surprised that shooting an action adventure movie on location across several countries in the middle of a global pandemic is very expensive?. like i’m genuinely curious. indy 4 budget adjusts to 250m, indy 5 budget being 300-330m makes sense considering covid and shooting on location unlike indy 4. it tracks with the last entry.

fallout budget adjusts to 220m, dead reckoning being a bit higher 290m is reasonable considering production was halted by covid. paramount failed the movie by not giving it a good release date and lazily marketing it.

did people think covid would bring the budgets down or something?"
Will Sony ever make Morbius 2?,"This is not a joke post, this is an attempt at an analysis.

&amp;#x200B;

Morbius

Morbius was hated by fans and became the largest meme of 2022 just because of how bad it was. ""Its morbin time"" was extremely common. The marketing was horrible and casuals had no clue if it was a new MCU film or if spiderman had anything to do with it.  


Box Office

Morbius though hated, had a great opening weekend of almost 40 million domestically, but it then cratered dropping a record  -73.8% percent, after finishing its run Morbius was such a big meme that Sony did a disastrous re-relase. 

75\*2.5= 187.5 break even point.

&amp;#x200B;

The movie made  **$167,460,961.** 

Only 20 million below its break-even point. After VOD sales and the Netflix contract it is very likely the movie actually turned a profit.

&amp;#x200B;

Conclusion

Sony is a studio that greenlit a movie about an insanely unknown character that appeared rarely in spiderman. It is very possible they might greenlight a sequel hoping that everyone laughs at it and its a meme and people go and see it like Gentleminions and Barbenheimer. 

Sony is desperate for money and they might in that pursuit greenlight Morbius 2. I would guess they would probably name it ""Morbius: It's Morbin Time""

&amp;#x200B;

TLDR: Sony probably made profit from Morbius and is dumb enough to greenlight a sequel.

&amp;#x200B;

What are your thoughts...

&amp;#x200B;",barbie,INDUSTRY_STRATEGY,,,"will sony ever make morbius 2?. this is not a joke post, this is an attempt at an analysis.

&amp;#x200b;

morbius

morbius was hated by fans and became the largest meme of 2022 just because of how bad it was. ""its morbin time"" was extremely common. the marketing was horrible and casuals had no clue if it was a new mcu film or if spiderman had anything to do with it.  


box office

morbius though hated, had a great opening weekend of almost 40 million domestically, but it then cratered dropping a record  -73.8% percent, after finishing its run morbius was such a big meme that sony did a disastrous re-relase. 

75\*2.5= 187.5 break even point.

&amp;#x200b;

the movie made  **$167,460,961.** 

only 20 million below its break-even point. after vod sales and the netflix contract it is very likely the movie actually turned a profit.

&amp;#x200b;

conclusion

sony is a studio that greenlit a movie about an insanely unknown character that appeared rarely in spiderman. it is very possible they might greenlight a sequel hoping that everyone laughs at it and its a meme and people go and see it like gentleminions and barbenheimer. 

sony is desperate for money and they might in that pursuit greenlight morbius 2. i would guess they would probably name it ""morbius: it's morbin time""

&amp;#x200b;

tldr: sony probably made profit from morbius and is dumb enough to greenlight a sequel.

&amp;#x200b;

what are your thoughts...

&amp;#x200b;"
Anyone else noticing a pattern of “Movie X from famous studio has terrible opening weekend” and never having heard of the movie in the first place?,"This is just my own experience, but it seems like the only time I hear about movies coming out any more is through word of mouth or a community talking about it on social media. I wouldn’t know the Barbie movie or the Oppenheimer movies were coming out this month if it weren’t for memes on Twitter and TikTok. Are advertising firms just not catching up with the times? Where are all of these movies coming from?",barbie,INDUSTRY_STRATEGY,,,"anyone else noticing a pattern of “movie x from famous studio has terrible opening weekend” and never having heard of the movie in the first place?. this is just my own experience, but it seems like the only time i hear about movies coming out any more is through word of mouth or a community talking about it on social media. i wouldn’t know the barbie movie or the oppenheimer movies were coming out this month if it weren’t for memes on twitter and tiktok. are advertising firms just not catching up with the times? where are all of these movies coming from?"
What’s the next big star-filled ensemble movie now that Barbie &amp; Oppenheimer are out?,"Seemed like a year or two ago there was constantly one of these types projects in development: Bullet Train, Don’t Look Up, Barbie, Oppenheimer, etc. Is there anymore yet to be released? Seems like none have started up recently (pre strike obviously)",barbie,INDUSTRY_STRATEGY,,,"what’s the next big star-filled ensemble movie now that barbie &amp; oppenheimer are out?. seemed like a year or two ago there was constantly one of these types projects in development: bullet train, don’t look up, barbie, oppenheimer, etc. is there anymore yet to be released? seems like none have started up recently (pre strike obviously)"
The Marvels won’t be shown in IMAX due to Dune Part Two would be shown in IMAX for multiple weeks.,"With Dune Part Two scheduled to hit in theaters on November 3, 2023 and The Marvels hitting in theaters on November 10, 2023, it was reported that IMAX will screen Dune Part Two in IMAX for multiple weeks after Oppenheimer was released in theaters on July 21, 2023 which also screens in IMAX for nearly a month till Mid-August 2023. It was reported that The Marvels would not be shown in IMAX due to IMAX making a deal with WB to screen it in IMAX for multiple weeks till Mid-December 2023. This would be the first time that The Marvels wouldn’t be shown in IMAX since Captain America: The First Avenger which was released on July 22, 2011, one week after Harry Potter and the Deathly Hallows Part 2 which had premium screenings Including IMAX. Although Captain The First Avenger had premium screenings including 3D which also became a box office hit.

Due to the ongoing SAG-AFTRA strike and the WGA Strike, it was reported that WB was considering delaying Dune Part Two into 2024. After Sony delayed Kraven The Hunter and Ghostbusters Afterlife Sequel into 2024 along with more Sony movies due to the strikes, studios could also join suit by delaying tons of big movies into 2024 because actors and writers can’t afford getting paid by the studios as the studios were focused on Artificial Intelligence. If the strike continues into the fall 2023 or even 2024, Disney would be considering delaying The Marvels, Next Goal Wins, Wish and along those 2023 movies into 2024. 

What do you think about The Marvels not allow to screen it in IMAX similar to Captain America: The First Avenger in 2011? Should The Marvels get pushed back in order to get premium screenings including IMAX or should get pushed back to 2014? Or Dune Part Two and The Marvels could be affected by the actors and the writers strikes which could see both movies get delayed to 2024?",oppenheimer,INDUSTRY_STRATEGY,,,"the marvels won’t be shown in imax due to dune part two would be shown in imax for multiple weeks.. with dune part two scheduled to hit in theaters on november 3, 2023 and the marvels hitting in theaters on november 10, 2023, it was reported that imax will screen dune part two in imax for multiple weeks after oppenheimer was released in theaters on july 21, 2023 which also screens in imax for nearly a month till mid-august 2023. it was reported that the marvels would not be shown in imax due to imax making a deal with wb to screen it in imax for multiple weeks till mid-december 2023. this would be the first time that the marvels wouldn’t be shown in imax since captain america: the first avenger which was released on july 22, 2011, one week after harry potter and the deathly hallows part 2 which had premium screenings including imax. although captain the first avenger had premium screenings including 3d which also became a box office hit.

due to the ongoing sag-aftra strike and the wga strike, it was reported that wb was considering delaying dune part two into 2024. after sony delayed kraven the hunter and ghostbusters afterlife sequel into 2024 along with more sony movies due to the strikes, studios could also join suit by delaying tons of big movies into 2024 because actors and writers can’t afford getting paid by the studios as the studios were focused on artificial intelligence. if the strike continues into the fall 2023 or even 2024, disney would be considering delaying the marvels, next goal wins, wish and along those 2023 movies into 2024. 

what do you think about the marvels not allow to screen it in imax similar to captain america: the first avenger in 2011? should the marvels get pushed back in order to get premium screenings including imax or should get pushed back to 2014? or dune part two and the marvels could be affected by the actors and the writers strikes which could see both movies get delayed to 2024?"
2023 could be a game changer for Hollywood,"2023 has had a lot of Bumps in the road it’s also had a lot of hills as well, but I think we are gonna see a new age in hollywood(and if we don’t Hollywood is just stupid.) We are reaching a point where the top 2 movies right now and the only 2, billion dollar movies this year are non franchise, non sequel movies, “original” property(yes technically both Mario and Barbie are brands but they’ve never been movie franchises.) On top of that it’s possible that by the end of the year IF OPPENHEIMER passes GUARDIANS. That the top 3 will be “original” or non-franchise content. 

So I think we will see in the near future that Hollywood will green light more original movies. Now this doesn’t mean they’re completely unknown properties, we could see more Video Game movie adaptations or toy based movies, pretty much movies that would already be an established brand but not a franchise. Hollywood doesn’t have to reinvent the wheel they just have to make good non-sequels.

This doesn’t mean that franchises will go away, sequels will always be around. I just think Hollywood will begin to realize that they don’t NEED big splashy sequels, they can make really big event films that aren’t sequels. 

I would also consider trying to bring book adaptations back, there are millions of books that all or mostly have established fan bases. Such as City of Ember(which I don’t believe has gotten a adaptation) or Caraval among others. But they have to be faithful to the source material like how Harry Potter, Twilight, or Hunger Games which worked because they were close to the original books.

So yeah I think 2023 could be a big stepping stone for the future of Hollywood",barbie,INDUSTRY_STRATEGY,,,"2023 could be a game changer for hollywood. 2023 has had a lot of bumps in the road it’s also had a lot of hills as well, but i think we are gonna see a new age in hollywood(and if we don’t hollywood is just stupid.) we are reaching a point where the top 2 movies right now and the only 2, billion dollar movies this year are non franchise, non sequel movies, “original” property(yes technically both mario and barbie are brands but they’ve never been movie franchises.) on top of that it’s possible that by the end of the year if oppenheimer passes guardians. that the top 3 will be “original” or non-franchise content. 

so i think we will see in the near future that hollywood will green light more original movies. now this doesn’t mean they’re completely unknown properties, we could see more video game movie adaptations or toy based movies, pretty much movies that would already be an established brand but not a franchise. hollywood doesn’t have to reinvent the wheel they just have to make good non-sequels.

this doesn’t mean that franchises will go away, sequels will always be around. i just think hollywood will begin to realize that they don’t need big splashy sequels, they can make really big event films that aren’t sequels. 

i would also consider trying to bring book adaptations back, there are millions of books that all or mostly have established fan bases. such as city of ember(which i don’t believe has gotten a adaptation) or caraval among others. but they have to be faithful to the source material like how harry potter, twilight, or hunger games which worked because they were close to the original books.

so yeah i think 2023 could be a big stepping stone for the future of hollywood"
Has a film ever had more promotion than Greta Gerwig's Barbie?,"Look I am a hardcore Barbie collector and hardcore film lover. I have collected Barbies since the 90s but I have never in my life seen so much Barbie stuff everywhere. Nor have I seen a film get so much promotional stuff. It's really surreal, it's like this film has taken over the world. I know it's not that surprising considering it's an existing mainstream IP that's been around for more than half a century. But I was in the mall recently and I saw Barbie themed clothing in multiple stores, I saw people walking around with Barbie Bubble Tea, I even got an ad today for a Barbie muffin!

it's gotten me curious, has there been films like this in the past that had promotional stuff take over like this!

Edit: 

I understand it's the ""law of attraction"" with me seeing all the Barbie stuff. I knew there'd likely be more films with bigger promotion that I missed out on/didn't notice. But this was just my conversation starter to hear about them. Loving the responses :)",barbie,INDUSTRY_STRATEGY,,,"has a film ever had more promotion than greta gerwig's barbie?. look i am a hardcore barbie collector and hardcore film lover. i have collected barbies since the 90s but i have never in my life seen so much barbie stuff everywhere. nor have i seen a film get so much promotional stuff. it's really surreal, it's like this film has taken over the world. i know it's not that surprising considering it's an existing mainstream ip that's been around for more than half a century. but i was in the mall recently and i saw barbie themed clothing in multiple stores, i saw people walking around with barbie bubble tea, i even got an ad today for a barbie muffin!

it's gotten me curious, has there been films like this in the past that had promotional stuff take over like this!

edit: 

i understand it's the ""law of attraction"" with me seeing all the barbie stuff. i knew there'd likely be more films with bigger promotion that i missed out on/didn't notice. but this was just my conversation starter to hear about them. loving the responses :)"
Do you think TV shows will be more culturally influential than movies in 30 years?,"Streaming is growing at a rapid pace. I don't think theatres will ever die like boosts/printed media never died because of visual media but cultural relevance is drastically less. Once MCU, Avatar is over we don't see any other movie that would be seen as an event. Now streaming profit on per hour views and that's why they insist on turning every movie idea to a TV show. Today most memes and culture revolve around movies. You open internet you see MCU, American Psycho, Ryan gosling movies, Avatar memes. We see news we see things about Oppenheimer. TV is culturally relevant mainly thanks to game of thrones but not as much as movies. However do you think it's gonna get reversed with extreme rise of Netflix/other streaming while cinema hasn't been as big since 2019. Will we get a TV show with influence as big as avengers endgame? Are movies gonna decline comparatively?",barbie,INDUSTRY_STRATEGY,,,"do you think tv shows will be more culturally influential than movies in 30 years?. streaming is growing at a rapid pace. i don't think theatres will ever die like boosts/printed media never died because of visual media but cultural relevance is drastically less. once mcu, avatar is over we don't see any other movie that would be seen as an event. now streaming profit on per hour views and that's why they insist on turning every movie idea to a tv show. today most memes and culture revolve around movies. you open internet you see mcu, american psycho, ryan gosling movies, avatar memes. we see news we see things about oppenheimer. tv is culturally relevant mainly thanks to game of thrones but not as much as movies. however do you think it's gonna get reversed with extreme rise of netflix/other streaming while cinema hasn't been as big since 2019. will we get a tv show with influence as big as avengers endgame? are movies gonna decline comparatively?"
Why did “Asteroid City” get so little press coverage?,"When I first seen the trailer for this movie I was instantly excited but then totally forgot about it all together. Big reason was I actually forgot all about it. I definitely feel like it wasn’t promoted well. I might have only seen one or two ads for it outside of the original trailer. It’s a Wes Anderson film with a studded cast, yet I can’t help but feel like this movie was a flop. I suppose this summer was always going to be about Barbie and Oppenheimer.  So far looking at reviews, critics are pretty divided about the movie but fans pretty much hate it.  It’s sporting a 2 out of 5 on google right now, where Barbie has a 3 and Oppenheimer a 3.7. I personally loved the photography and design but the writing left a little to be desired.",barbie,INDUSTRY_STRATEGY,,,"why did “asteroid city” get so little press coverage?. when i first seen the trailer for this movie i was instantly excited but then totally forgot about it all together. big reason was i actually forgot all about it. i definitely feel like it wasn’t promoted well. i might have only seen one or two ads for it outside of the original trailer. it’s a wes anderson film with a studded cast, yet i can’t help but feel like this movie was a flop. i suppose this summer was always going to be about barbie and oppenheimer.  so far looking at reviews, critics are pretty divided about the movie but fans pretty much hate it.  it’s sporting a 2 out of 5 on google right now, where barbie has a 3 and oppenheimer a 3.7. i personally loved the photography and design but the writing left a little to be desired."
Is there any precedent for a film as successful overseas as Oppenheimer not getting a release in a major market due to the distributors choice (rather than legal obstacles)?,People have been suggesting that a Japanese release for Oppenheimer might not happen.  Is there any precedent for a film that is so popular in many major markets like Oppenheimer not getting a release in a major market *that didn't involve a government legally preventing a film from getting a normal release*?,oppenheimer,INDUSTRY_STRATEGY,,,is there any precedent for a film as successful overseas as oppenheimer not getting a release in a major market due to the distributors choice (rather than legal obstacles)?. people have been suggesting that a japanese release for oppenheimer might not happen.  is there any precedent for a film that is so popular in many major markets like oppenheimer not getting a release in a major market *that didn't involve a government legally preventing a film from getting a normal release*?
